source,channel,channel_id,subscribers,position,in_window,video_id,url,title,views,views_text,publish_date,format_ko,makeable,format_note,hit_100k
channel_shorts_tab,알룔료,UC35F9WnUgEoY_Pd2jOy5Ktg,352000,1,"n(최신 3편, 미성숙)",a7Bizxx-hyw,https://www.youtube.com/shorts/a7Bizxx-hyw,운전자라면 간절히 원할 수밖에 없는 기능,4750000,475만,,2D 운전 애니,○,"단순 2D 차·운전자 그림, 도로 참교육/운전 요령",y
channel_shorts_tab,알룔료,UC35F9WnUgEoY_Pd2jOy5Ktg,352000,2,"n(최신 3편, 미성숙)",tvQ6EQsU-vY,https://www.youtube.com/shorts/tvQ6EQsU-vY,1차로 정속충 낭만으로 참교육,1530000,153만,,2D 운전 애니,○,"단순 2D 차·운전자 그림, 도로 참교육/운전 요령",y
channel_shorts_tab,알룔료,UC35F9WnUgEoY_Pd2jOy5Ktg,352000,3,"n(최신 3편, 미성숙)",XVVpRhYbcjM,https://www.youtube.com/shorts/XVVpRhYbcjM,대형 트럭에게 까불면 안되는 이유,25940000,2594만,,2D 운전 애니,○,"단순 2D 차·운전자 그림, 도로 참교육/운전 요령",y
channel_shorts_tab,알룔료,UC35F9WnUgEoY_Pd2jOy5Ktg,352000,4,y,4KIneaJE0M0,https://www.youtube.com/shorts/4KIneaJE0M0,동차선추월? 넌 상대를 잘못건드렸어,6570000,657만,2026-08-01,2D 운전 애니,○,"단순 2D 차·운전자 그림, 도로 참교육/운전 요령",y
channel_shorts_tab,알룔료,UC35F9WnUgEoY_Pd2jOy5Ktg,352000,5,y,7cht-bMyvPE,https://www.youtube.com/shorts/7cht-bMyvPE,성질 급한 운전자의 셀프 참교육,3500000,350만,,2D 운전 애니,○,"단순 2D 차·운전자 그림, 도로 참교육/운전 요령",y
channel_shorts_tab,알룔료,UC35F9WnUgEoY_Pd2jOy5Ktg,352000,6,y,l7gVFnHdqLM,https://www.youtube.com/shorts/l7gVFnHdqLM,브레이크등 빌런을 잡는 가장 미친 방법,360000,36만,,2D 운전 애니,○,"단순 2D 차·운전자 그림, 도로 참교육/운전 요령",y
channel_shorts_tab,알룔료,UC35F9WnUgEoY_Pd2jOy5Ktg,352000,7,y,0VHltrUnuKM,https://www.youtube.com/shorts/0VHltrUnuKM,고속도로 합류구간 새치기 차량 참교육,32000000,3200만,,2D 운전 애니,○,"단순 2D 차·운전자 그림, 도로 참교육/운전 요령",y
channel_shorts_tab,알룔료,UC35F9WnUgEoY_Pd2jOy5Ktg,352000,8,y,A-ByKCux8_c,https://www.youtube.com/shorts/A-ByKCux8_c,급하게 가봤자 소용없는 이유,2680000,268만,,2D 운전 애니,○,"단순 2D 차·운전자 그림, 도로 참교육/운전 요령",y
channel_shorts_tab,알룔료,UC35F9WnUgEoY_Pd2jOy5Ktg,352000,9,y,lbKXECSOL-Q,https://www.youtube.com/shorts/lbKXECSOL-Q,추월만 하려하면 빨라지는 차의 최후,11790000,1179만,,2D 운전 애니,○,"단순 2D 차·운전자 그림, 도로 참교육/운전 요령",y
channel_shorts_tab,알룔료,UC35F9WnUgEoY_Pd2jOy5Ktg,352000,10,y,Q6dTd6UjcOg,https://www.youtube.com/shorts/Q6dTd6UjcOg,덩치 믿고 위협하던 트럭의 무리수,28850000,2885만,,2D 운전 애니,○,"단순 2D 차·운전자 그림, 도로 참교육/운전 요령",y
channel_shorts_tab,알룔료,UC35F9WnUgEoY_Pd2jOy5Ktg,352000,11,y,S43txL-sYJw,https://www.youtube.com/shorts/S43txL-sYJw,좁은길 평행주차 1분 만에 이해하기,360000,36만,,2D 운전 애니,○,"단순 2D 차·운전자 그림, 도로 참교육/운전 요령",y
channel_shorts_tab,알룔료,UC35F9WnUgEoY_Pd2jOy5Ktg,352000,12,y,lD5pr2_hfVU,https://www.youtube.com/shorts/lD5pr2_hfVU,노깜빡이 급차로변경 빌런 참교육,580000,58만,,2D 운전 애니,○,"단순 2D 차·운전자 그림, 도로 참교육/운전 요령",y
channel_shorts_tab,알룔료,UC35F9WnUgEoY_Pd2jOy5Ktg,352000,13,y,y-v4CszRNgk,https://www.youtube.com/shorts/y-v4CszRNgk,2차로 고속도로 정체의 주범 참교육,510000,51만,,2D 운전 애니,○,"단순 2D 차·운전자 그림, 도로 참교육/운전 요령",y
channel_shorts_tab,알룔료,UC35F9WnUgEoY_Pd2jOy5Ktg,352000,14,y,xgcCI8Z03sQ,https://www.youtube.com/shorts/xgcCI8Z03sQ,도로 위 급정차 빌런 초능력으로 참교육,460000,46만,,2D 운전 애니,○,"단순 2D 차·운전자 그림, 도로 참교육/운전 요령",y
channel_shorts_tab,알룔료,UC35F9WnUgEoY_Pd2jOy5Ktg,352000,15,y,NARWTWSUcbA,https://www.youtube.com/shorts/NARWTWSUcbA,T자 주차 30초 만에 이해하기,670000,67만,,2D 운전 애니,○,"단순 2D 차·운전자 그림, 도로 참교육/운전 요령",y
channel_shorts_tab,알룔료,UC35F9WnUgEoY_Pd2jOy5Ktg,352000,16,y,sgcCGZnuoTs,https://www.youtube.com/shorts/sgcCGZnuoTs,평행주차 30초 만에 이해하기,2560000,256만,,2D 운전 애니,○,"단순 2D 차·운전자 그림, 도로 참교육/운전 요령",y
channel_shorts_tab,알룔료,UC35F9WnUgEoY_Pd2jOy5Ktg,352000,17,y,hfx2UPM2rM0,https://www.youtube.com/shorts/hfx2UPM2rM0,고속도로 운전 시 꼭 필요한 기능,1270000,127만,,2D 운전 애니,○,"단순 2D 차·운전자 그림, 도로 참교육/운전 요령",y
channel_shorts_tab,알룔료,UC35F9WnUgEoY_Pd2jOy5Ktg,352000,18,y,rTR-TfJ5wQo,https://www.youtube.com/shorts/rTR-TfJ5wQo,차간거리 이러면 진짜 큰일납니다,420000,42만,2026-02-03,2D 운전 애니,○,"단순 2D 차·운전자 그림, 도로 참교육/운전 요령",y
channel_shorts_tab,브로콜리,UCy_h_JyEtMKUy2Umcl6Lhpw,57500,1,"n(최신 3편, 미성숙)",aThvl5QDTS8,https://www.youtube.com/shorts/aThvl5QDTS8,아무나 주인공이 될 수 없는 이유 #애니메이션 #영상툰 #웹툰 #주인공 #판타지,32000,3.2만,,영상툰(웹툰 컷 애니),△,"자체 웹툰 그림, 로맨스·개그",n
channel_shorts_tab,브로콜리,UCy_h_JyEtMKUy2Umcl6Lhpw,57500,2,"n(최신 3편, 미성숙)",68nz_gNHOWo,https://www.youtube.com/shorts/68nz_gNHOWo,(🩸시청주의🧟‍♀️)다음 생은 당신의 기타가 되고 싶어 #애니메이션 #웹툰 #영상툰 #좀비,240000,24만,,영상툰(웹툰 컷 애니),△,"자체 웹툰 그림, 로맨스·개그",y
channel_shorts_tab,브로콜리,UCy_h_JyEtMKUy2Umcl6Lhpw,57500,3,"n(최신 3편, 미성숙)",65usXtz5PCU,https://www.youtube.com/shorts/65usXtz5PCU,(‼️시청주의🩸)네가 내 바다야❤️ #애니메이션 #영상툰 #웹툰 #백합 #바다,610000,61만,,영상툰(웹툰 컷 애니),△,"자체 웹툰 그림, 로맨스·개그",y
channel_shorts_tab,브로콜리,UCy_h_JyEtMKUy2Umcl6Lhpw,57500,4,y,ZudiO1aJxrU,https://www.youtube.com/shorts/ZudiO1aJxrU,인어의 눈물 #애니메이션 #영상툰 #웹툰 #인어 #판타지웹툰,680000,68만,2026-09-29,영상툰(웹툰 컷 애니),△,"자체 웹툰 그림, 로맨스·개그",y
channel_shorts_tab,브로콜리,UCy_h_JyEtMKUy2Umcl6Lhpw,57500,5,y,3aRuyuk-FFM,https://www.youtube.com/shorts/3aRuyuk-FFM,해주면 너랑 만나줄게 #애니메이션 #영상툰 #광고 #웹툰  #추석엔블블,2140000,214만,,영상툰(웹툰 컷 애니),△,"자체 웹툰 그림, 로맨스·개그",y
channel_shorts_tab,브로콜리,UCy_h_JyEtMKUy2Umcl6Lhpw,57500,6,y,Wb_lRjqbsh0,https://www.youtube.com/shorts/Wb_lRjqbsh0,포기하지마라 소년이여! #애니메이션 #영상툰 #웹툰,570000,57만,,영상툰(웹툰 컷 애니),△,"자체 웹툰 그림, 로맨스·개그",y
channel_shorts_tab,브로콜리,UCy_h_JyEtMKUy2Umcl6Lhpw,57500,7,y,jfiCb53RV5k,https://www.youtube.com/shorts/jfiCb53RV5k,더 가까이❤️ #애니메이션 # #영상툰 #웹툰,970000,97만,,영상툰(웹툰 컷 애니),△,"자체 웹툰 그림, 로맨스·개그",y
channel_shorts_tab,브로콜리,UCy_h_JyEtMKUy2Umcl6Lhpw,57500,8,y,QiRNNrZNG8M,https://www.youtube.com/shorts/QiRNNrZNG8M,너 나 좋아하잖아 맞잖아 맞다고 해 #애니메이션 #영상툰 #웹툰,410000,41만,,영상툰(웹툰 컷 애니),△,"자체 웹툰 그림, 로맨스·개그",y
channel_shorts_tab,브로콜리,UCy_h_JyEtMKUy2Umcl6Lhpw,57500,9,y,CBdQwygC4dM,https://www.youtube.com/shorts/CBdQwygC4dM,아 손이 안 닿네 #애니메이션 #영상툰 #웹툰,330000,33만,,영상툰(웹툰 컷 애니),△,"자체 웹툰 그림, 로맨스·개그",y
channel_shorts_tab,브로콜리,UCy_h_JyEtMKUy2Umcl6Lhpw,57500,10,y,ggJvXfgC9fY,https://www.youtube.com/shorts/ggJvXfgC9fY,감기조심하세요🤧 #영상툰 #애니메이션 #웹툰,320000,32만,,영상툰(웹툰 컷 애니),△,"자체 웹툰 그림, 로맨스·개그",y
channel_shorts_tab,브로콜리,UCy_h_JyEtMKUy2Umcl6Lhpw,57500,11,y,HMKV006OAyE,https://www.youtube.com/shorts/HMKV006OAyE,(🩸시청주의🎇)무한 고백 공격 #영상툰 #애니메이션 #웹툰 #미연시,780000,78만,,영상툰(웹툰 컷 애니),△,"자체 웹툰 그림, 로맨스·개그",y
channel_shorts_tab,브로콜리,UCy_h_JyEtMKUy2Umcl6Lhpw,57500,12,y,JwCCOHnbpUQ,https://www.youtube.com/shorts/JwCCOHnbpUQ,넌 나의 비타민❤️ #영상툰 #애니메이션 #웹툰,560000,56만,,영상툰(웹툰 컷 애니),△,"자체 웹툰 그림, 로맨스·개그",y
channel_shorts_tab,브로콜리,UCy_h_JyEtMKUy2Umcl6Lhpw,57500,13,y,M-p51swUDYY,https://www.youtube.com/shorts/M-p51swUDYY,후회하게 해줄게 #영상툰 #애니메이션 #웹툰,1340000,134만,,영상툰(웹툰 컷 애니),△,"자체 웹툰 그림, 로맨스·개그",y
channel_shorts_tab,브로콜리,UCy_h_JyEtMKUy2Umcl6Lhpw,57500,14,y,X-5w4Gkqdyo,https://www.youtube.com/shorts/X-5w4Gkqdyo,그냥 니들 하고싶은 거 다 해🙄 #애니메이션 #영상툰 #웹툰,770000,77만,,영상툰(웹툰 컷 애니),△,"자체 웹툰 그림, 로맨스·개그",y
channel_shorts_tab,브로콜리,UCy_h_JyEtMKUy2Umcl6Lhpw,57500,15,y,CaiC8p2QFDs,https://www.youtube.com/shorts/CaiC8p2QFDs,괴물소녀가 사랑하는 법 #애니메이션 #영상툰 #웹툰,490000,49만,,영상툰(웹툰 컷 애니),△,"자체 웹툰 그림, 로맨스·개그",y
channel_shorts_tab,브로콜리,UCy_h_JyEtMKUy2Umcl6Lhpw,57500,16,y,eAcKQ0a4Ppg,https://www.youtube.com/shorts/eAcKQ0a4Ppg,해줘..♡ #애니메이션 #영상툰 #웹툰,730000,73만,,영상툰(웹툰 컷 애니),△,"자체 웹툰 그림, 로맨스·개그",y
channel_shorts_tab,브로콜리,UCy_h_JyEtMKUy2Umcl6Lhpw,57500,17,y,Oj9x8sNeHvk,https://www.youtube.com/shorts/Oj9x8sNeHvk,내 생각만 해줘❤️ #애니메이션 #영상툰 #웹툰,430000,43만,,영상툰(웹툰 컷 애니),△,"자체 웹툰 그림, 로맨스·개그",y
channel_shorts_tab,브로콜리,UCy_h_JyEtMKUy2Umcl6Lhpw,57500,18,y,EWphJyXphOw,https://www.youtube.com/shorts/EWphJyXphOw,여자의 악마😈❤️ #애니메이션 #영상툰 #웹툰,820000,82만,2026-08-10,영상툰(웹툰 컷 애니),△,"자체 웹툰 그림, 로맨스·개그",y
channel_shorts_tab,투니툰,UCvq7QSU2IOt7_bs2_IheWXA,134000,1,"n(최신 3편, 미성숙)",lUqMavwyw8U,https://www.youtube.com/shorts/lUqMavwyw8U,소꿉친구는 애인이 될 수 있을까? #로맨스 #웹툰,53000,5.3만,,영상툰(웹툰 요약),✗,타 웹툰 컷 요약,n
channel_shorts_tab,투니툰,UCvq7QSU2IOt7_bs2_IheWXA,134000,2,"n(최신 3편, 미성숙)",77LoHAGu5mI,https://www.youtube.com/shorts/77LoHAGu5mI,서울에 차가 없어졌다? #로판 #웹툰,35000,3.5만,,영상툰(웹툰 요약),✗,타 웹툰 컷 요약,n
channel_shorts_tab,투니툰,UCvq7QSU2IOt7_bs2_IheWXA,134000,3,"n(최신 3편, 미성숙)",MF4WnMwPjdc,https://www.youtube.com/shorts/MF4WnMwPjdc,던전 청소부의 인생 역전 방법 #판타지웹툰 #웹툰,160000,16만,,영상툰(웹툰 요약),✗,타 웹툰 컷 요약,y
channel_shorts_tab,투니툰,UCvq7QSU2IOt7_bs2_IheWXA,134000,4,y,DogZ3awJok4,https://www.youtube.com/shorts/DogZ3awJok4,홧김에 저질러 버린 고백의 결과 #로맨스웹툰 #웹툰,76000,7.6만,2026-10-04,영상툰(웹툰 요약),✗,타 웹툰 컷 요약,n
channel_shorts_tab,투니툰,UCvq7QSU2IOt7_bs2_IheWXA,134000,5,y,Xo5iYj76Cs0,https://www.youtube.com/shorts/Xo5iYj76Cs0,구해준 남자를 독나비의 먹이로 준 이유 #로판 #웹툰,43000,4.3만,,영상툰(웹툰 요약),✗,타 웹툰 컷 요약,n
channel_shorts_tab,투니툰,UCvq7QSU2IOt7_bs2_IheWXA,134000,6,y,WnfpBd8DsK4,https://www.youtube.com/shorts/WnfpBd8DsK4,싸늘하다 가슴에 비수가 날아와 꽂힌다 #무협웹툰 #무협,19000,1.9만,,영상툰(웹툰 요약),✗,타 웹툰 컷 요약,n
channel_shorts_tab,투니툰,UCvq7QSU2IOt7_bs2_IheWXA,134000,7,y,ttlheQaQHTI,https://www.youtube.com/shorts/ttlheQaQHTI,호감 이미지 메이킹을 한 남자의 결말 #웹툰 #웹툰추천,66000,6.6만,,영상툰(웹툰 요약),✗,타 웹툰 컷 요약,n
channel_shorts_tab,투니툰,UCvq7QSU2IOt7_bs2_IheWXA,134000,8,y,Wl3c8TuiSHM,https://www.youtube.com/shorts/Wl3c8TuiSHM,맨손으로 먹는 여자의 이유 #로판 #웹툰,69000,6.9만,,영상툰(웹툰 요약),✗,타 웹툰 컷 요약,n
channel_shorts_tab,투니툰,UCvq7QSU2IOt7_bs2_IheWXA,134000,9,y,YZ5Ojtdr9Q4,https://www.youtube.com/shorts/YZ5Ojtdr9Q4,영혼을 둘로 나눴지만 #로판 #웹툰,43000,4.3만,,영상툰(웹툰 요약),✗,타 웹툰 컷 요약,n
channel_shorts_tab,투니툰,UCvq7QSU2IOt7_bs2_IheWXA,134000,10,y,ensryELF4dE,https://www.youtube.com/shorts/ensryELF4dE,허들같은 남녀의 로맨스 #로맨스 #웹툰,32000,3.2만,,영상툰(웹툰 요약),✗,타 웹툰 컷 요약,n
channel_shorts_tab,투니툰,UCvq7QSU2IOt7_bs2_IheWXA,134000,11,y,zTjGRfnlEUM,https://www.youtube.com/shorts/zTjGRfnlEUM,최종 보스를 키워야 한다면? #판타지 #웹툰,22000,2.2만,,영상툰(웹툰 요약),✗,타 웹툰 컷 요약,n
channel_shorts_tab,투니툰,UCvq7QSU2IOt7_bs2_IheWXA,134000,12,y,c6OmU01bCsg,https://www.youtube.com/shorts/c6OmU01bCsg,친절한 기사의 진실 #로판 #웹툰,230000,23만,,영상툰(웹툰 요약),✗,타 웹툰 컷 요약,y
channel_shorts_tab,투니툰,UCvq7QSU2IOt7_bs2_IheWXA,134000,13,y,T7_jr_1NUSI,https://www.youtube.com/shorts/T7_jr_1NUSI,남자의 비밀을 알게 되자 #로판 #웹툰,25000,2.5만,,영상툰(웹툰 요약),✗,타 웹툰 컷 요약,n
channel_shorts_tab,투니툰,UCvq7QSU2IOt7_bs2_IheWXA,134000,14,y,zPFgWxm6sj0,https://www.youtube.com/shorts/zPFgWxm6sj0,막내의 꿈이 두려운 가족들 #로판 #웹툰,140000,14만,,영상툰(웹툰 요약),✗,타 웹툰 컷 요약,y
channel_shorts_tab,투니툰,UCvq7QSU2IOt7_bs2_IheWXA,134000,15,y,zWvSMkDpxMg,https://www.youtube.com/shorts/zWvSMkDpxMg,재벌 3세로 시작하는 천재의 연기는? #웹툰 #웹소설,11000,1.1만,,영상툰(웹툰 요약),✗,타 웹툰 컷 요약,n
channel_shorts_tab,투니툰,UCvq7QSU2IOt7_bs2_IheWXA,134000,16,y,JN3Iopvhw_A,https://www.youtube.com/shorts/JN3Iopvhw_A,성좌가 알려주는 S급 헌터 되는 법 #웹툰 #웹툰추천,17000,1.7만,,영상툰(웹툰 요약),✗,타 웹툰 컷 요약,n
channel_shorts_tab,투니툰,UCvq7QSU2IOt7_bs2_IheWXA,134000,17,y,M_uPp_kjqik,https://www.youtube.com/shorts/M_uPp_kjqik,가짜인 걸 알게 된 황녀의 행동 #로판 #웹툰,70000,7만,,영상툰(웹툰 요약),✗,타 웹툰 컷 요약,n
channel_shorts_tab,투니툰,UCvq7QSU2IOt7_bs2_IheWXA,134000,18,y,-v0SQnLKLs8,https://www.youtube.com/shorts/-v0SQnLKLs8,존재하면 안 되는 주술 #무협웹툰 #웹툰,19000,1.9만,2026-09-12,영상툰(웹툰 요약),✗,타 웹툰 컷 요약,n
channel_shorts_tab,G식냥,UCLJXZNiXwLhyuqq4TeVMcSg,328000,1,"n(최신 3편, 미성숙)",qVBRsIULxWc,https://www.youtube.com/shorts/qVBRsIULxWc,수학이 어려운 이유 [ 뉴비는 못말려 ],130000,13만,,3D 게임 캐릭터 애니,✗,로블록스풍 3D,y
channel_shorts_tab,G식냥,UCLJXZNiXwLhyuqq4TeVMcSg,328000,2,"n(최신 3편, 미성숙)",0Zx4bGZnNR8,https://www.youtube.com/shorts/0Zx4bGZnNR8,엄마의 진심 [ 뉴비는 못말려 ],560000,56만,,3D 게임 캐릭터 애니,✗,로블록스풍 3D,y
channel_shorts_tab,G식냥,UCLJXZNiXwLhyuqq4TeVMcSg,328000,3,"n(최신 3편, 미성숙)",FqykUVTy6UY,https://www.youtube.com/shorts/FqykUVTy6UY,역지사지 [ 뉴비는 못말려 ],680000,68만,,3D 게임 캐릭터 애니,✗,로블록스풍 3D,y
channel_shorts_tab,G식냥,UCLJXZNiXwLhyuqq4TeVMcSg,328000,4,y,F3heanxISWw,https://www.youtube.com/shorts/F3heanxISWw,인생은 타이밍 [ 뉴비는 못말려 ],470000,47만,2026-10-05,3D 게임 캐릭터 애니,✗,로블록스풍 3D,y
channel_shorts_tab,G식냥,UCLJXZNiXwLhyuqq4TeVMcSg,328000,5,y,Jcabe_rlRZ4,https://www.youtube.com/shorts/Jcabe_rlRZ4,아빠의 속마음 [ 뉴비는 못말려 ],510000,51만,,3D 게임 캐릭터 애니,✗,로블록스풍 3D,y
channel_shorts_tab,G식냥,UCLJXZNiXwLhyuqq4TeVMcSg,328000,6,y,PQK4hR4-xzg,https://www.youtube.com/shorts/PQK4hR4-xzg,핵폭발에서 살아남기 [ 뉴비는 못말려 ],780000,78만,,3D 게임 캐릭터 애니,✗,로블록스풍 3D,y
channel_shorts_tab,G식냥,UCLJXZNiXwLhyuqq4TeVMcSg,328000,7,y,A1BR25VfJY4,https://www.youtube.com/shorts/A1BR25VfJY4,명품 가방을 사주면 생기는 일 [ 뉴비는 못말려 ],920000,92만,,3D 게임 캐릭터 애니,✗,로블록스풍 3D,y
channel_shorts_tab,G식냥,UCLJXZNiXwLhyuqq4TeVMcSg,328000,8,y,LbvUjvRBq_A,https://www.youtube.com/shorts/LbvUjvRBq_A,마우스를 바꿔주면 생기는 일 [ 뉴비는 못말려 ],2470000,247만,,3D 게임 캐릭터 애니,✗,로블록스풍 3D,y
channel_shorts_tab,G식냥,UCLJXZNiXwLhyuqq4TeVMcSg,328000,9,y,YD1mPljO3N4,https://www.youtube.com/shorts/YD1mPljO3N4,몰폰 [ 뉴비는 못말려 ],570000,57만,,3D 게임 캐릭터 애니,✗,로블록스풍 3D,y
channel_shorts_tab,G식냥,UCLJXZNiXwLhyuqq4TeVMcSg,328000,10,y,1xrVTvxwDVM,https://www.youtube.com/shorts/1xrVTvxwDVM,엄마의 뇌 [ 뉴비는 못말려 ],910000,91만,,3D 게임 캐릭터 애니,✗,로블록스풍 3D,y
channel_shorts_tab,G식냥,UCLJXZNiXwLhyuqq4TeVMcSg,328000,11,y,qRsCMJJTI-o,https://www.youtube.com/shorts/qRsCMJJTI-o,학교 가기 싫어요!! [ 뉴비는 못말려 ],1270000,127만,,3D 게임 캐릭터 애니,✗,로블록스풍 3D,y
channel_shorts_tab,G식냥,UCLJXZNiXwLhyuqq4TeVMcSg,328000,12,y,9g2yNRRE4mg,https://www.youtube.com/shorts/9g2yNRRE4mg,진정한 친구는 뭘까?  [ 뉴비는 못말려 ],1610000,161만,,3D 게임 캐릭터 애니,✗,로블록스풍 3D,y
channel_shorts_tab,G식냥,UCLJXZNiXwLhyuqq4TeVMcSg,328000,13,y,OLa3WPjnJzA,https://www.youtube.com/shorts/OLa3WPjnJzA,엄마의 속마음 [ 뉴비는 못말려 ],1140000,114만,,3D 게임 캐릭터 애니,✗,로블록스풍 3D,y
channel_shorts_tab,G식냥,UCLJXZNiXwLhyuqq4TeVMcSg,328000,14,y,moUiwoTH10k,https://www.youtube.com/shorts/moUiwoTH10k,친구라도 이게 가능?! [ 뉴비는 못말려 ],430000,43만,,3D 게임 캐릭터 애니,✗,로블록스풍 3D,y
channel_shorts_tab,G식냥,UCLJXZNiXwLhyuqq4TeVMcSg,328000,15,y,nDXS_9XV8zg,https://www.youtube.com/shorts/nDXS_9XV8zg,과연 끝이 있을까? [ 뉴비는 못말려 ],1300000,130만,,3D 게임 캐릭터 애니,✗,로블록스풍 3D,y
channel_shorts_tab,G식냥,UCLJXZNiXwLhyuqq4TeVMcSg,328000,16,y,V9vXIcZ_mQA,https://www.youtube.com/shorts/V9vXIcZ_mQA,꼭 써먹고 유튜버되세요 [ 뉴비는 못말려 ],540000,54만,,3D 게임 캐릭터 애니,✗,로블록스풍 3D,y
channel_shorts_tab,G식냥,UCLJXZNiXwLhyuqq4TeVMcSg,328000,17,y,CtK6hzg6FUA,https://www.youtube.com/shorts/CtK6hzg6FUA,해본 사람만 이해함 [ 뉴비는 못말려 ],810000,81만,,3D 게임 캐릭터 애니,✗,로블록스풍 3D,y
channel_shorts_tab,G식냥,UCLJXZNiXwLhyuqq4TeVMcSg,328000,18,y,rqwEZ6Kzm14,https://www.youtube.com/shorts/rqwEZ6Kzm14,뭐로 대결할래? [ 뉴비는 못말려 ],180000,18만,2026-08-24,3D 게임 캐릭터 애니,✗,로블록스풍 3D,y
channel_shorts_tab,애니어때,UC7jfKBledtLZkhRANCKAGZA,44700,1,"n(최신 3편, 미성숙)",8YoXwOl4yjI,https://www.youtube.com/shorts/8YoXwOl4yjI,진실에 도달하지 못하면 생기는 최악의 상황,69000,6.9만,,애니 장면 해설,✗,일본 애니 클립,n
channel_shorts_tab,애니어때,UC7jfKBledtLZkhRANCKAGZA,44700,2,"n(최신 3편, 미성숙)",MtBuRzocILg,https://www.youtube.com/shorts/MtBuRzocILg,적당히 선을 넘지 않았던 선과 악의 균형을 보여줬던 주인공의 매력,140000,14만,,애니 장면 해설,✗,일본 애니 클립,y
channel_shorts_tab,애니어때,UC7jfKBledtLZkhRANCKAGZA,44700,3,"n(최신 3편, 미성숙)",GX9cy4cVLBs,https://www.youtube.com/shorts/GX9cy4cVLBs,초딩이 멱살잡고 캐리한 적과의 역대급 심리전,230000,23만,,애니 장면 해설,✗,일본 애니 클립,y
channel_shorts_tab,애니어때,UC7jfKBledtLZkhRANCKAGZA,44700,4,y,AfykvEzRfkU,https://www.youtube.com/shorts/AfykvEzRfkU,스스로 무덤을 판 운이 좋았던 최종보스,260000,26만,2026-10-07,애니 장면 해설,✗,일본 애니 클립,y
channel_shorts_tab,애니어때,UC7jfKBledtLZkhRANCKAGZA,44700,5,y,ZeKm_cliEcE,https://www.youtube.com/shorts/ZeKm_cliEcE,주사위 놀이에 이기려고 직접 상처를 낸 이유,220000,22만,,애니 장면 해설,✗,일본 애니 클립,y
channel_shorts_tab,애니어때,UC7jfKBledtLZkhRANCKAGZA,44700,6,y,U8XdpEgwO9o,https://www.youtube.com/shorts/U8XdpEgwO9o,자신보다 약한 사람에게 고개를 숙인 이유,350000,35만,,애니 장면 해설,✗,일본 애니 클립,y
channel_shorts_tab,애니어때,UC7jfKBledtLZkhRANCKAGZA,44700,7,y,kkw7TOtKuGI,https://www.youtube.com/shorts/kkw7TOtKuGI,역대급 사기 능력에도 긴장하지 않았던 이유,270000,27만,,애니 장면 해설,✗,일본 애니 클립,y
channel_shorts_tab,애니어때,UC7jfKBledtLZkhRANCKAGZA,44700,8,y,U44lfJTTDqQ,https://www.youtube.com/shorts/U44lfJTTDqQ,목표만 쫓는 폭탄을 피하는 방법,350000,35만,,애니 장면 해설,✗,일본 애니 클립,y
channel_shorts_tab,애니어때,UC7jfKBledtLZkhRANCKAGZA,44700,9,y,OAFvmq7WRUc,https://www.youtube.com/shorts/OAFvmq7WRUc,적이 제한하는 거래에 남자의 대응 방법,190000,19만,,애니 장면 해설,✗,일본 애니 클립,y
channel_shorts_tab,애니어때,UC7jfKBledtLZkhRANCKAGZA,44700,10,y,1cBLpF9ve8A,https://www.youtube.com/shorts/1cBLpF9ve8A,다친 사람을 두들겨 패도 비겁하지 않은 방법,420000,42만,,애니 장면 해설,✗,일본 애니 클립,y
channel_shorts_tab,애니어때,UC7jfKBledtLZkhRANCKAGZA,44700,11,y,Pkt0hHAMBiA,https://www.youtube.com/shorts/Pkt0hHAMBiA,등을 보이면 안 되는데 포위 당한다면?,290000,29만,,애니 장면 해설,✗,일본 애니 클립,y
channel_shorts_tab,애니어때,UC7jfKBledtLZkhRANCKAGZA,44700,12,y,kX4TmS_Rjss,https://www.youtube.com/shorts/kX4TmS_Rjss,머리 모양 지적했다가 시간이 멈춘 이유,470000,47만,,애니 장면 해설,✗,일본 애니 클립,y
channel_shorts_tab,애니어때,UC7jfKBledtLZkhRANCKAGZA,44700,13,y,ZGW61FFKBpA,https://www.youtube.com/shorts/ZGW61FFKBpA,상대의 감정을 냄새로 맡은 남자의 최후,590000,59만,,애니 장면 해설,✗,일본 애니 클립,y
channel_shorts_tab,애니어때,UC7jfKBledtLZkhRANCKAGZA,44700,14,y,xxy4B-24sA8,https://www.youtube.com/shorts/xxy4B-24sA8,읽지 말라는 것을 무시한 자의 결말,290000,29만,,애니 장면 해설,✗,일본 애니 클립,y
channel_shorts_tab,애니어때,UC7jfKBledtLZkhRANCKAGZA,44700,15,y,7F3KFfyMiLk,https://www.youtube.com/shorts/7F3KFfyMiLk,동전 하나가 불러온 비참한 최후,420000,42만,,애니 장면 해설,✗,일본 애니 클립,y
channel_shorts_tab,애니어때,UC7jfKBledtLZkhRANCKAGZA,44700,16,y,qdUZcc8eagI,https://www.youtube.com/shorts/qdUZcc8eagI,남은 탄환 한 발로 공격을 계산한 방법,460000,46만,,애니 장면 해설,✗,일본 애니 클립,y
channel_shorts_tab,애니어때,UC7jfKBledtLZkhRANCKAGZA,44700,17,y,OWiSFgV_zfk,https://www.youtube.com/shorts/OWiSFgV_zfk,주인공을 조종하는 역대급 비겁한 빌런,220000,22만,,애니 장면 해설,✗,일본 애니 클립,y
channel_shorts_tab,애니어때,UC7jfKBledtLZkhRANCKAGZA,44700,18,y,_USsTWrEVKM,https://www.youtube.com/shorts/_USsTWrEVKM,투명한 물에 투명해진 아기가 빠지면?,460000,46만,2026-09-23,애니 장면 해설,✗,일본 애니 클립,y
channel_shorts_tab,사시스,UCUxWFTz_kJcYjvl0JbuB_nQ,238000,1,"n(최신 3편, 미성숙)",Yf4Syy7BRe4,https://www.youtube.com/shorts/Yf4Syy7BRe4,이해하면 무서운 이야기 목각인형,190000,19만,,영상툰 이해하면 ~ 이야기,△,"자체 웹툰 그림, 괴담·감동",y
channel_shorts_tab,사시스,UCUxWFTz_kJcYjvl0JbuB_nQ,238000,2,"n(최신 3편, 미성숙)",CrudEvIadYk,https://www.youtube.com/shorts/CrudEvIadYk,죽을 수 없는 곳에 갇힌다면 [실종 6편],51000,5.1만,,영상툰 이해하면 ~ 이야기,△,"자체 웹툰 그림, 괴담·감동",n
channel_shorts_tab,사시스,UCUxWFTz_kJcYjvl0JbuB_nQ,238000,3,"n(최신 3편, 미성숙)",AZ_z4KGLyvo,https://www.youtube.com/shorts/AZ_z4KGLyvo,이해하면 감동적인 이야기 첫요리,230000,23만,,영상툰 이해하면 ~ 이야기,△,"자체 웹툰 그림, 괴담·감동",y
channel_shorts_tab,사시스,UCUxWFTz_kJcYjvl0JbuB_nQ,238000,4,y,Jy9G1NE2iPI,https://www.youtube.com/shorts/Jy9G1NE2iPI,이해하면 감동적인 이야기 곰인형,570000,57만,2026-10-06,영상툰 이해하면 ~ 이야기,△,"자체 웹툰 그림, 괴담·감동",y
channel_shorts_tab,사시스,UCUxWFTz_kJcYjvl0JbuB_nQ,238000,5,y,ZThdE9FjCtU,https://www.youtube.com/shorts/ZThdE9FjCtU,이해하면 무서운 이야기 앵무새,120000,12만,,영상툰 이해하면 ~ 이야기,△,"자체 웹툰 그림, 괴담·감동",y
channel_shorts_tab,사시스,UCUxWFTz_kJcYjvl0JbuB_nQ,238000,6,y,MfGjfYbIbxk,https://www.youtube.com/shorts/MfGjfYbIbxk,이해하면 무서운 이야기 마네킹,69000,6.9만,,영상툰 이해하면 ~ 이야기,△,"자체 웹툰 그림, 괴담·감동",n
channel_shorts_tab,사시스,UCUxWFTz_kJcYjvl0JbuB_nQ,238000,7,y,NLaHiMg-SMI,https://www.youtube.com/shorts/NLaHiMg-SMI,이해하면 무서운 이야기 집수리,590000,59만,,영상툰 이해하면 ~ 이야기,△,"자체 웹툰 그림, 괴담·감동",y
channel_shorts_tab,사시스,UCUxWFTz_kJcYjvl0JbuB_nQ,238000,8,y,9L0C90ErgfQ,https://www.youtube.com/shorts/9L0C90ErgfQ,실종된 여자친구의 진짜 정체 [실종 5편],50000,5만,,영상툰 이해하면 ~ 이야기,△,"자체 웹툰 그림, 괴담·감동",n
channel_shorts_tab,사시스,UCUxWFTz_kJcYjvl0JbuB_nQ,238000,9,y,xYzQrB_rirk,https://www.youtube.com/shorts/xYzQrB_rirk,실종된 여자친구에게 총을 쏜 이유 [실종 4편],27000,2.7만,,영상툰 이해하면 ~ 이야기,△,"자체 웹툰 그림, 괴담·감동",n
channel_shorts_tab,사시스,UCUxWFTz_kJcYjvl0JbuB_nQ,238000,10,y,GHKNBIYi9sc,https://www.youtube.com/shorts/GHKNBIYi9sc,이해하면 감동적인 이야기 카페,44000,4.4만,,영상툰 이해하면 ~ 이야기,△,"자체 웹툰 그림, 괴담·감동",n
channel_shorts_tab,사시스,UCUxWFTz_kJcYjvl0JbuB_nQ,238000,11,y,fkRBl38v68A,https://www.youtube.com/shorts/fkRBl38v68A,이해하면 무서운 이야기 가스누출,99000,9.9만,,영상툰 이해하면 ~ 이야기,△,"자체 웹툰 그림, 괴담·감동",n
channel_shorts_tab,사시스,UCUxWFTz_kJcYjvl0JbuB_nQ,238000,12,y,qObpY_BOUMI,https://www.youtube.com/shorts/qObpY_BOUMI,112에 신고하면 안 되는 이유 [반전드라마/실종 3편],25000,2.5만,,영상툰 이해하면 ~ 이야기,△,"자체 웹툰 그림, 괴담·감동",n
channel_shorts_tab,사시스,UCUxWFTz_kJcYjvl0JbuB_nQ,238000,13,y,mEXpSYcfdPE,https://www.youtube.com/shorts/mEXpSYcfdPE,사라진 여자친구를 신고했더니 벌어진 일 [반전드라마/실종 2편],85000,8.5만,,영상툰 이해하면 ~ 이야기,△,"자체 웹툰 그림, 괴담·감동",n
channel_shorts_tab,사시스,UCUxWFTz_kJcYjvl0JbuB_nQ,238000,14,y,4QxaCMtq63Q,https://www.youtube.com/shorts/4QxaCMtq63Q,이해하면 감동적인 이야기 추석,32000,3.2만,,영상툰 이해하면 ~ 이야기,△,"자체 웹툰 그림, 괴담·감동",n
channel_shorts_tab,사시스,UCUxWFTz_kJcYjvl0JbuB_nQ,238000,15,y,88JRYoiPDJA,https://www.youtube.com/shorts/88JRYoiPDJA,여자친구의 눈이 계속 바뀌는 이유 [반전드라마/실종],320000,32만,,영상툰 이해하면 ~ 이야기,△,"자체 웹툰 그림, 괴담·감동",y
channel_shorts_tab,사시스,UCUxWFTz_kJcYjvl0JbuB_nQ,238000,16,y,tV-D68Ha6So,https://www.youtube.com/shorts/tV-D68Ha6So,이해하면 감동적인 이야기 휠체어,270000,27만,,영상툰 이해하면 ~ 이야기,△,"자체 웹툰 그림, 괴담·감동",y
channel_shorts_tab,사시스,UCUxWFTz_kJcYjvl0JbuB_nQ,238000,17,y,9XqNjgaoLag,https://www.youtube.com/shorts/9XqNjgaoLag,이해하면 무서운 이야기 가지치기,310000,31만,,영상툰 이해하면 ~ 이야기,△,"자체 웹툰 그림, 괴담·감동",y
channel_shorts_tab,사시스,UCUxWFTz_kJcYjvl0JbuB_nQ,238000,18,y,LcmM_y1uELI,https://www.youtube.com/shorts/LcmM_y1uELI,이해하면 무서운 이야기 냉동창고,370000,37만,2026-09-19,영상툰 이해하면 ~ 이야기,△,"자체 웹툰 그림, 괴담·감동",y
channel_shorts_tab,원정상,UCs2yuJwlg2TsOtUeDSZF3_g,527000,1,"n(최신 3편, 미성숙)",6CsbCTe46tU,https://www.youtube.com/shorts/6CsbCTe46tU,호텔키를 훔치는 이유,40000,4만,,짤·텍스트 유머(검정 프레임),○,검정 띠 제목 + 짤/캡처 1장 + 내레이션,n
channel_shorts_tab,원정상,UCs2yuJwlg2TsOtUeDSZF3_g,527000,2,"n(최신 3편, 미성숙)",n2AjjLc8akU,https://www.youtube.com/shorts/n2AjjLc8akU,게임 많이해도 괜찮은 이유,290000,29만,,짤·텍스트 유머(검정 프레임),○,검정 띠 제목 + 짤/캡처 1장 + 내레이션,y
channel_shorts_tab,원정상,UCs2yuJwlg2TsOtUeDSZF3_g,527000,3,"n(최신 3편, 미성숙)",Zk5h5jHAURg,https://www.youtube.com/shorts/Zk5h5jHAURg,일본이 한국땅이라는 일본인,350000,35만,,짤·텍스트 유머(검정 프레임),○,검정 띠 제목 + 짤/캡처 1장 + 내레이션,y
channel_shorts_tab,원정상,UCs2yuJwlg2TsOtUeDSZF3_g,527000,4,y,hacfAboSgaA,https://www.youtube.com/shorts/hacfAboSgaA,한글이 사라질 뻔 한 이유,130000,13만,2026-10-08,짤·텍스트 유머(검정 프레임),○,검정 띠 제목 + 짤/캡처 1장 + 내레이션,y
channel_shorts_tab,원정상,UCs2yuJwlg2TsOtUeDSZF3_g,527000,5,y,TvpjDyZio70,https://www.youtube.com/shorts/TvpjDyZio70,대통령이 참전하는 나라,220000,22만,,짤·텍스트 유머(검정 프레임),○,검정 띠 제목 + 짤/캡처 1장 + 내레이션,y
channel_shorts_tab,원정상,UCs2yuJwlg2TsOtUeDSZF3_g,527000,6,y,cD_H-lwbAww,https://www.youtube.com/shorts/cD_H-lwbAww,일 대충하는 일본 맥도날드,240000,24만,,짤·텍스트 유머(검정 프레임),○,검정 띠 제목 + 짤/캡처 1장 + 내레이션,y
channel_shorts_tab,원정상,UCs2yuJwlg2TsOtUeDSZF3_g,527000,7,y,m6qMKC1EADo,https://www.youtube.com/shorts/m6qMKC1EADo,이웃이 알고 보니 스파이더맨,1210000,121만,,짤·텍스트 유머(검정 프레임),○,검정 띠 제목 + 짤/캡처 1장 + 내레이션,y
channel_shorts_tab,원정상,UCs2yuJwlg2TsOtUeDSZF3_g,527000,8,y,mV6UrBDiHXw,https://www.youtube.com/shorts/mV6UrBDiHXw,7배나 너프당한 아이스크림,560000,56만,,짤·텍스트 유머(검정 프레임),○,검정 띠 제목 + 짤/캡처 1장 + 내레이션,y
channel_shorts_tab,원정상,UCs2yuJwlg2TsOtUeDSZF3_g,527000,9,y,mVX3SzCrDZg,https://www.youtube.com/shorts/mVX3SzCrDZg,어이가 없는 단골 손님,920000,92만,,짤·텍스트 유머(검정 프레임),○,검정 띠 제목 + 짤/캡처 1장 + 내레이션,y
channel_shorts_tab,원정상,UCs2yuJwlg2TsOtUeDSZF3_g,527000,10,y,uctzV9RBGtg,https://www.youtube.com/shorts/uctzV9RBGtg,오타쿠들의 말투 특징,1180000,118만,,짤·텍스트 유머(검정 프레임),○,검정 띠 제목 + 짤/캡처 1장 + 내레이션,y
channel_shorts_tab,원정상,UCs2yuJwlg2TsOtUeDSZF3_g,527000,11,y,Ubvh-c3SvEU,https://www.youtube.com/shorts/Ubvh-c3SvEU,가족 걸고 장사하는 사장님,120000,12만,,짤·텍스트 유머(검정 프레임),○,검정 띠 제목 + 짤/캡처 1장 + 내레이션,y
channel_shorts_tab,원정상,UCs2yuJwlg2TsOtUeDSZF3_g,527000,12,y,SjVwgfBkyOo,https://www.youtube.com/shorts/SjVwgfBkyOo,소름돋는 요즘 노벨상..,1310000,131만,,짤·텍스트 유머(검정 프레임),○,검정 띠 제목 + 짤/캡처 1장 + 내레이션,y
channel_shorts_tab,원정상,UCs2yuJwlg2TsOtUeDSZF3_g,527000,13,y,LRX-4oAfkH4,https://www.youtube.com/shorts/LRX-4oAfkH4,도시에 나무가 필요한 이유,300000,30만,,짤·텍스트 유머(검정 프레임),○,검정 띠 제목 + 짤/캡처 1장 + 내레이션,y
channel_shorts_tab,원정상,UCs2yuJwlg2TsOtUeDSZF3_g,527000,14,y,GsZB6d03cjo,https://www.youtube.com/shorts/GsZB6d03cjo,한국 소방관이 빡센 이유,570000,57만,,짤·텍스트 유머(검정 프레임),○,검정 띠 제목 + 짤/캡처 1장 + 내레이션,y
channel_shorts_tab,원정상,UCs2yuJwlg2TsOtUeDSZF3_g,527000,15,y,fminDVLBqIo,https://www.youtube.com/shorts/fminDVLBqIo,저 진짜 어떻게 해야되죠?,400000,40만,,짤·텍스트 유머(검정 프레임),○,검정 띠 제목 + 짤/캡처 1장 + 내레이션,y
channel_shorts_tab,원정상,UCs2yuJwlg2TsOtUeDSZF3_g,527000,16,y,ynu7nnY7FC8,https://www.youtube.com/shorts/ynu7nnY7FC8,이런 사람이 결혼하는 구나,930000,93만,,짤·텍스트 유머(검정 프레임),○,검정 띠 제목 + 짤/캡처 1장 + 내레이션,y
channel_shorts_tab,원정상,UCs2yuJwlg2TsOtUeDSZF3_g,527000,17,y,IneHediF-aQ,https://www.youtube.com/shorts/IneHediF-aQ,남자 아이돌의 타락 과정,440000,44만,,짤·텍스트 유머(검정 프레임),○,검정 띠 제목 + 짤/캡처 1장 + 내레이션,y
channel_shorts_tab,원정상,UCs2yuJwlg2TsOtUeDSZF3_g,527000,18,y,YBeaoxhDI5M,https://www.youtube.com/shorts/YBeaoxhDI5M,님 월급 저보다 적던데요?,1070000,107만,2026-10-04,짤·텍스트 유머(검정 프레임),○,검정 띠 제목 + 짤/캡처 1장 + 내레이션,y
channel_shorts_tab,김블루,UCNzcxCN_Hh_lu5RCSFXKgGQ,2300000,1,"n(최신 3편, 미성숙)",ms1i9gqBxtU,https://www.youtube.com/shorts/ms1i9gqBxtU,일본의 충청도 오사카 화법,44000,4.4만,,짤·텍스트 유머(검정 프레임),○,검정 띠 제목 + 그림/사진 + 내레이션,n
channel_shorts_tab,김블루,UCNzcxCN_Hh_lu5RCSFXKgGQ,2300000,2,"n(최신 3편, 미성숙)",p0CV5Ni35O4,https://www.youtube.com/shorts/p0CV5Ni35O4,이과 혈압 오르는 요즘 시원한 이유,120000,12만,,짤·텍스트 유머(검정 프레임),○,검정 띠 제목 + 그림/사진 + 내레이션,y
channel_shorts_tab,김블루,UCNzcxCN_Hh_lu5RCSFXKgGQ,2300000,3,"n(최신 3편, 미성숙)",c-hY666XkTM,https://www.youtube.com/shorts/c-hY666XkTM,한국에 개봉한 동심파괴 영화,390000,39만,,짤·텍스트 유머(검정 프레임),○,검정 띠 제목 + 그림/사진 + 내레이션,y
channel_shorts_tab,김블루,UCNzcxCN_Hh_lu5RCSFXKgGQ,2300000,4,y,9zSwJD5z4Ao,https://www.youtube.com/shorts/9zSwJD5z4Ao,요청사항 들어준 택배기사님,770000,77만,2026-10-08,짤·텍스트 유머(검정 프레임),○,검정 띠 제목 + 그림/사진 + 내레이션,y
channel_shorts_tab,김블루,UCNzcxCN_Hh_lu5RCSFXKgGQ,2300000,5,y,OPlW8ZI5id0,https://www.youtube.com/shorts/OPlW8ZI5id0,누구의 말을 믿어야 할까요?,970000,97만,,짤·텍스트 유머(검정 프레임),○,검정 띠 제목 + 그림/사진 + 내레이션,y
channel_shorts_tab,김블루,UCNzcxCN_Hh_lu5RCSFXKgGQ,2300000,6,y,9XnG44nZWK8,https://www.youtube.com/shorts/9XnG44nZWK8,엘레베이터 버튼 뭐가 더 나음?,1630000,163만,,짤·텍스트 유머(검정 프레임),○,검정 띠 제목 + 그림/사진 + 내레이션,y
channel_shorts_tab,김블루,UCNzcxCN_Hh_lu5RCSFXKgGQ,2300000,7,y,0c2TEVLeDF4,https://www.youtube.com/shorts/0c2TEVLeDF4,300억 동상 남한 vs 북한,2520000,252만,,짤·텍스트 유머(검정 프레임),○,검정 띠 제목 + 그림/사진 + 내레이션,y
channel_shorts_tab,김블루,UCNzcxCN_Hh_lu5RCSFXKgGQ,2300000,8,y,10WN4hldXNQ,https://www.youtube.com/shorts/10WN4hldXNQ,황당하다는 미국 엔지니어 밈,880000,88만,,짤·텍스트 유머(검정 프레임),○,검정 띠 제목 + 그림/사진 + 내레이션,y
channel_shorts_tab,김블루,UCNzcxCN_Hh_lu5RCSFXKgGQ,2300000,9,y,42WXjMCBdx8,https://www.youtube.com/shorts/42WXjMCBdx8,테토녀의 남편을 납치한 갱단,2020000,202만,,짤·텍스트 유머(검정 프레임),○,검정 띠 제목 + 그림/사진 + 내레이션,y
channel_shorts_tab,김블루,UCNzcxCN_Hh_lu5RCSFXKgGQ,2300000,10,y,zQUPG6rJipY,https://www.youtube.com/shorts/zQUPG6rJipY,대부분 모르는 멀티탭의 수명,1150000,115만,,짤·텍스트 유머(검정 프레임),○,검정 띠 제목 + 그림/사진 + 내레이션,y
channel_shorts_tab,김블루,UCNzcxCN_Hh_lu5RCSFXKgGQ,2300000,11,y,Q0kOZp1x41E,https://www.youtube.com/shorts/Q0kOZp1x41E,감히 투표를 한 일본 교통카드,1380000,138만,,짤·텍스트 유머(검정 프레임),○,검정 띠 제목 + 그림/사진 + 내레이션,y
channel_shorts_tab,김블루,UCNzcxCN_Hh_lu5RCSFXKgGQ,2300000,12,y,EzsQlqP6esE,https://www.youtube.com/shorts/EzsQlqP6esE,아이 낳고 대식가 된 소식가 부부,1890000,189만,,짤·텍스트 유머(검정 프레임),○,검정 띠 제목 + 그림/사진 + 내레이션,y
channel_shorts_tab,김블루,UCNzcxCN_Hh_lu5RCSFXKgGQ,2300000,13,y,wZDye2IKlg8,https://www.youtube.com/shorts/wZDye2IKlg8,갑작스런 신입의 전체 공지,1760000,176만,,짤·텍스트 유머(검정 프레임),○,검정 띠 제목 + 그림/사진 + 내레이션,y
channel_shorts_tab,김블루,UCNzcxCN_Hh_lu5RCSFXKgGQ,2300000,14,y,9fsYPtuMlxk,https://www.youtube.com/shorts/9fsYPtuMlxk,세상에게 배신감 느껴질 때,1130000,113만,,짤·텍스트 유머(검정 프레임),○,검정 띠 제목 + 그림/사진 + 내레이션,y
channel_shorts_tab,김블루,UCNzcxCN_Hh_lu5RCSFXKgGQ,2300000,15,y,nsplDsekC24,https://www.youtube.com/shorts/nsplDsekC24,동네 철물점의 미친 처리속도,2470000,247만,,짤·텍스트 유머(검정 프레임),○,검정 띠 제목 + 그림/사진 + 내레이션,y
channel_shorts_tab,김블루,UCNzcxCN_Hh_lu5RCSFXKgGQ,2300000,16,y,pLZSuraP9qM,https://www.youtube.com/shorts/pLZSuraP9qM,샐러드 샀더니 흙 들어있음;;,740000,74만,,짤·텍스트 유머(검정 프레임),○,검정 띠 제목 + 그림/사진 + 내레이션,y
channel_shorts_tab,김블루,UCNzcxCN_Hh_lu5RCSFXKgGQ,2300000,17,y,Ih1mbe025lc,https://www.youtube.com/shorts/Ih1mbe025lc,강원도 사람은 참기름 안 먹어?,1140000,114만,,짤·텍스트 유머(검정 프레임),○,검정 띠 제목 + 그림/사진 + 내레이션,y
channel_shorts_tab,김블루,UCNzcxCN_Hh_lu5RCSFXKgGQ,2300000,18,y,zeWfT88uxqA,https://www.youtube.com/shorts/zeWfT88uxqA,한국에 존재하는 지역 카르텔,1810000,181만,2026-10-04,짤·텍스트 유머(검정 프레임),○,검정 띠 제목 + 그림/사진 + 내레이션,y
channel_shorts_tab,도롱챠 DOLONGCHA,UCYkp5UQqqfkWYkWm_jJkA_A,232000,1,"n(최신 3편, 미성숙)",50pJFvWwFZI,https://www.youtube.com/shorts/50pJFvWwFZI,불안형 남친과 안정형 여친,11000,1.1만,,클립아트 짤툰,○,"검정 띠 제목 + 일러스트 클립아트 + 자막, 커뮤니티·근황 유머",n
channel_shorts_tab,도롱챠 DOLONGCHA,UCYkp5UQqqfkWYkWm_jJkA_A,232000,2,"n(최신 3편, 미성숙)",jU9TXc0wVuk,https://www.youtube.com/shorts/jU9TXc0wVuk,삐져버린 남자친구와의 레전드 카톡 대화,330000,33만,,클립아트 짤툰,○,"검정 띠 제목 + 일러스트 클립아트 + 자막, 커뮤니티·근황 유머",y
channel_shorts_tab,도롱챠 DOLONGCHA,UCYkp5UQqqfkWYkWm_jJkA_A,232000,3,"n(최신 3편, 미성숙)",faEvsFWQF6k,https://www.youtube.com/shorts/faEvsFWQF6k,일본인을 감동시킨 의지의 한국인,240000,24만,,클립아트 짤툰,○,"검정 띠 제목 + 일러스트 클립아트 + 자막, 커뮤니티·근황 유머",y
channel_shorts_tab,도롱챠 DOLONGCHA,UCYkp5UQqqfkWYkWm_jJkA_A,232000,4,y,FjNfvoIMamA,https://www.youtube.com/shorts/FjNfvoIMamA,기계는 때려야 고쳐진다,460000,46만,2026-10-08,클립아트 짤툰,○,"검정 띠 제목 + 일러스트 클립아트 + 자막, 커뮤니티·근황 유머",y
channel_shorts_tab,도롱챠 DOLONGCHA,UCYkp5UQqqfkWYkWm_jJkA_A,232000,5,y,bopP6wLIhKU,https://www.youtube.com/shorts/bopP6wLIhKU,수박 오타쿠 가족의 눈물나는 영업,660000,66만,,클립아트 짤툰,○,"검정 띠 제목 + 일러스트 클립아트 + 자막, 커뮤니티·근황 유머",y
channel_shorts_tab,도롱챠 DOLONGCHA,UCYkp5UQqqfkWYkWm_jJkA_A,232000,6,y,5ZiEAr4REMg,https://www.youtube.com/shorts/5ZiEAr4REMg,만약 영화가 현실이었다면,680000,68만,,클립아트 짤툰,○,"검정 띠 제목 + 일러스트 클립아트 + 자막, 커뮤니티·근황 유머",y
channel_shorts_tab,도롱챠 DOLONGCHA,UCYkp5UQqqfkWYkWm_jJkA_A,232000,7,y,BNefGoe7d1s,https://www.youtube.com/shorts/BNefGoe7d1s,참지 못한 단톡방 근황,350000,35만,,클립아트 짤툰,○,"검정 띠 제목 + 일러스트 클립아트 + 자막, 커뮤니티·근황 유머",y
channel_shorts_tab,도롱챠 DOLONGCHA,UCYkp5UQqqfkWYkWm_jJkA_A,232000,8,y,lYdpkkelfCk,https://www.youtube.com/shorts/lYdpkkelfCk,기술이 아무리 발전해도 사라지지 않는 직업,840000,84만,,클립아트 짤툰,○,"검정 띠 제목 + 일러스트 클립아트 + 자막, 커뮤니티·근황 유머",y
channel_shorts_tab,도롱챠 DOLONGCHA,UCYkp5UQqqfkWYkWm_jJkA_A,232000,9,y,k7Go6vJ9gIk,https://www.youtube.com/shorts/k7Go6vJ9gIk,연구가 필요한 반려견 장수 비결,1220000,122만,,클립아트 짤툰,○,"검정 띠 제목 + 일러스트 클립아트 + 자막, 커뮤니티·근황 유머",y
channel_shorts_tab,도롱챠 DOLONGCHA,UCYkp5UQqqfkWYkWm_jJkA_A,232000,10,y,WUhaHs_6v64,https://www.youtube.com/shorts/WUhaHs_6v64,병원 어르신 전용 마법의 말투,780000,78만,,클립아트 짤툰,○,"검정 띠 제목 + 일러스트 클립아트 + 자막, 커뮤니티·근황 유머",y
channel_shorts_tab,도롱챠 DOLONGCHA,UCYkp5UQqqfkWYkWm_jJkA_A,232000,11,y,oXLOe8wrRH8,https://www.youtube.com/shorts/oXLOe8wrRH8,새롭게 발견된 종강법,270000,27만,,클립아트 짤툰,○,"검정 띠 제목 + 일러스트 클립아트 + 자막, 커뮤니티·근황 유머",y
channel_shorts_tab,도롱챠 DOLONGCHA,UCYkp5UQqqfkWYkWm_jJkA_A,232000,12,y,uVgF1lqRFBg,https://www.youtube.com/shorts/uVgF1lqRFBg,AI 사용 경고한 사람의 안타까운 최후,600000,60만,,클립아트 짤툰,○,"검정 띠 제목 + 일러스트 클립아트 + 자막, 커뮤니티·근황 유머",y
channel_shorts_tab,도롱챠 DOLONGCHA,UCYkp5UQqqfkWYkWm_jJkA_A,232000,13,y,A7vUB3sXD6Y,https://www.youtube.com/shorts/A7vUB3sXD6Y,별점 5점 줬는데 리뷰를 지우는 이유,390000,39만,,클립아트 짤툰,○,"검정 띠 제목 + 일러스트 클립아트 + 자막, 커뮤니티·근황 유머",y
channel_shorts_tab,도롱챠 DOLONGCHA,UCYkp5UQqqfkWYkWm_jJkA_A,232000,14,y,2dKJMH551ec,https://www.youtube.com/shorts/2dKJMH551ec,센스도 필요해진 당근 거래,1930000,193만,,클립아트 짤툰,○,"검정 띠 제목 + 일러스트 클립아트 + 자막, 커뮤니티·근황 유머",y
channel_shorts_tab,도롱챠 DOLONGCHA,UCYkp5UQqqfkWYkWm_jJkA_A,232000,15,y,bfJCV3LmYV8,https://www.youtube.com/shorts/bfJCV3LmYV8,부산 상어 레전드 에피소드,410000,41만,,클립아트 짤툰,○,"검정 띠 제목 + 일러스트 클립아트 + 자막, 커뮤니티·근황 유머",y
channel_shorts_tab,도롱챠 DOLONGCHA,UCYkp5UQqqfkWYkWm_jJkA_A,232000,16,y,upiCCt7ZXVY,https://www.youtube.com/shorts/upiCCt7ZXVY,당근에 올라온 마개조 선풍기,220000,22만,,클립아트 짤툰,○,"검정 띠 제목 + 일러스트 클립아트 + 자막, 커뮤니티·근황 유머",y
channel_shorts_tab,도롱챠 DOLONGCHA,UCYkp5UQqqfkWYkWm_jJkA_A,232000,17,y,nJjeFft9IbA,https://www.youtube.com/shorts/nJjeFft9IbA,잔인한 공주시 공주 페스티벌,890000,89만,,클립아트 짤툰,○,"검정 띠 제목 + 일러스트 클립아트 + 자막, 커뮤니티·근황 유머",y
channel_shorts_tab,도롱챠 DOLONGCHA,UCYkp5UQqqfkWYkWm_jJkA_A,232000,18,y,5CC6uDUskds,https://www.youtube.com/shorts/5CC6uDUskds,과거에서 온 듯한 룸메의 쪽지,630000,63만,2026-10-03,클립아트 짤툰,○,"검정 띠 제목 + 일러스트 클립아트 + 자막, 커뮤니티·근황 유머",y
channel_shorts_tab,벙구,UC-Jp4WHCXhxvWQ5Ab4JibJQ,729000,1,"n(최신 3편, 미성숙)",luUbJhjPajc,https://www.youtube.com/shorts/luUbJhjPajc,우물에 물을 부었더니 일어난 충격적인 일 ㄷㄷ,170000,17만,,리액션 토킹헤드,✗,얼굴 출연,y
channel_shorts_tab,벙구,UC-Jp4WHCXhxvWQ5Ab4JibJQ,729000,2,"n(최신 3편, 미성숙)",33ywoQyTJh8,https://www.youtube.com/shorts/33ywoQyTJh8,가장 귀여운 동물을 골라주세요🐶,180000,18만,,리액션 토킹헤드,✗,얼굴 출연,y
channel_shorts_tab,벙구,UC-Jp4WHCXhxvWQ5Ab4JibJQ,729000,3,"n(최신 3편, 미성숙)",_6giO9DhVlA,https://www.youtube.com/shorts/_6giO9DhVlA,어이가 없어서 헛웃음 나온다는 배경화면 ㅋㅋㅋㅋ,540000,54만,,리액션 토킹헤드,✗,얼굴 출연,y
channel_shorts_tab,벙구,UC-Jp4WHCXhxvWQ5Ab4JibJQ,729000,4,y,G2qUpagzsYs,https://www.youtube.com/shorts/G2qUpagzsYs,가장 끔찍한 음식을 골라주세요🤮,180000,18만,2026-10-08,리액션 토킹헤드,✗,얼굴 출연,y
channel_shorts_tab,벙구,UC-Jp4WHCXhxvWQ5Ab4JibJQ,729000,5,y,sDsdvozocT4,https://www.youtube.com/shorts/sDsdvozocT4,미치도록 중독적이라고 난리난 사카딩 밈💀,620000,62만,,리액션 토킹헤드,✗,얼굴 출연,y
channel_shorts_tab,벙구,UC-Jp4WHCXhxvWQ5Ab4JibJQ,729000,6,y,ArK9FnDgDyg,https://www.youtube.com/shorts/ArK9FnDgDyg,미치도록 신기한 닮은꼴들 모음 ㅋㅋㅋㅋ,500000,50만,,리액션 토킹헤드,✗,얼굴 출연,y
channel_shorts_tab,벙구,UC-Jp4WHCXhxvWQ5Ab4JibJQ,729000,7,y,MGM4AVrddAs,https://www.youtube.com/shorts/MGM4AVrddAs,세 번 보면 죽는다는 종현이 시리즈💀,350000,35만,,리액션 토킹헤드,✗,얼굴 출연,y
channel_shorts_tab,벙구,UC-Jp4WHCXhxvWQ5Ab4JibJQ,729000,8,y,xs9NFtIjfvo,https://www.youtube.com/shorts/xs9NFtIjfvo,가장 정신나간 자동차를 골라주세요 ㅋㅋㅋㅋ,420000,42만,,리액션 토킹헤드,✗,얼굴 출연,y
channel_shorts_tab,벙구,UC-Jp4WHCXhxvWQ5Ab4JibJQ,729000,9,y,rELxEBxoPZU,https://www.youtube.com/shorts/rELxEBxoPZU,대한민국 사람들은 100% 공감한다는 영상,1060000,106만,,리액션 토킹헤드,✗,얼굴 출연,y
channel_shorts_tab,벙구,UC-Jp4WHCXhxvWQ5Ab4JibJQ,729000,10,y,ilIfTayCIHk,https://www.youtube.com/shorts/ilIfTayCIHk,볼 때마다 소름끼치는 볼링 영상들 ㅋㅋㅋ,610000,61만,,리액션 토킹헤드,✗,얼굴 출연,y
channel_shorts_tab,벙구,UC-Jp4WHCXhxvWQ5Ab4JibJQ,729000,11,y,wXfOHTdoS0I,https://www.youtube.com/shorts/wXfOHTdoS0I,영화보다 더 운명적인 사랑이야기 (눈물주의),1130000,113만,,리액션 토킹헤드,✗,얼굴 출연,y
channel_shorts_tab,벙구,UC-Jp4WHCXhxvWQ5Ab4JibJQ,729000,12,y,Pxbg7fwQQbI,https://www.youtube.com/shorts/Pxbg7fwQQbI,소름끼치게 만족스러운 영상들🤩,780000,78만,,리액션 토킹헤드,✗,얼굴 출연,y
channel_shorts_tab,벙구,UC-Jp4WHCXhxvWQ5Ab4JibJQ,729000,13,y,jgVSCogc_vU,https://www.youtube.com/shorts/jgVSCogc_vU,역대급으로 웃겼던 히히하하 챌린지 2탄,1070000,107만,,리액션 토킹헤드,✗,얼굴 출연,y
channel_shorts_tab,벙구,UC-Jp4WHCXhxvWQ5Ab4JibJQ,729000,14,y,2vqczmqwNsI,https://www.youtube.com/shorts/2vqczmqwNsI,아니 뭐 이런 고인물이 다 있어 ㅋㅋㅋ,420000,42만,,리액션 토킹헤드,✗,얼굴 출연,y
channel_shorts_tab,벙구,UC-Jp4WHCXhxvWQ5Ab4JibJQ,729000,15,y,ifQcIhynU_8,https://www.youtube.com/shorts/ifQcIhynU_8,웃참 절대 불가능한 헬스장 시리즈 ㅋㅋㅋㅋ,590000,59만,,리액션 토킹헤드,✗,얼굴 출연,y
channel_shorts_tab,벙구,UC-Jp4WHCXhxvWQ5Ab4JibJQ,729000,16,y,yO-i51RLjY4,https://www.youtube.com/shorts/yO-i51RLjY4,가장 멋있는 상남자를 골라주세요💪,330000,33만,,리액션 토킹헤드,✗,얼굴 출연,y
channel_shorts_tab,벙구,UC-Jp4WHCXhxvWQ5Ab4JibJQ,729000,17,y,23ETbyxzqPM,https://www.youtube.com/shorts/23ETbyxzqPM,호날두가 실제로 찍었던 기괴한 광고들 ㅋㅋㅋㅋ,550000,55만,,리액션 토킹헤드,✗,얼굴 출연,y
channel_shorts_tab,벙구,UC-Jp4WHCXhxvWQ5Ab4JibJQ,729000,18,y,GfYmLqnxX30,https://www.youtube.com/shorts/GfYmLqnxX30,가장 이상한 네일을 골라주세요💀,610000,61만,2026-10-01,리액션 토킹헤드,✗,얼굴 출연,y
channel_shorts_tab,헬로차일드 Hello Child,UC6NNKph0M62-_kzceRBgwjQ,488000,1,"n(최신 3편, 미성숙)",M11kuYSaEDc,https://www.youtube.com/shorts/M11kuYSaEDc,너희들의 이름 중간 글자를 맞혀 볼게! ㅎㅎ,450000,45만,,학생 퀴즈·밸런스(실사),✗,실제 학생 출연,y
channel_shorts_tab,헬로차일드 Hello Child,UC6NNKph0M62-_kzceRBgwjQ,488000,2,"n(최신 3편, 미성숙)",IRTPDoyD6Zw,https://www.youtube.com/shorts/IRTPDoyD6Zw,"유찬이는, 여자한테 인기가 많을 스타일일까?",300000,30만,,학생 퀴즈·밸런스(실사),✗,실제 학생 출연,y
channel_shorts_tab,헬로차일드 Hello Child,UC6NNKph0M62-_kzceRBgwjQ,488000,3,"n(최신 3편, 미성숙)",qDw7S2SzOSE,https://www.youtube.com/shorts/qDw7S2SzOSE,"박준형 VS 하양이, 넌 누구랑 사귈래?",370000,37만,,학생 퀴즈·밸런스(실사),✗,실제 학생 출연,y
channel_shorts_tab,헬로차일드 Hello Child,UC6NNKph0M62-_kzceRBgwjQ,488000,4,y,QsaNpZ-soCg,https://www.youtube.com/shorts/QsaNpZ-soCg,"비슷한 체급의 여중딩 둘을, 남고딩 한명이 이길 수 있을까? (팔씨름 대결)",320000,32만,2026-10-08,학생 퀴즈·밸런스(실사),✗,실제 학생 출연,y
channel_shorts_tab,헬로차일드 Hello Child,UC6NNKph0M62-_kzceRBgwjQ,488000,5,y,fxAJAL84dJM,https://www.youtube.com/shorts/fxAJAL84dJM,스펙이 더 좋은 중딩이 팔씨름으로 고딩을 이길 수 있을까??,270000,27만,,학생 퀴즈·밸런스(실사),✗,실제 학생 출연,y
channel_shorts_tab,헬로차일드 Hello Child,UC6NNKph0M62-_kzceRBgwjQ,488000,6,y,OF44-LropOc,https://www.youtube.com/shorts/OF44-LropOc,땅에 손바닥 닿는 사람 있음??,270000,27만,,학생 퀴즈·밸런스(실사),✗,실제 학생 출연,y
channel_shorts_tab,헬로차일드 Hello Child,UC6NNKph0M62-_kzceRBgwjQ,488000,7,y,t9fpFWqkGdI,https://www.youtube.com/shorts/t9fpFWqkGdI,이거 가능한 사람? ㅋㅋㅋ,230000,23만,,학생 퀴즈·밸런스(실사),✗,실제 학생 출연,y
channel_shorts_tab,헬로차일드 Hello Child,UC6NNKph0M62-_kzceRBgwjQ,488000,8,y,jEw2ELhHPyQ,https://www.youtube.com/shorts/jEw2ELhHPyQ,즉시 100억 받기 VS 모르는 아기 살리기,330000,33만,,학생 퀴즈·밸런스(실사),✗,실제 학생 출연,y
channel_shorts_tab,헬로차일드 Hello Child,UC6NNKph0M62-_kzceRBgwjQ,488000,9,y,_E_Gv8bok3s,https://www.youtube.com/shorts/_E_Gv8bok3s,솔직히 헬차 외모 1등은 하린이?,350000,35만,,학생 퀴즈·밸런스(실사),✗,실제 학생 출연,y
channel_shorts_tab,헬로차일드 Hello Child,UC6NNKph0M62-_kzceRBgwjQ,488000,10,y,mjQArsQSv5U,https://www.youtube.com/shorts/mjQArsQSv5U,솔직히 최진이 여자로 보인적 있다? 없다?,280000,28만,,학생 퀴즈·밸런스(실사),✗,실제 학생 출연,y
channel_shorts_tab,헬로차일드 Hello Child,UC6NNKph0M62-_kzceRBgwjQ,488000,11,y,_DzSBX49H2k,https://www.youtube.com/shorts/_DzSBX49H2k,"하린이 VS 진이, 여자 멀리뛰기 왕은 누구일까?",370000,37만,,학생 퀴즈·밸런스(실사),✗,실제 학생 출연,y
channel_shorts_tab,헬로차일드 Hello Child,UC6NNKph0M62-_kzceRBgwjQ,488000,12,y,FOkRlJDE9qw,https://www.youtube.com/shorts/FOkRlJDE9qw,"전학생 VS 준형이, 누가 더 멀리 뛸까? (타이틀전)",560000,56만,,학생 퀴즈·밸런스(실사),✗,실제 학생 출연,y
channel_shorts_tab,헬로차일드 Hello Child,UC6NNKph0M62-_kzceRBgwjQ,488000,13,y,1udYKFEkZg0,https://www.youtube.com/shorts/1udYKFEkZg0,만약 너가 여자라면 누구랑 사귈래?,260000,26만,,학생 퀴즈·밸런스(실사),✗,실제 학생 출연,y
channel_shorts_tab,헬로차일드 Hello Child,UC6NNKph0M62-_kzceRBgwjQ,488000,14,y,xue7oPUFwJE,https://www.youtube.com/shorts/xue7oPUFwJE,다시 태어나면 둘이 사귈 수 있을까? ㅎㅎ,720000,72만,,학생 퀴즈·밸런스(실사),✗,실제 학생 출연,y
channel_shorts_tab,헬로차일드 Hello Child,UC6NNKph0M62-_kzceRBgwjQ,488000,15,y,SSklzO0aEWw,https://www.youtube.com/shorts/SSklzO0aEWw,중딩과 고딩의 차이점은 뭘까?,330000,33만,,학생 퀴즈·밸런스(실사),✗,실제 학생 출연,y
channel_shorts_tab,헬로차일드 Hello Child,UC6NNKph0M62-_kzceRBgwjQ,488000,16,y,60XKaJw1tSw,https://www.youtube.com/shorts/60XKaJw1tSw,이 자세... 되는 사람 있음? ㅋㅋㅋ,390000,39만,,학생 퀴즈·밸런스(실사),✗,실제 학생 출연,y
channel_shorts_tab,헬로차일드 Hello Child,UC6NNKph0M62-_kzceRBgwjQ,488000,17,y,jk4OKgOZW6I,https://www.youtube.com/shorts/jk4OKgOZW6I,과연 중학생들이 90kg 성인을 업을 수 있을까? ㅋㅋ,330000,33만,,학생 퀴즈·밸런스(실사),✗,실제 학생 출연,y
channel_shorts_tab,헬로차일드 Hello Child,UC6NNKph0M62-_kzceRBgwjQ,488000,18,y,4aqrQ-V1IDU,https://www.youtube.com/shorts/4aqrQ-V1IDU,과연 전학생의 키는 몇 cm일까용?,750000,75만,2026-10-04,학생 퀴즈·밸런스(실사),✗,실제 학생 출연,y
channel_shorts_tab,쿠욱쿠욱,UCdNvroIXZnmqbol9tEnhx4w,282000,1,"n(최신 3편, 미성숙)",Kqi3BdOEL58,https://www.youtube.com/shorts/Kqi3BdOEL58,절대 거짓말 안 하는 사람을 거짓말하게 하라!,130000,13만,,분장 상황극,✗,얼굴 출연,y
channel_shorts_tab,쿠욱쿠욱,UCdNvroIXZnmqbol9tEnhx4w,282000,2,"n(최신 3편, 미성숙)",1cnlSI-3vgk,https://www.youtube.com/shorts/1cnlSI-3vgk,광풍의 강빠박 다시 만난 서도겸,200000,20만,,분장 상황극,✗,얼굴 출연,y
channel_shorts_tab,쿠욱쿠욱,UCdNvroIXZnmqbol9tEnhx4w,282000,3,"n(최신 3편, 미성숙)",Vjzx2Mv1tIY,https://www.youtube.com/shorts/Vjzx2Mv1tIY,옛날 미용실 VS 요즘 미용실,190000,19만,,분장 상황극,✗,얼굴 출연,y
channel_shorts_tab,쿠욱쿠욱,UCdNvroIXZnmqbol9tEnhx4w,282000,4,y,9kZu-CXiLpY,https://www.youtube.com/shorts/9kZu-CXiLpY,제발 아니라고 해주세요!,120000,12만,2026-10-07,분장 상황극,✗,얼굴 출연,y
channel_shorts_tab,쿠욱쿠욱,UCdNvroIXZnmqbol9tEnhx4w,282000,5,y,osnvtE68ZVk,https://www.youtube.com/shorts/osnvtE68ZVk,절대 사과하지 않는 사람을 사과하게 하라!,320000,32만,,분장 상황극,✗,얼굴 출연,y
channel_shorts_tab,쿠욱쿠욱,UCdNvroIXZnmqbol9tEnhx4w,282000,6,y,5AfHxUz0bPM,https://www.youtube.com/shorts/5AfHxUz0bPM,광풍의 강빠박 요구르트 대피사건,320000,32만,,분장 상황극,✗,얼굴 출연,y
channel_shorts_tab,쿠욱쿠욱,UCdNvroIXZnmqbol9tEnhx4w,282000,7,y,Tbdgd37VflU,https://www.youtube.com/shorts/Tbdgd37VflU,광풍의 강빠박 형찬이의 흉터,490000,49만,,분장 상황극,✗,얼굴 출연,y
channel_shorts_tab,쿠욱쿠욱,UCdNvroIXZnmqbol9tEnhx4w,282000,8,y,hgmGcmXAUGU,https://www.youtube.com/shorts/hgmGcmXAUGU,절대 노래하지 않는 사람을 노래하게 하라!,460000,46만,,분장 상황극,✗,얼굴 출연,y
channel_shorts_tab,쿠욱쿠욱,UCdNvroIXZnmqbol9tEnhx4w,282000,9,y,5wtMDLYuLko,https://www.youtube.com/shorts/5wtMDLYuLko,제발 정체 좀 숨겨주세요!,290000,29만,,분장 상황극,✗,얼굴 출연,y
channel_shorts_tab,쿠욱쿠욱,UCdNvroIXZnmqbol9tEnhx4w,282000,10,y,Fz1gDoNoaG0,https://www.youtube.com/shorts/Fz1gDoNoaG0,인생 대신 살아드립니다 거지,34000,3.4만,,분장 상황극,✗,얼굴 출연,n
channel_shorts_tab,쿠욱쿠욱,UCdNvroIXZnmqbol9tEnhx4w,282000,11,y,14cLilHtF0k,https://www.youtube.com/shorts/14cLilHtF0k,광풍의 강빠박 매점을 점거하다,330000,33만,,분장 상황극,✗,얼굴 출연,y
channel_shorts_tab,쿠욱쿠욱,UCdNvroIXZnmqbol9tEnhx4w,282000,12,y,T6bEt9WkbUY,https://www.youtube.com/shorts/T6bEt9WkbUY,옛날 사진관 VS 요즘 사진관,220000,22만,,분장 상황극,✗,얼굴 출연,y
channel_shorts_tab,쿠욱쿠욱,UCdNvroIXZnmqbol9tEnhx4w,282000,13,y,4IQ9IycWnQg,https://www.youtube.com/shorts/4IQ9IycWnQg,제발 문 좀 열어주세요!,720000,72만,,분장 상황극,✗,얼굴 출연,y
channel_shorts_tab,쿠욱쿠욱,UCdNvroIXZnmqbol9tEnhx4w,282000,14,y,Fj_6k5C-9lA,https://www.youtube.com/shorts/Fj_6k5C-9lA,광풍의 강빠박 줄다리기를 10명을 혼자 이기다,450000,45만,,분장 상황극,✗,얼굴 출연,y
channel_shorts_tab,쿠욱쿠욱,UCdNvroIXZnmqbol9tEnhx4w,282000,15,y,rLMN69SARzs,https://www.youtube.com/shorts/rLMN69SARzs,절대 긴장 안 하는 사람을 긴장하게 하라!,480000,48만,,분장 상황극,✗,얼굴 출연,y
channel_shorts_tab,쿠욱쿠욱,UCdNvroIXZnmqbol9tEnhx4w,282000,16,y,ahxhUj69BuM,https://www.youtube.com/shorts/ahxhUj69BuM,광풍의 강빠박 체육시간 줄다리기,430000,43만,,분장 상황극,✗,얼굴 출연,y
channel_shorts_tab,쿠욱쿠욱,UCdNvroIXZnmqbol9tEnhx4w,282000,17,y,0jI6vDIekZk,https://www.youtube.com/shorts/0jI6vDIekZk,절대 욕하지 않는 사람을 욕하게 하라!,570000,57만,,분장 상황극,✗,얼굴 출연,y
channel_shorts_tab,쿠욱쿠욱,UCdNvroIXZnmqbol9tEnhx4w,282000,18,y,q3zurJnVBb4,https://www.youtube.com/shorts/q3zurJnVBb4,광풍의 강빠박 재입학 심사,430000,43만,2026-10-02,분장 상황극,✗,얼굴 출연,y
channel_shorts_tab,사내뷰공업 beautyfool,UCeS6R89S32mSOxTNoEqrN7g,1260000,1,"n(최신 3편, 미성숙)",1PGDO63JBP8,https://www.youtube.com/shorts/1PGDO63JBP8,학교에서 소풍 가는 날 90년대생 초딩#shorts,350000,35만,,직장 공감 상황극,✗,얼굴 출연,y
channel_shorts_tab,사내뷰공업 beautyfool,UCeS6R89S32mSOxTNoEqrN7g,1260000,2,"n(최신 3편, 미성숙)",6BH1AwYmRvw,https://www.youtube.com/shorts/6BH1AwYmRvw,태어나서 처음으로 미국 다녀온 썰 #shorts,150000,15만,,직장 공감 상황극,✗,얼굴 출연,y
channel_shorts_tab,사내뷰공업 beautyfool,UCeS6R89S32mSOxTNoEqrN7g,1260000,3,"n(최신 3편, 미성숙)",PnIskptTDIo,https://www.youtube.com/shorts/PnIskptTDIo,나의 매매 일기 (3) - 계약서 쓰고 대출 상담받을 때 #shorts,330000,33만,,직장 공감 상황극,✗,얼굴 출연,y
channel_shorts_tab,사내뷰공업 beautyfool,UCeS6R89S32mSOxTNoEqrN7g,1260000,4,y,stopYnLWmZU,https://www.youtube.com/shorts/stopYnLWmZU,회사에서 일부러 야근하는 직원 공감 #shorts,1890000,189만,2026-10-02,직장 공감 상황극,✗,얼굴 출연,y
channel_shorts_tab,사내뷰공업 beautyfool,UCeS6R89S32mSOxTNoEqrN7g,1260000,5,y,MMpVAzbBH28,https://www.youtube.com/shorts/MMpVAzbBH28,나의 매매 일기(2) - 집을 계약하던 날 #shorts,1880000,188만,,직장 공감 상황극,✗,얼굴 출연,y
channel_shorts_tab,사내뷰공업 beautyfool,UCeS6R89S32mSOxTNoEqrN7g,1260000,6,y,Ic8YJJAtYLM,https://www.youtube.com/shorts/Ic8YJJAtYLM,자유자재로 사투리 쓰는 사람들 공감 #shorts,970000,97만,,직장 공감 상황극,✗,얼굴 출연,y
channel_shorts_tab,사내뷰공업 beautyfool,UCeS6R89S32mSOxTNoEqrN7g,1260000,7,y,NX8Hc_A7Ins,https://www.youtube.com/shorts/NX8Hc_A7Ins,추석 때 차례 지내는 90년대생 초딩 #shorts,580000,58만,,직장 공감 상황극,✗,얼굴 출연,y
channel_shorts_tab,사내뷰공업 beautyfool,UCeS6R89S32mSOxTNoEqrN7g,1260000,8,y,zDOLpE-ZeGY,https://www.youtube.com/shorts/zDOLpE-ZeGY,옷을 잘 안 사는 사람들 공감 #shorts,950000,95만,,직장 공감 상황극,✗,얼굴 출연,y
channel_shorts_tab,사내뷰공업 beautyfool,UCeS6R89S32mSOxTNoEqrN7g,1260000,9,y,Vo3oSWTMpWY,https://www.youtube.com/shorts/Vo3oSWTMpWY,여자들 앞머리 내릴까 말까 고민될 때 공감 #shorts,550000,55만,,직장 공감 상황극,✗,얼굴 출연,y
channel_shorts_tab,사내뷰공업 beautyfool,UCeS6R89S32mSOxTNoEqrN7g,1260000,10,y,ZM8EbCdbMOc,https://www.youtube.com/shorts/ZM8EbCdbMOc,머리 크기에 집착하는 얼평 빌런 정아름 #shorts,670000,67만,,직장 공감 상황극,✗,얼굴 출연,y
channel_shorts_tab,사내뷰공업 beautyfool,UCeS6R89S32mSOxTNoEqrN7g,1260000,11,y,PBVOD73pRy8,https://www.youtube.com/shorts/PBVOD73pRy8,나의 매매 일기 (1) -  집을 사야겠다고 결심하던 날 #shorts,1550000,155만,,직장 공감 상황극,✗,얼굴 출연,y
channel_shorts_tab,사내뷰공업 beautyfool,UCeS6R89S32mSOxTNoEqrN7g,1260000,12,y,iuiB0oI6tEo,https://www.youtube.com/shorts/iuiB0oI6tEo,피부과에서 제모 받을 때 공감 #shorts,1390000,139만,,직장 공감 상황극,✗,얼굴 출연,y
channel_shorts_tab,사내뷰공업 beautyfool,UCeS6R89S32mSOxTNoEqrN7g,1260000,13,y,mryv0zhMY-E,https://www.youtube.com/shorts/mryv0zhMY-E,내복 바람으로 쫓겨난 90년대생 초딩 #shorts,1300000,130만,,직장 공감 상황극,✗,얼굴 출연,y
channel_shorts_tab,사내뷰공업 beautyfool,UCeS6R89S32mSOxTNoEqrN7g,1260000,14,y,HmN28S6V-1s,https://www.youtube.com/shorts/HmN28S6V-1s,친구가 열심히 살면 불안해지는 타입 공감 #shorts,1350000,135만,,직장 공감 상황극,✗,얼굴 출연,y
channel_shorts_tab,사내뷰공업 beautyfool,UCeS6R89S32mSOxTNoEqrN7g,1260000,15,y,cDH1iuUbTKo,https://www.youtube.com/shorts/cDH1iuUbTKo,피어싱을 잔뜩 뚫은 15학번 박세은 #shorts,1350000,135만,,직장 공감 상황극,✗,얼굴 출연,y
channel_shorts_tab,사내뷰공업 beautyfool,UCeS6R89S32mSOxTNoEqrN7g,1260000,16,y,pLbZHf0z55w,https://www.youtube.com/shorts/pLbZHf0z55w,여자들 생리 늦어질 때 공감 #shorts,1750000,175만,,직장 공감 상황극,✗,얼굴 출연,y
channel_shorts_tab,사내뷰공업 beautyfool,UCeS6R89S32mSOxTNoEqrN7g,1260000,17,y,ysOaz45SXT0,https://www.youtube.com/shorts/ysOaz45SXT0,불안감을 자주 느끼는 재수생 홍유경 #shorts,690000,69만,,직장 공감 상황극,✗,얼굴 출연,y
channel_shorts_tab,사내뷰공업 beautyfool,UCeS6R89S32mSOxTNoEqrN7g,1260000,18,y,rvW76ei09Wc,https://www.youtube.com/shorts/rvW76ei09Wc,연애할 때 첫 키스 타이밍 공감 #shorts,350000,35만,2026-08-31,직장 공감 상황극,✗,얼굴 출연,y
channel_shorts_tab,놀란한국,UCoAr7v1jO1rPZXnkdXhW6Vw,9140,1,"n(최신 3편, 미성숙)",NbjgI6FNLSQ,https://www.youtube.com/shorts/NbjgI6FNLSQ,빌보드 1위 찍은 한국 노래의 충격적인 탄생 비화,3000,3천,,외국인 반응(재업로드),✗,방송·SNS 클립,n
channel_shorts_tab,놀란한국,UCoAr7v1jO1rPZXnkdXhW6Vw,9140,2,"n(최신 3편, 미성숙)",H_WJ43UL7sA,https://www.youtube.com/shorts/H_WJ43UL7sA,한일전 무대서 일본인들 단체로 오열하게 만든 린의 위엄,7100,7.1천,,외국인 반응(재업로드),✗,방송·SNS 클립,n
channel_shorts_tab,놀란한국,UCoAr7v1jO1rPZXnkdXhW6Vw,9140,3,"n(최신 3편, 미성숙)",FMlnAsX5ONY,https://www.youtube.com/shorts/FMlnAsX5ONY,미국 명문대 교수가 한글 보고 극찬 쏟아낸 이유,52000,5.2만,,외국인 반응(재업로드),✗,방송·SNS 클립,n
channel_shorts_tab,놀란한국,UCoAr7v1jO1rPZXnkdXhW6Vw,9140,4,y,Ru2MdiKU2Sg,https://www.youtube.com/shorts/Ru2MdiKU2Sg,해외 도심 한복판 뒤흔든 삼성 광고의 정체,31000,3.1만,2026-10-09,외국인 반응(재업로드),✗,방송·SNS 클립,n
channel_shorts_tab,놀란한국,UCoAr7v1jO1rPZXnkdXhW6Vw,9140,5,y,j9mi_c92Zhk,https://www.youtube.com/shorts/j9mi_c92Zhk,마블 영화서 미국 관객들 빵 터뜨린 한국배우의 정체,22000,2.2만,,외국인 반응(재업로드),✗,방송·SNS 클립,n
channel_shorts_tab,놀란한국,UCoAr7v1jO1rPZXnkdXhW6Vw,9140,6,y,jDzmpc6ZHT0,https://www.youtube.com/shorts/jDzmpc6ZHT0,미국 유명 미술관 발칵 뒤집어놓은 BTS RM의 안목,35000,3.5만,,외국인 반응(재업로드),✗,방송·SNS 클립,n
channel_shorts_tab,놀란한국,UCoAr7v1jO1rPZXnkdXhW6Vw,9140,7,y,9OIAAaITiUw,https://www.youtube.com/shorts/9OIAAaITiUw,남북 정상회담 얼어붙은 공기 녹여버린 초등학생,22000,2.2만,,외국인 반응(재업로드),✗,방송·SNS 클립,n
channel_shorts_tab,놀란한국,UCoAr7v1jO1rPZXnkdXhW6Vw,9140,8,y,1sT6iZokJqA,https://www.youtube.com/shorts/1sT6iZokJqA,표정 굳어있던 청룡영화제 초토화시킨 한국가수의 위엄,67000,6.7만,,외국인 반응(재업로드),✗,방송·SNS 클립,n
channel_shorts_tab,놀란한국,UCoAr7v1jO1rPZXnkdXhW6Vw,9140,9,y,JYPQdFKKQAw,https://www.youtube.com/shorts/JYPQdFKKQAw,미국 오디션장서 2연속 골든 버저 터뜨린 한국 마술팀의 정체,25000,2.5만,,외국인 반응(재업로드),✗,방송·SNS 클립,n
channel_shorts_tab,놀란한국,UCoAr7v1jO1rPZXnkdXhW6Vw,9140,10,y,4KpOAPJ_KgM,https://www.youtube.com/shorts/4KpOAPJ_KgM,AI 가상인간인 줄 알았다가 실물 보고 전 세계 경악한 한국 펜싱 선수,200000,20만,,외국인 반응(재업로드),✗,방송·SNS 클립,y
channel_shorts_tab,놀란한국,UCoAr7v1jO1rPZXnkdXhW6Vw,9140,11,y,gpIzB_sxFhg,https://www.youtube.com/shorts/gpIzB_sxFhg,서구 매체서 해외 팬들한테 손절당한 한국아이돌,710000,71만,,외국인 반응(재업로드),✗,방송·SNS 클립,y
channel_shorts_tab,놀란한국,UCoAr7v1jO1rPZXnkdXhW6Vw,9140,12,y,2yfrb8TvsAc,https://www.youtube.com/shorts/2yfrb8TvsAc,한일 국제결혼이 3년 연속 폭증한 진짜 이유,36000,3.6만,,외국인 반응(재업로드),✗,방송·SNS 클립,n
channel_shorts_tab,놀란한국,UCoAr7v1jO1rPZXnkdXhW6Vw,9140,13,y,N8o-OQ9QyUI,https://www.youtube.com/shorts/N8o-OQ9QyUI,한일전 결승서 털리고 단체로 멘붕 온 일본 열도,54000,5.4만,,외국인 반응(재업로드),✗,방송·SNS 클립,n
channel_shorts_tab,놀란한국,UCoAr7v1jO1rPZXnkdXhW6Vw,9140,14,y,QC1G7uSIr94,https://www.youtube.com/shorts/QC1G7uSIr94,일본 톱배우들이 한국 오디션장으로 몰려드는 충격적인 이유,160000,16만,,외국인 반응(재업로드),✗,방송·SNS 클립,y
channel_shorts_tab,놀란한국,UCoAr7v1jO1rPZXnkdXhW6Vw,9140,15,y,vTADCY4hAx4,https://www.youtube.com/shorts/vTADCY4hAx4,외국인들이 한 입 뜨자마자 감탄 터진 한국 국밥의 정체 #외국인반응,50000,5만,,외국인 반응(재업로드),✗,방송·SNS 클립,n
channel_shorts_tab,놀란한국,UCoAr7v1jO1rPZXnkdXhW6Vw,9140,16,y,I6ZqU4E8zso,https://www.youtube.com/shorts/I6ZqU4E8zso,일본 팬들마저 자국 아이돌 손절하게 만든 K-팝의 위엄,430000,43만,,외국인 반응(재업로드),✗,방송·SNS 클립,y
channel_shorts_tab,놀란한국,UCoAr7v1jO1rPZXnkdXhW6Vw,9140,17,y,nzz0BdimDmQ,https://www.youtube.com/shorts/nzz0BdimDmQ,디즈니 본사 눈에 띄어 브로드웨이 주연 꿰찬 한국 배우,1700000,170만,,외국인 반응(재업로드),✗,방송·SNS 클립,y
channel_shorts_tab,놀란한국,UCoAr7v1jO1rPZXnkdXhW6Vw,9140,18,y,FuO5sp6jdyA,https://www.youtube.com/shorts/FuO5sp6jdyA,"""예약 꽉 찼다더니 한국인이라 하자"" 문 활짝 열고 VIP 모신 일본 식당의 반전",97000,9.7만,2026-10-06,외국인 반응(재업로드),✗,방송·SNS 클립,n
channel_shorts_tab,K-지오그래픽,UC4JW3CGp83zDLO9664bc2Cw,997,1,"n(최신 3편, 미성숙)",YS0ss3RwoV4,https://www.youtube.com/shorts/YS0ss3RwoV4,한국을 찐으로 사랑하는 외국인의 진심이 담긴 팩폭?! 🇰🇷,32000,3.2만,,외국인 반응(재업로드),✗,SNS 클립,n
channel_shorts_tab,K-지오그래픽,UC4JW3CGp83zDLO9664bc2Cw,997,2,"n(최신 3편, 미성숙)",3hmeghR2Iqk,https://www.youtube.com/shorts/3hmeghR2Iqk,외국인이 푹 빠진 대한민국 서울의 최고로 아름다운 이 곳은?,16000,1.6만,,외국인 반응(재업로드),✗,SNS 클립,n
channel_shorts_tab,K-지오그래픽,UC4JW3CGp83zDLO9664bc2Cw,997,3,"n(최신 3편, 미성숙)",H8SApMcX75A,https://www.youtube.com/shorts/H8SApMcX75A,“서울은 온 동네가 부촌?!” 외국인이 놀란 성수와 강남의 반전 매력,54000,5.4만,,외국인 반응(재업로드),✗,SNS 클립,n
channel_shorts_tab,K-지오그래픽,UC4JW3CGp83zDLO9664bc2Cw,997,4,y,mEG4edbhzNM,https://www.youtube.com/shorts/mEG4edbhzNM,역대급 반전! 대한민국은 잘 사는데 매너까지.. 어떻게 이럴 수 있나요?! 외국인이 놀라는 K-매력은?!,290000,29만,2026-09-14,외국인 반응(재업로드),✗,SNS 클립,y
channel_shorts_tab,K-지오그래픽,UC4JW3CGp83zDLO9664bc2Cw,997,5,y,-OsQH2kMeiQ,https://www.youtube.com/shorts/-OsQH2kMeiQ,"""계속 입고 싶어요 ㅠㅠ"" 한국 전통 의상 입고 감탄 연발한 외국인들의 놀라운 반응",32000,3.2만,,외국인 반응(재업로드),✗,SNS 클립,n
channel_shorts_tab,K-지오그래픽,UC4JW3CGp83zDLO9664bc2Cw,997,6,y,b8S8wleQ_jM,https://www.youtube.com/shorts/b8S8wleQ_jM,외국인 커플이 감탄한 경주의 숨겨진 장소?! 🇰🇷,26000,2.6만,,외국인 반응(재업로드),✗,SNS 클립,n
channel_shorts_tab,K-지오그래픽,UC4JW3CGp83zDLO9664bc2Cw,997,7,y,rpe23CZC4ws,https://www.youtube.com/shorts/rpe23CZC4ws,“여기 계속 오고 싶어요” 😂 K단골맛집을 찾은 외국인 가족의 찐 소감!!,7900,7.9천,,외국인 반응(재업로드),✗,SNS 클립,n
channel_shorts_tab,K-지오그래픽,UC4JW3CGp83zDLO9664bc2Cw,997,8,y,ePzUTT-oUoI,https://www.youtube.com/shorts/ePzUTT-oUoI,제가 올린 영상 때문에 식당이 대박 났다고요?! 1년 만에 다시 찾은 식당에서 겪은 감동적인 일 😭,9500,9.5천,,외국인 반응(재업로드),✗,SNS 클립,n
channel_shorts_tab,K-지오그래픽,UC4JW3CGp83zDLO9664bc2Cw,997,9,y,DoFh9uxssiE,https://www.youtube.com/shorts/DoFh9uxssiE,외국인이 '숨멎'한 동화 같은 한국 마을! 대체 어디길래? 😲🇰🇷,120000,12만,,외국인 반응(재업로드),✗,SNS 클립,y
channel_shorts_tab,K-지오그래픽,UC4JW3CGp83zDLO9664bc2Cw,997,10,y,mPBbwKMPTJ8,https://www.youtube.com/shorts/mPBbwKMPTJ8,"""정말 믿기지 않아요"" K-시골의 무서운(?) 환대에 기절초풍한 미국인 ㄷㄷ",37000,3.7만,,외국인 반응(재업로드),✗,SNS 클립,n
channel_shorts_tab,K-지오그래픽,UC4JW3CGp83zDLO9664bc2Cw,997,11,y,BmDPlpfHNtA,https://www.youtube.com/shorts/BmDPlpfHNtA,"""내가 알던 아시아가 아니야.."" 한국 길거리 스케일에 충격받은 외국인들 ㄷㄷ",130000,13만,,외국인 반응(재업로드),✗,SNS 클립,y
channel_shorts_tab,K-지오그래픽,UC4JW3CGp83zDLO9664bc2Cw,997,12,y,vSmFkIbnI_E,https://www.youtube.com/shorts/vSmFkIbnI_E,세계 어느 곳과도 견줄만하다!! 외국인들이 왜 설악산으로 몰리는지 바로 납득함,40000,4만,,외국인 반응(재업로드),✗,SNS 클립,n
channel_shorts_tab,K-지오그래픽,UC4JW3CGp83zDLO9664bc2Cw,997,13,y,x3Qdz2TFMpA,https://www.youtube.com/shorts/x3Qdz2TFMpA,"""이런 환대는 어디에도 없어요"" 동해안 자전거 여행 중 마주친 감동의 순간",33000,3.3만,,외국인 반응(재업로드),✗,SNS 클립,n
channel_shorts_tab,K-지오그래픽,UC4JW3CGp83zDLO9664bc2Cw,997,14,y,RTfpHZJmb9s,https://www.youtube.com/shorts/RTfpHZJmb9s,"""외국에선 다 밀고 타는데..."" 한국 지하철 타자마자 외국인이 충격받은 진짜 이유",30000,3만,,외국인 반응(재업로드),✗,SNS 클립,n
channel_shorts_tab,K-지오그래픽,UC4JW3CGp83zDLO9664bc2Cw,997,15,y,UlZ8MCfNUFg,https://www.youtube.com/shorts/UlZ8MCfNUFg,자전거 여행 중 K-시골 마을에 갔더니 벌어진 일... 외국인이 감동할 수밖에 없는 이유,19000,1.9만,,외국인 반응(재업로드),✗,SNS 클립,n
channel_shorts_tab,K-지오그래픽,UC4JW3CGp83zDLO9664bc2Cw,997,16,y,YNq49NYNtO4,https://www.youtube.com/shorts/YNq49NYNtO4,"""미국 유명 산보다 낫다"" 한국 K-국립공원에서 미국인이 경악한 이유는?ㄷㄷ",100000,10만,,외국인 반응(재업로드),✗,SNS 클립,y
channel_shorts_tab,K-지오그래픽,UC4JW3CGp83zDLO9664bc2Cw,997,17,y,bMWfoQcpHS0,https://www.youtube.com/shorts/bMWfoQcpHS0,미국 H 한인 마트에서 K-비빔밥 먹고 인생 음식 됐다는 외국인,27000,2.7만,,외국인 반응(재업로드),✗,SNS 클립,n
channel_shorts_tab,K-지오그래픽,UC4JW3CGp83zDLO9664bc2Cw,997,18,y,b5Vs4_WyofA,https://www.youtube.com/shorts/b5Vs4_WyofA,"""한국에서 좋은 추억이 될 거야"" 길거리까지 뛰어오신 K-사장님의 감동 선물",30000,3만,2026-09-01,외국인 반응(재업로드),✗,SNS 클립,n
channel_shorts_tab,ilovekor,UCNze0pQiIYlK1G_2xtg-AXg,4360,1,"n(최신 3편, 미성숙)",HHqh62ZPIu8,https://www.youtube.com/shorts/HHqh62ZPIu8,휠체어 하차를 도운 시민들… 왜 논란이지.?,98000,9.8만,,외국인 반응(재업로드),✗,외국인 SNS 클립,n
channel_shorts_tab,ilovekor,UCNze0pQiIYlK1G_2xtg-AXg,4360,2,"n(최신 3편, 미성숙)",OEtIJgKwh_o,https://www.youtube.com/shorts/OEtIJgKwh_o,한국에서 아이를 혼내려다 뜻밖의 일을 겪은 외국인 부부,50000,5만,,외국인 반응(재업로드),✗,외국인 SNS 클립,n
channel_shorts_tab,ilovekor,UCNze0pQiIYlK1G_2xtg-AXg,4360,3,"n(최신 3편, 미성숙)",zsZNpxf3F0w,https://www.youtube.com/shorts/zsZNpxf3F0w,"선행을 일삼는 외국인, 그의 평범하지 않은 과거",140000,14만,,외국인 반응(재업로드),✗,외국인 SNS 클립,y
channel_shorts_tab,ilovekor,UCNze0pQiIYlK1G_2xtg-AXg,4360,4,y,9GiouzUoy3I,https://www.youtube.com/shorts/9GiouzUoy3I,"아이들과 한국에 온 호주 가족, 일본과 같을 줄 알았는데…",110000,11만,2026-10-08,외국인 반응(재업로드),✗,외국인 SNS 클립,y
channel_shorts_tab,ilovekor,UCNze0pQiIYlK1G_2xtg-AXg,4360,5,y,mNVOpZ88Cu4,https://www.youtube.com/shorts/mNVOpZ88Cu4,명예 대만인이 한국에 왔는데… 뜻밖의 문제가 생겼다,180000,18만,,외국인 반응(재업로드),✗,외국인 SNS 클립,y
channel_shorts_tab,ilovekor,UCNze0pQiIYlK1G_2xtg-AXg,4360,6,y,3pheMlNhoOQ,https://www.youtube.com/shorts/3pheMlNhoOQ,외국인이 찾아낸 한국의 절경… 여기가 어디인지 아시나요?,100000,10만,,외국인 반응(재업로드),✗,외국인 SNS 클립,y
channel_shorts_tab,ilovekor,UCNze0pQiIYlK1G_2xtg-AXg,4360,7,y,uSCjHJfSmVg,https://www.youtube.com/shorts/uSCjHJfSmVg,K-드라마로 티격대는 미국인 부부의 일상,230000,23만,,외국인 반응(재업로드),✗,외국인 SNS 클립,y
channel_shorts_tab,ilovekor,UCNze0pQiIYlK1G_2xtg-AXg,4360,8,y,WEVfBgF0yQw,https://www.youtube.com/shorts/WEVfBgF0yQw,"한국 생활 4년째, 그녀가 돌아갈 비행기표를 찾아본 이유",690000,69만,,외국인 반응(재업로드),✗,외국인 SNS 클립,y
channel_shorts_tab,ilovekor,UCNze0pQiIYlK1G_2xtg-AXg,4360,9,y,PgRNQcJeP7E,https://www.youtube.com/shorts/PgRNQcJeP7E,너무 맛있는데 이유를 설명 못 하겠다는 한국 음식,210000,21만,,외국인 반응(재업로드),✗,외국인 SNS 클립,y
channel_shorts_tab,ilovekor,UCNze0pQiIYlK1G_2xtg-AXg,4360,10,y,SjGsEy7IbIU,https://www.youtube.com/shorts/SjGsEy7IbIU,한국의 미래가 부럽다는 브라질인,89000,8.9만,,외국인 반응(재업로드),✗,외국인 SNS 클립,n
channel_shorts_tab,ilovekor,UCNze0pQiIYlK1G_2xtg-AXg,4360,11,y,Rys0SXfzh_s,https://www.youtube.com/shorts/Rys0SXfzh_s,한국에 가지 말라던 일본인… 이유를 듣고 보니ㅋㅋ,180000,18만,,외국인 반응(재업로드),✗,외국인 SNS 클립,y
channel_shorts_tab,ilovekor,UCNze0pQiIYlK1G_2xtg-AXg,4360,12,y,gCRvTvosPJ4,https://www.youtube.com/shorts/gCRvTvosPJ4,감자탕 먹고서는 눈이 초롱초롱 해진 외국인,170000,17만,,외국인 반응(재업로드),✗,외국인 SNS 클립,y
channel_shorts_tab,ilovekor,UCNze0pQiIYlK1G_2xtg-AXg,4360,13,y,Wf49Afmk3ZE,https://www.youtube.com/shorts/Wf49Afmk3ZE,김치 달라고 살벌하게 부탁하는 외국아재,12000,1.2만,,외국인 반응(재업로드),✗,외국인 SNS 클립,n
channel_shorts_tab,ilovekor,UCNze0pQiIYlK1G_2xtg-AXg,4360,14,y,VNQKRgkuHro,https://www.youtube.com/shorts/VNQKRgkuHro,분명 훈훈한 한국 여행 영상인데… 짐을 세어보니?,48000,4.8만,,외국인 반응(재업로드),✗,외국인 SNS 클립,n
channel_shorts_tab,ilovekor,UCNze0pQiIYlK1G_2xtg-AXg,4360,15,y,rGt0xv-K1qw,https://www.youtube.com/shorts/rGt0xv-K1qw,이탈리아식 짜장면 먹기~,77000,7.7만,,외국인 반응(재업로드),✗,외국인 SNS 클립,n
channel_shorts_tab,ilovekor,UCNze0pQiIYlK1G_2xtg-AXg,4360,16,y,ztClyB9V1pg,https://www.youtube.com/shorts/ztClyB9V1pg,알프스 돌로미티 세체다 절경 속에서 한국식 한강 라면을 맛볼 수 있는 역대급 인생 맛집,5700,5.7천,,외국인 반응(재업로드),✗,외국인 SNS 클립,n
channel_shorts_tab,ilovekor,UCNze0pQiIYlK1G_2xtg-AXg,4360,17,y,HZ7EFEApodY,https://www.youtube.com/shorts/HZ7EFEApodY,미국 태권도장에서 매일 펼쳐지는 감동적인 일상,330000,33만,,외국인 반응(재업로드),✗,외국인 SNS 클립,y
channel_shorts_tab,ilovekor,UCNze0pQiIYlK1G_2xtg-AXg,4360,18,y,9UPvU_ztGgQ,https://www.youtube.com/shorts/9UPvU_ztGgQ,1박2일 여행와서 삼겹살 맛있게 먹겠다고 등산하는 외국인,130000,13만,2026-10-01,외국인 반응(재업로드),✗,외국인 SNS 클립,y
channel_shorts_tab,반달샘 Dalsaem,UC9n0SM6k4zC3C7A1AdXCCbw,308000,1,"n(최신 3편, 미성숙)",n5v5NHsFRUI,https://www.youtube.com/shorts/n5v5NHsFRUI,묘화살있는 사람의 길냥이 카혼 연주하기🥁✨,11000,1.1만,,ASMR·상황극,✗,얼굴·손 출연,n
channel_shorts_tab,반달샘 Dalsaem,UC9n0SM6k4zC3C7A1AdXCCbw,308000,2,"n(최신 3편, 미성숙)",-tloLKquGEo,https://www.youtube.com/shorts/-tloLKquGEo,[ASMR]내가 만든 ASMR 패드의 소리는⁉️🫧,100000,10만,,ASMR·상황극,✗,얼굴·손 출연,y
channel_shorts_tab,반달샘 Dalsaem,UC9n0SM6k4zC3C7A1AdXCCbw,308000,3,"n(최신 3편, 미성숙)",9LL6CgsNGzQ,https://www.youtube.com/shorts/9LL6CgsNGzQ,나만의 ASMR 패드 맹들기✨가성비 다이소‼️,110000,11만,,ASMR·상황극,✗,얼굴·손 출연,y
channel_shorts_tab,반달샘 Dalsaem,UC9n0SM6k4zC3C7A1AdXCCbw,308000,4,y,jBjgya3c2oQ,https://www.youtube.com/shorts/jBjgya3c2oQ,냥줍 당했(?)던 그날 저녁 있었던 일💦,310000,31만,2026-10-01,ASMR·상황극,✗,얼굴·손 출연,y
channel_shorts_tab,반달샘 Dalsaem,UC9n0SM6k4zC3C7A1AdXCCbw,308000,5,y,qM9ttWxO3Us,https://www.youtube.com/shorts/qM9ttWxO3Us,갑자기 냥줍 당한(?)썰🥹,550000,55만,,ASMR·상황극,✗,얼굴·손 출연,y
channel_shorts_tab,반달샘 Dalsaem,UC9n0SM6k4zC3C7A1AdXCCbw,308000,6,y,23WBe2On8CM,https://www.youtube.com/shorts/23WBe2On8CM,[ASMR]종이 간식을 먹어보좌📝✨,50000,5만,,ASMR·상황극,✗,얼굴·손 출연,n
channel_shorts_tab,반달샘 Dalsaem,UC9n0SM6k4zC3C7A1AdXCCbw,308000,7,y,Sb25eZfJfBQ,https://www.youtube.com/shorts/Sb25eZfJfBQ,거대한 알에서 뭐가 나올까⁉️✨,130000,13만,,ASMR·상황극,✗,얼굴·손 출연,y
channel_shorts_tab,반달샘 Dalsaem,UC9n0SM6k4zC3C7A1AdXCCbw,308000,8,y,2AoMFrvRq1A,https://www.youtube.com/shorts/2AoMFrvRq1A,요즘 유행✨갱얼쥐 먹방 도전🐶,94000,9.4만,,ASMR·상황극,✗,얼굴·손 출연,n
channel_shorts_tab,반달샘 Dalsaem,UC9n0SM6k4zC3C7A1AdXCCbw,308000,9,y,j7NURFhYDpI,https://www.youtube.com/shorts/j7NURFhYDpI,한교동 5만원 랜덤박스📦5만원이면 산다 vs 안산다⁉️,130000,13만,,ASMR·상황극,✗,얼굴·손 출연,y
channel_shorts_tab,반달샘 Dalsaem,UC9n0SM6k4zC3C7A1AdXCCbw,308000,10,y,SWa8aBdrUWY,https://www.youtube.com/shorts/SWa8aBdrUWY,간식유튜버의 간식창고 털아보좌✨❤️‍🔥,170000,17만,,ASMR·상황극,✗,얼굴·손 출연,y
channel_shorts_tab,반달샘 Dalsaem,UC9n0SM6k4zC3C7A1AdXCCbw,308000,11,y,_qqDxNq5CFc,https://www.youtube.com/shorts/_qqDxNq5CFc,편의점에서도 말랑이를 판다고⁉️다 털어옴✨,310000,31만,,ASMR·상황극,✗,얼굴·손 출연,y
channel_shorts_tab,반달샘 Dalsaem,UC9n0SM6k4zC3C7A1AdXCCbw,308000,12,y,ks7m3u5M4-U,https://www.youtube.com/shorts/ks7m3u5M4-U,☔ 비 오는 날 산리오캐릭터즈 시딩키트 ASMR,44000,4.4만,,ASMR·상황극,✗,얼굴·손 출연,n
channel_shorts_tab,반달샘 Dalsaem,UC9n0SM6k4zC3C7A1AdXCCbw,308000,13,y,AnjYzr0xLME,https://www.youtube.com/shorts/AnjYzr0xLME,[ASMR] 각 잡고 낋여온🙇🏻‍♀️다이소 슬라임ASMR✨,240000,24만,,ASMR·상황극,✗,얼굴·손 출연,y
channel_shorts_tab,반달샘 Dalsaem,UC9n0SM6k4zC3C7A1AdXCCbw,308000,14,y,rxKKj_2HLSw,https://www.youtube.com/shorts/rxKKj_2HLSw,다이소 재료로 만든 슬라임⁉️이런 걸로 만든다고?!!,97000,9.7만,,ASMR·상황극,✗,얼굴·손 출연,n
channel_shorts_tab,반달샘 Dalsaem,UC9n0SM6k4zC3C7A1AdXCCbw,308000,15,y,M_nN5syx1RQ,https://www.youtube.com/shorts/M_nN5syx1RQ,이게 왜 맛있지..⁉️특이한 맛 과자 추천❤️‍🔥,200000,20만,,ASMR·상황극,✗,얼굴·손 출연,y
channel_shorts_tab,반달샘 Dalsaem,UC9n0SM6k4zC3C7A1AdXCCbw,308000,16,y,STlNG3IGmEg,https://www.youtube.com/shorts/STlNG3IGmEg,[ASMR]찍먹젤리 얼려먹방🧊✨,140000,14만,,ASMR·상황극,✗,얼굴·손 출연,y
channel_shorts_tab,반달샘 Dalsaem,UC9n0SM6k4zC3C7A1AdXCCbw,308000,17,y,FxEjfgzNXb4,https://www.youtube.com/shorts/FxEjfgzNXb4,[ASMR]새벽에 공포의 편의점 털어보좌🩸✨,330000,33만,,ASMR·상황극,✗,얼굴·손 출연,y
channel_shorts_tab,반달샘 Dalsaem,UC9n0SM6k4zC3C7A1AdXCCbw,308000,18,y,SmUjoBa-KH8,https://www.youtube.com/shorts/SmUjoBa-KH8,킹받게 하는.. 폰케이스 랜덤박스📦⁉️,140000,14만,2026-08-16,ASMR·상황극,✗,얼굴·손 출연,y
channel_shorts_tab,뚝딱 상식 뚝배기,UCAIMfhYpcQ7bI1fRQqQT1Dw,596000,1,"n(최신 3편, 미성숙)",tWg4K9j2EQ0,https://www.youtube.com/shorts/tWg4K9j2EQ0,아무도 이해하지 못한 고대의 농담,400000,40만,,사진+해설 잡학,△,보도사진 사용,y
channel_shorts_tab,뚝딱 상식 뚝배기,UCAIMfhYpcQ7bI1fRQqQT1Dw,596000,2,"n(최신 3편, 미성숙)",DjnLLKZUEKM,https://www.youtube.com/shorts/DjnLLKZUEKM,고인물 할아버지가 자전거 대회에 나가면 벌어지는 일,450000,45만,,사진+해설 잡학,△,보도사진 사용,y
channel_shorts_tab,뚝딱 상식 뚝배기,UCAIMfhYpcQ7bI1fRQqQT1Dw,596000,3,"n(최신 3편, 미성숙)",TdT03upptg0,https://www.youtube.com/shorts/TdT03upptg0,축구에 블랙카드가 생긴 이유,600000,60만,,사진+해설 잡학,△,보도사진 사용,y
channel_shorts_tab,뚝딱 상식 뚝배기,UCAIMfhYpcQ7bI1fRQqQT1Dw,596000,4,y,KSD1H8QTrF4,https://www.youtube.com/shorts/KSD1H8QTrF4,너무 웃겨서 풀려난 범죄자,500000,50만,2026-10-05,사진+해설 잡학,△,보도사진 사용,y
channel_shorts_tab,뚝딱 상식 뚝배기,UCAIMfhYpcQ7bI1fRQqQT1Dw,596000,5,y,yoDgkOUjqm8,https://www.youtube.com/shorts/yoDgkOUjqm8,일본에서 난리난 기적의 원숭이 임신 사건,390000,39만,,사진+해설 잡학,△,보도사진 사용,y
channel_shorts_tab,뚝딱 상식 뚝배기,UCAIMfhYpcQ7bI1fRQqQT1Dw,596000,6,y,rWYjY40_2Hc,https://www.youtube.com/shorts/rWYjY40_2Hc,과학적으로 모기를 잡는 방법,580000,58만,,사진+해설 잡학,△,보도사진 사용,y
channel_shorts_tab,뚝딱 상식 뚝배기,UCAIMfhYpcQ7bI1fRQqQT1Dw,596000,7,y,Xc823uv2AbI,https://www.youtube.com/shorts/Xc823uv2AbI,가장 충격적이었던 전역 선물,770000,77만,,사진+해설 잡학,△,보도사진 사용,y
channel_shorts_tab,뚝딱 상식 뚝배기,UCAIMfhYpcQ7bI1fRQqQT1Dw,596000,8,y,5ys5u_FFKRY,https://www.youtube.com/shorts/5ys5u_FFKRY,세상에서 가장 슬픈 마인크래프트 영상,370000,37만,,사진+해설 잡학,△,보도사진 사용,y
channel_shorts_tab,뚝딱 상식 뚝배기,UCAIMfhYpcQ7bI1fRQqQT1Dw,596000,9,y,SCF4szxPWSU,https://www.youtube.com/shorts/SCF4szxPWSU,한국 축구 최악의 깽판 사건,360000,36만,,사진+해설 잡학,△,보도사진 사용,y
channel_shorts_tab,뚝딱 상식 뚝배기,UCAIMfhYpcQ7bI1fRQqQT1Dw,596000,10,y,tfV2Du2icMw,https://www.youtube.com/shorts/tfV2Du2icMw,의외로 전부 한 사람이 만들었다는 유행어들,1220000,122만,,사진+해설 잡학,△,보도사진 사용,y
channel_shorts_tab,뚝딱 상식 뚝배기,UCAIMfhYpcQ7bI1fRQqQT1Dw,596000,11,y,rc6oQf4KpiU,https://www.youtube.com/shorts/rc6oQf4KpiU,분명 느껴봤는데 이름은 몰랐던 감정들,270000,27만,,사진+해설 잡학,△,보도사진 사용,y
channel_shorts_tab,뚝딱 상식 뚝배기,UCAIMfhYpcQ7bI1fRQqQT1Dw,596000,12,y,7At3CoepOlk,https://www.youtube.com/shorts/7At3CoepOlk,먹으면 요정이 보인다는 요리,140000,14만,,사진+해설 잡학,△,보도사진 사용,y
channel_shorts_tab,뚝딱 상식 뚝배기,UCAIMfhYpcQ7bI1fRQqQT1Dw,596000,13,y,bMQKrJ00Y04,https://www.youtube.com/shorts/bMQKrJ00Y04,존경하는 대통령님께 어뢰 발사!?,61000,6.1만,,사진+해설 잡학,△,보도사진 사용,n
channel_shorts_tab,뚝딱 상식 뚝배기,UCAIMfhYpcQ7bI1fRQqQT1Dw,596000,14,y,VjEPHcgIfGc,https://www.youtube.com/shorts/VjEPHcgIfGc,총을 쏠 때 의외로 절대 하면 안 되는 행동,980000,98만,,사진+해설 잡학,△,보도사진 사용,y
channel_shorts_tab,뚝딱 상식 뚝배기,UCAIMfhYpcQ7bI1fRQqQT1Dw,596000,15,y,BqKb7Rghid8,https://www.youtube.com/shorts/BqKb7Rghid8,튀르키예 사람들이 들으면 놀라는 한국 이름,1100000,110만,,사진+해설 잡학,△,보도사진 사용,y
channel_shorts_tab,뚝딱 상식 뚝배기,UCAIMfhYpcQ7bI1fRQqQT1Dw,596000,16,y,4QM12FB-5RY,https://www.youtube.com/shorts/4QM12FB-5RY,월급을 가챠 뽑기로 받는 직업,140000,14만,,사진+해설 잡학,△,보도사진 사용,y
channel_shorts_tab,뚝딱 상식 뚝배기,UCAIMfhYpcQ7bI1fRQqQT1Dw,596000,17,y,IYA31DoC-fM,https://www.youtube.com/shorts/IYA31DoC-fM,한국전쟁에서 전설이 된 (미합)중국인,580000,58만,,사진+해설 잡학,△,보도사진 사용,y
channel_shorts_tab,뚝딱 상식 뚝배기,UCAIMfhYpcQ7bI1fRQqQT1Dw,596000,18,y,drVn8GR5tcM,https://www.youtube.com/shorts/drVn8GR5tcM,남북한 축구 주장이 함께 웃는 사진의 진실,560000,56만,2026-09-21,사진+해설 잡학,△,보도사진 사용,y
channel_shorts_tab,짤이슈,UCGuH-o6mXw810z4ilylTX4w,25200,1,"n(최신 3편, 미성숙)",r2H3lX9kusg,https://www.youtube.com/shorts/r2H3lX9kusg,딸내미가 아빠를 부르는 방법,126,126,,육아 짤(재업로드),✗,SNS 클립,n
channel_shorts_tab,짤이슈,UCGuH-o6mXw810z4ilylTX4w,25200,2,"n(최신 3편, 미성숙)",OgY1n6f3ctI,https://www.youtube.com/shorts/OgY1n6f3ctI,낮잠 재우려고 드라이브 나갔더니 생긴 일,14000,1.4만,,육아 짤(재업로드),✗,SNS 클립,n
channel_shorts_tab,짤이슈,UCGuH-o6mXw810z4ilylTX4w,25200,3,"n(최신 3편, 미성숙)",GPKFkHvsAL0,https://www.youtube.com/shorts/GPKFkHvsAL0,엄마가 제시간에 일을 못 끝내는 이유,30000,3만,,육아 짤(재업로드),✗,SNS 클립,n
channel_shorts_tab,짤이슈,UCGuH-o6mXw810z4ilylTX4w,25200,4,y,6mzovhoKoMQ,https://www.youtube.com/shorts/6mzovhoKoMQ,아침마다 딸내미가 제일 먼저 하는 일,13000,1.3만,2026-10-07,육아 짤(재업로드),✗,SNS 클립,n
channel_shorts_tab,짤이슈,UCGuH-o6mXw810z4ilylTX4w,25200,5,y,Wy7vYC3KJdA,https://www.youtube.com/shorts/Wy7vYC3KJdA,딸바보가 될 수밖에 없는 행복한 이유,7900,7.9천,,육아 짤(재업로드),✗,SNS 클립,n
channel_shorts_tab,짤이슈,UCGuH-o6mXw810z4ilylTX4w,25200,6,y,rVCvxd2Ig6s,https://www.youtube.com/shorts/rVCvxd2Ig6s,딸내미 소꿉놀이를 보던 아빠의 리얼한 반응,34000,3.4만,,육아 짤(재업로드),✗,SNS 클립,n
channel_shorts_tab,짤이슈,UCGuH-o6mXw810z4ilylTX4w,25200,7,y,KWpfITvQM4A,https://www.youtube.com/shorts/KWpfITvQM4A,아이가 태어나면 바뀐다는 남편의 행동,8200,8.2천,,육아 짤(재업로드),✗,SNS 클립,n
channel_shorts_tab,짤이슈,UCGuH-o6mXw810z4ilylTX4w,25200,8,y,a4kzWpvVgWY,https://www.youtube.com/shorts/a4kzWpvVgWY,아빠가 발견한 아들내미 잠 잘오게 한다는 꿀팁,22000,2.2만,,육아 짤(재업로드),✗,SNS 클립,n
channel_shorts_tab,짤이슈,UCGuH-o6mXw810z4ilylTX4w,25200,9,y,jwYRT1ZC4fs,https://www.youtube.com/shorts/jwYRT1ZC4fs,엄마 나이 듣고 아들이 한 말 ㅋㅋ,5500,5.5천,,육아 짤(재업로드),✗,SNS 클립,n
channel_shorts_tab,짤이슈,UCGuH-o6mXw810z4ilylTX4w,25200,10,y,r1LAG2I8qgg,https://www.youtube.com/shorts/r1LAG2I8qgg,형 꿈 듣자마자 동생이 고른 장래희망,32000,3.2만,,육아 짤(재업로드),✗,SNS 클립,n
channel_shorts_tab,짤이슈,UCGuH-o6mXw810z4ilylTX4w,25200,11,y,2mbYhplWIs4,https://www.youtube.com/shorts/2mbYhplWIs4,아들내미가 먹던 배를 엄마에게 준 이유,23000,2.3만,,육아 짤(재업로드),✗,SNS 클립,n
channel_shorts_tab,짤이슈,UCGuH-o6mXw810z4ilylTX4w,25200,12,y,rPVzuLfclh0,https://www.youtube.com/shorts/rPVzuLfclh0,요즘 sns에서 유행한다는 옷입은 딸내미,18000,1.8만,,육아 짤(재업로드),✗,SNS 클립,n
channel_shorts_tab,짤이슈,UCGuH-o6mXw810z4ilylTX4w,25200,13,y,9P847Lo9n2g,https://www.youtube.com/shorts/9P847Lo9n2g,육아는 전 세계 다 똑같다는 그 장면 ㅋㅋ,34000,3.4만,,육아 짤(재업로드),✗,SNS 클립,n
channel_shorts_tab,짤이슈,UCGuH-o6mXw810z4ilylTX4w,25200,14,y,Dpac2nUSoZg,https://www.youtube.com/shorts/Dpac2nUSoZg,자는 딸내미 이불을 살짝 걷어 봤더니,20000,2만,,육아 짤(재업로드),✗,SNS 클립,n
channel_shorts_tab,짤이슈,UCGuH-o6mXw810z4ilylTX4w,25200,15,y,GEUMxMkekoQ,https://www.youtube.com/shorts/GEUMxMkekoQ,엄마가 요리만 시작하면 들린다는 소리의 정체,31000,3.1만,,육아 짤(재업로드),✗,SNS 클립,n
channel_shorts_tab,짤이슈,UCGuH-o6mXw810z4ilylTX4w,25200,16,y,AMJqkQ4kwwc,https://www.youtube.com/shorts/AMJqkQ4kwwc,아들내미가 아빠 엄마 관심받는 방법 ㅋㅋ,27000,2.7만,,육아 짤(재업로드),✗,SNS 클립,n
channel_shorts_tab,짤이슈,UCGuH-o6mXw810z4ilylTX4w,25200,17,y,4I2jSpjrkC4,https://www.youtube.com/shorts/4I2jSpjrkC4,예쁜거 좋아한다는 딸내미의 대답,16000,1.6만,,육아 짤(재업로드),✗,SNS 클립,n
channel_shorts_tab,짤이슈,UCGuH-o6mXw810z4ilylTX4w,25200,18,y,aIZSLgvDRIo,https://www.youtube.com/shorts/aIZSLgvDRIo,딸바보 아빠가 인사를 가르치면 생기는 일,9000,9천,2026-09-30,육아 짤(재업로드),✗,SNS 클립,n
channel_shorts_tab,콩자반,UCyf4q13Nz0XhsjZ0RO7zAPw,22400,1,"n(최신 3편, 미성숙)",-mNpeqpAbB4,https://www.youtube.com/shorts/-mNpeqpAbB4,현재 노빠꾸로 폭주하고 있는 여학생,37000,3.7만,,클립아트 짤툰,○,"검정 띠 제목 + 클립아트/사진, ""~하면 벌어지는 일""",n
channel_shorts_tab,콩자반,UCyf4q13Nz0XhsjZ0RO7zAPw,22400,2,"n(최신 3편, 미성숙)",bNMwpzwrsQE,https://www.youtube.com/shorts/bNMwpzwrsQE,자전거 라이더를 싫어하게 된 이유,190000,19만,,클립아트 짤툰,○,"검정 띠 제목 + 클립아트/사진, ""~하면 벌어지는 일""",y
channel_shorts_tab,콩자반,UCyf4q13Nz0XhsjZ0RO7zAPw,22400,3,"n(최신 3편, 미성숙)",d7HBwiJot7Y,https://www.youtube.com/shorts/d7HBwiJot7Y,현재 논란중인 2호선 노약자석,57000,5.7만,,클립아트 짤툰,○,"검정 띠 제목 + 클립아트/사진, ""~하면 벌어지는 일""",n
channel_shorts_tab,콩자반,UCyf4q13Nz0XhsjZ0RO7zAPw,22400,4,y,F8WrRoXi4wI,https://www.youtube.com/shorts/F8WrRoXi4wI,홍대에서 중국인이 난동 부린 이유,64000,6.4만,2026-09-13,클립아트 짤툰,○,"검정 띠 제목 + 클립아트/사진, ""~하면 벌어지는 일""",n
channel_shorts_tab,콩자반,UCyf4q13Nz0XhsjZ0RO7zAPw,22400,5,y,TJEJ4HqkA4g,https://www.youtube.com/shorts/TJEJ4HqkA4g,베트남 CGV갔다가 충격받은 이유,43000,4.3만,,클립아트 짤툰,○,"검정 띠 제목 + 클립아트/사진, ""~하면 벌어지는 일""",n
channel_shorts_tab,콩자반,UCyf4q13Nz0XhsjZ0RO7zAPw,22400,6,y,26Pg6Sv3x9Y,https://www.youtube.com/shorts/26Pg6Sv3x9Y,지하철 기관사가 소리 지른 이유,44000,4.4만,,클립아트 짤툰,○,"검정 띠 제목 + 클립아트/사진, ""~하면 벌어지는 일""",n
channel_shorts_tab,콩자반,UCyf4q13Nz0XhsjZ0RO7zAPw,22400,7,y,OkyyLYfnGMY,https://www.youtube.com/shorts/OkyyLYfnGMY,불꽃축제 때마다 보이는 민폐행위,160000,16만,,클립아트 짤툰,○,"검정 띠 제목 + 클립아트/사진, ""~하면 벌어지는 일""",y
channel_shorts_tab,콩자반,UCyf4q13Nz0XhsjZ0RO7zAPw,22400,8,y,cQFAxrdGHpU,https://www.youtube.com/shorts/cQFAxrdGHpU,역삼역 묻지마 시비와 의문스러운 점,34000,3.4만,,클립아트 짤툰,○,"검정 띠 제목 + 클립아트/사진, ""~하면 벌어지는 일""",n
channel_shorts_tab,콩자반,UCyf4q13Nz0XhsjZ0RO7zAPw,22400,9,y,N3BYIf64lHc,https://www.youtube.com/shorts/N3BYIf64lHc,당근 직거래도 위험한 이유,28000,2.8만,,클립아트 짤툰,○,"검정 띠 제목 + 클립아트/사진, ""~하면 벌어지는 일""",n
channel_shorts_tab,콩자반,UCyf4q13Nz0XhsjZ0RO7zAPw,22400,10,y,HBKwXZQvQo0,https://www.youtube.com/shorts/HBKwXZQvQo0,헬스장 대표 살충제 테러 이후에 벌어진 상황,130000,13만,,클립아트 짤툰,○,"검정 띠 제목 + 클립아트/사진, ""~하면 벌어지는 일""",y
channel_shorts_tab,콩자반,UCyf4q13Nz0XhsjZ0RO7zAPw,22400,11,y,7N4oAPiJo90,https://www.youtube.com/shorts/7N4oAPiJo90,현재 논란중인 헬스장 대표 살충제 테러,1490000,149만,,클립아트 짤툰,○,"검정 띠 제목 + 클립아트/사진, ""~하면 벌어지는 일""",y
channel_shorts_tab,콩자반,UCyf4q13Nz0XhsjZ0RO7zAPw,22400,12,y,mGHs1NhvqNk,https://www.youtube.com/shorts/mGHs1NhvqNk,오프리쉬 신고하면 벌어지는 일,6130000,613만,,클립아트 짤툰,○,"검정 띠 제목 + 클립아트/사진, ""~하면 벌어지는 일""",y
channel_shorts_tab,콩자반,UCyf4q13Nz0XhsjZ0RO7zAPw,22400,13,y,jmMwj9Ofru8,https://www.youtube.com/shorts/jmMwj9Ofru8,현재 논란중인 지하철에서 노인 밀치는 남성,410000,41만,,클립아트 짤툰,○,"검정 띠 제목 + 클립아트/사진, ""~하면 벌어지는 일""",y
channel_shorts_tab,콩자반,UCyf4q13Nz0XhsjZ0RO7zAPw,22400,14,y,ctRjSlnvO38,https://www.youtube.com/shorts/ctRjSlnvO38,거실에 오물투척한 입주청소 회사,290000,29만,,클립아트 짤툰,○,"검정 띠 제목 + 클립아트/사진, ""~하면 벌어지는 일""",y
channel_shorts_tab,콩자반,UCyf4q13Nz0XhsjZ0RO7zAPw,22400,15,y,UgXTLnA_L9Q,https://www.youtube.com/shorts/UgXTLnA_L9Q,현재 난리난 영화 상영이 중단 된 이유,4510000,451만,,클립아트 짤툰,○,"검정 띠 제목 + 클립아트/사진, ""~하면 벌어지는 일""",y
channel_shorts_tab,콩자반,UCyf4q13Nz0XhsjZ0RO7zAPw,22400,16,y,9F4DLhYfTV0,https://www.youtube.com/shorts/9F4DLhYfTV0,부산에서 중국인이랑 싸운 이유,690000,69만,,클립아트 짤툰,○,"검정 띠 제목 + 클립아트/사진, ""~하면 벌어지는 일""",y
channel_shorts_tab,콩자반,UCyf4q13Nz0XhsjZ0RO7zAPw,22400,17,y,61Jf86K7eb8,https://www.youtube.com/shorts/61Jf86K7eb8,1분 차이로 목숨 건진 식당 직원,75000,7.5만,,클립아트 짤툰,○,"검정 띠 제목 + 클립아트/사진, ""~하면 벌어지는 일""",n
channel_shorts_tab,콩자반,UCyf4q13Nz0XhsjZ0RO7zAPw,22400,18,y,ex5s8n2xvg4,https://www.youtube.com/shorts/ex5s8n2xvg4,앰뷸런스 운전자가 빡친 이유,2560000,256만,2026-08-15,클립아트 짤툰,○,"검정 띠 제목 + 클립아트/사진, ""~하면 벌어지는 일""",y
channel_shorts_tab,금쪽이클라스,UCs9Pv_2v7iqNPLeT8kkq-sA,16000,1,"n(최신 3편, 미성숙)",ag0IJUxSdKg,https://www.youtube.com/shorts/ag0IJUxSdKg,친구 도와주려다 원수가 되어 버린 순간,4000,4천,,블랙박스(재업로드),✗,블랙박스 클립,n
channel_shorts_tab,금쪽이클라스,UCs9Pv_2v7iqNPLeT8kkq-sA,16000,2,"n(최신 3편, 미성숙)",xe5G5LxspkI,https://www.youtube.com/shorts/xe5G5LxspkI,도로의 무법자가 될 여친의 손놀림,31000,3.1만,,블랙박스(재업로드),✗,블랙박스 클립,n
channel_shorts_tab,금쪽이클라스,UCs9Pv_2v7iqNPLeT8kkq-sA,16000,3,"n(최신 3편, 미성숙)",vkz_W7_1tlw,https://www.youtube.com/shorts/vkz_W7_1tlw,운전자를 살려내는 독일차의 소름 돋는 기술력,7000,7천,,블랙박스(재업로드),✗,블랙박스 클립,n
channel_shorts_tab,금쪽이클라스,UCs9Pv_2v7iqNPLeT8kkq-sA,16000,4,y,mwDr_4OtTbw,https://www.youtube.com/shorts/mwDr_4OtTbw,초보 여친 운전 연수해준 결말,37000,3.7만,2026-10-06,블랙박스(재업로드),✗,블랙박스 클립,n
channel_shorts_tab,금쪽이클라스,UCs9Pv_2v7iqNPLeT8kkq-sA,16000,5,y,8feOrvtwcBI,https://www.youtube.com/shorts/8feOrvtwcBI,타이어 없이 휠로만 다니는 김여사,24000,2.4만,,블랙박스(재업로드),✗,블랙박스 클립,n
channel_shorts_tab,금쪽이클라스,UCs9Pv_2v7iqNPLeT8kkq-sA,16000,6,y,KfbjcEUIO-Q,https://www.youtube.com/shorts/KfbjcEUIO-Q,남편 직업 무시하던 아내의 운전 실력,140000,14만,,블랙박스(재업로드),✗,블랙박스 클립,y
channel_shorts_tab,금쪽이클라스,UCs9Pv_2v7iqNPLeT8kkq-sA,16000,7,y,ZqmXLjXbEjc,https://www.youtube.com/shorts/ZqmXLjXbEjc,번호 따려는 줄 알고 도도하게 튕긴 여자,37000,3.7만,,블랙박스(재업로드),✗,블랙박스 클립,n
channel_shorts_tab,금쪽이클라스,UCs9Pv_2v7iqNPLeT8kkq-sA,16000,8,y,Eysy6ZPN8Fk,https://www.youtube.com/shorts/Eysy6ZPN8Fk,레미콘 트럭 앞에 끼어든 SUV 결말,630000,63만,,블랙박스(재업로드),✗,블랙박스 클립,y
channel_shorts_tab,금쪽이클라스,UCs9Pv_2v7iqNPLeT8kkq-sA,16000,9,y,iJ6-BHeR99Q,https://www.youtube.com/shorts/iJ6-BHeR99Q,남편 수명 10년 갉아먹는 아내의 운전 스킬,67000,6.7만,,블랙박스(재업로드),✗,블랙박스 클립,n
channel_shorts_tab,금쪽이클라스,UCs9Pv_2v7iqNPLeT8kkq-sA,16000,10,y,NCw0ieIFL8s,https://www.youtube.com/shorts/NCw0ieIFL8s,영화처럼 공중 부양으로 화단 안착한 김여사,480000,48만,,블랙박스(재업로드),✗,블랙박스 클립,y
channel_shorts_tab,금쪽이클라스,UCs9Pv_2v7iqNPLeT8kkq-sA,16000,11,y,vf0iUbKkzTI,https://www.youtube.com/shorts/vf0iUbKkzTI,환상의 호흡을 보여준 불곰국 클라스,32000,3.2만,,블랙박스(재업로드),✗,블랙박스 클립,n
channel_shorts_tab,금쪽이클라스,UCs9Pv_2v7iqNPLeT8kkq-sA,16000,12,y,TMzwzylBh8I,https://www.youtube.com/shorts/TMzwzylBh8I,트렁크에 누워 있다 영혼까지 털린 여사친들,44000,4.4만,,블랙박스(재업로드),✗,블랙박스 클립,n
channel_shorts_tab,금쪽이클라스,UCs9Pv_2v7iqNPLeT8kkq-sA,16000,13,y,pTi5bt3z9DQ,https://www.youtube.com/shorts/pTi5bt3z9DQ,여친에게 스포츠카 빌려준 결말,85000,8.5만,,블랙박스(재업로드),✗,블랙박스 클립,n
channel_shorts_tab,금쪽이클라스,UCs9Pv_2v7iqNPLeT8kkq-sA,16000,14,y,ERkwITof8OU,https://www.youtube.com/shorts/ERkwITof8OU,와이프 차 탈 때 유부남들 100% 공감하는 것들,100000,10만,,블랙박스(재업로드),✗,블랙박스 클립,y
channel_shorts_tab,금쪽이클라스,UCs9Pv_2v7iqNPLeT8kkq-sA,16000,15,y,LpPyJtW-8ao,https://www.youtube.com/shorts/LpPyJtW-8ao,내리막에서 제동 불능된 화물차의 결말,240000,24만,,블랙박스(재업로드),✗,블랙박스 클립,y
channel_shorts_tab,금쪽이클라스,UCs9Pv_2v7iqNPLeT8kkq-sA,16000,16,y,19udZxCgJJM,https://www.youtube.com/shorts/19udZxCgJJM,절대 멈추면 안되는 야간 주행 도로 위 함정,140000,14만,,블랙박스(재업로드),✗,블랙박스 클립,y
channel_shorts_tab,금쪽이클라스,UCs9Pv_2v7iqNPLeT8kkq-sA,16000,17,y,e0tLeL6IF3g,https://www.youtube.com/shorts/e0tLeL6IF3g,현장에서 전력 질주해 쫓아온 괴한,3170000,317만,,블랙박스(재업로드),✗,블랙박스 클립,y
channel_shorts_tab,금쪽이클라스,UCs9Pv_2v7iqNPLeT8kkq-sA,16000,18,y,quKwUq738sA,https://www.youtube.com/shorts/quKwUq738sA,슈퍼카 빌려가서 역주행하는 여친 클라스,34000,3.4만,2026-09-21,블랙박스(재업로드),✗,블랙박스 클립,n
channel_shorts_tab,컨츄리스토리 (Country Story),UCHjtJMcmvefvO7BQhKItkfw,28100,1,"n(최신 3편, 미성숙)",8VtFGjBEwX4,https://www.youtube.com/shorts/8VtFGjBEwX4,바다에 불법 쓰레기버리다 생긴일 #comics,28000,2.8만,,블랙박스·상황(재업로드),✗,타 영상,n
channel_shorts_tab,컨츄리스토리 (Country Story),UCHjtJMcmvefvO7BQhKItkfw,28100,2,"n(최신 3편, 미성숙)",rmx3KmTWz_A,https://www.youtube.com/shorts/rmx3KmTWz_A,난폭운전 백구의복수 #comics,57000,5.7만,,블랙박스·상황(재업로드),✗,타 영상,n
channel_shorts_tab,컨츄리스토리 (Country Story),UCHjtJMcmvefvO7BQhKItkfw,28100,3,"n(최신 3편, 미성숙)",yMXCnlyf05I,https://www.youtube.com/shorts/yMXCnlyf05I,불법주차 김여사의최후 #comics,80000,8만,,블랙박스·상황(재업로드),✗,타 영상,n
channel_shorts_tab,컨츄리스토리 (Country Story),UCHjtJMcmvefvO7BQhKItkfw,28100,4,y,bUdIQTN3soo,https://www.youtube.com/shorts/bUdIQTN3soo,김기사 빨리 출발해 #comics,73000,7.3만,2026-10-01,블랙박스·상황(재업로드),✗,타 영상,n
channel_shorts_tab,컨츄리스토리 (Country Story),UCHjtJMcmvefvO7BQhKItkfw,28100,5,y,xS9o-wrr9Mg,https://www.youtube.com/shorts/xS9o-wrr9Mg,100만뷰 김기사 빨리 문열어 #comics,1920000,192만,,블랙박스·상황(재업로드),✗,타 영상,y
channel_shorts_tab,컨츄리스토리 (Country Story),UCHjtJMcmvefvO7BQhKItkfw,28100,6,y,j4Sobo497DI,https://www.youtube.com/shorts/j4Sobo497DI,뚱보빌런의 최후 #comics,9200,9.2천,,블랙박스·상황(재업로드),✗,타 영상,n
channel_shorts_tab,컨츄리스토리 (Country Story),UCHjtJMcmvefvO7BQhKItkfw,28100,7,y,sgjgUyIpH2Y,https://www.youtube.com/shorts/sgjgUyIpH2Y,오리들에게 돌던지는 악당의최후 #comics,2000,2천,,블랙박스·상황(재업로드),✗,타 영상,n
channel_shorts_tab,컨츄리스토리 (Country Story),UCHjtJMcmvefvO7BQhKItkfw,28100,8,y,yhNFaNEgZO0,https://www.youtube.com/shorts/yhNFaNEgZO0,칼치기운전의최후,21000,2.1만,,블랙박스·상황(재업로드),✗,타 영상,n
channel_shorts_tab,컨츄리스토리 (Country Story),UCHjtJMcmvefvO7BQhKItkfw,28100,9,y,pSLTnfpBRQ4,https://www.youtube.com/shorts/pSLTnfpBRQ4,쓰레기악당 백구의복수,14000,1.4만,,블랙박스·상황(재업로드),✗,타 영상,n
channel_shorts_tab,컨츄리스토리 (Country Story),UCHjtJMcmvefvO7BQhKItkfw,28100,10,y,aanRyFTatwE,https://www.youtube.com/shorts/aanRyFTatwE,비키라고,53000,5.3만,,블랙박스·상황(재업로드),✗,타 영상,n
channel_shorts_tab,컨츄리스토리 (Country Story),UCHjtJMcmvefvO7BQhKItkfw,28100,11,y,DYcK07pbEsQ,https://www.youtube.com/shorts/DYcK07pbEsQ,은혜갚은 백구 2화,160000,16만,,블랙박스·상황(재업로드),✗,타 영상,y
channel_shorts_tab,컨츄리스토리 (Country Story),UCHjtJMcmvefvO7BQhKItkfw,28100,12,y,MlbRDSx647Y,https://www.youtube.com/shorts/MlbRDSx647Y,주차빌런의 최후,220000,22만,,블랙박스·상황(재업로드),✗,타 영상,y
channel_shorts_tab,컨츄리스토리 (Country Story),UCHjtJMcmvefvO7BQhKItkfw,28100,13,y,gBieDN43T5Y,https://www.youtube.com/shorts/gBieDN43T5Y,시골 난폭운전의 최후,11000,1.1만,,블랙박스·상황(재업로드),✗,타 영상,n
channel_shorts_tab,컨츄리스토리 (Country Story),UCHjtJMcmvefvO7BQhKItkfw,28100,14,y,WoAVsXzys6U,https://www.youtube.com/shorts/WoAVsXzys6U,쓰레기악당커플의 최후,590000,59만,,블랙박스·상황(재업로드),✗,타 영상,y
channel_shorts_tab,컨츄리스토리 (Country Story),UCHjtJMcmvefvO7BQhKItkfw,28100,15,y,WzhnEB3EUI8,https://www.youtube.com/shorts/WzhnEB3EUI8,시골 쓰레기빌런의 최후,10000,1만,,블랙박스·상황(재업로드),✗,타 영상,n
channel_shorts_tab,컨츄리스토리 (Country Story),UCHjtJMcmvefvO7BQhKItkfw,28100,16,y,3NfNk6mDNxw,https://www.youtube.com/shorts/3NfNk6mDNxw,버려진곰을 구해 자식처럼 키운할머니,6900,6.9천,,블랙박스·상황(재업로드),✗,타 영상,n
channel_shorts_tab,컨츄리스토리 (Country Story),UCHjtJMcmvefvO7BQhKItkfw,28100,17,y,6qtx77N0exk,https://www.youtube.com/shorts/6qtx77N0exk,흙탕물 차주의 최후,580000,58만,,블랙박스·상황(재업로드),✗,타 영상,y
channel_shorts_tab,컨츄리스토리 (Country Story),UCHjtJMcmvefvO7BQhKItkfw,28100,18,y,HOc1HEIttvM,https://www.youtube.com/shorts/HOc1HEIttvM,800만뷰 난폭운전 커플의 최후,8830000,883만,2026-08-28,블랙박스·상황(재업로드),✗,타 영상,y
channel_shorts_tab,썰로별,UCtI10h_MLO1DHNa2JPKg8dA,98000,1,"n(최신 3편, 미성숙)",Nv-6yvD05x0,https://www.youtube.com/shorts/Nv-6yvD05x0,가끔 주차장에서 길을 헤매는 이유,15000,1.5만,,애니 장면 해설,✗,애니 클립,n
channel_shorts_tab,썰로별,UCtI10h_MLO1DHNa2JPKg8dA,98000,2,"n(최신 3편, 미성숙)",EU3mimkcf_g,https://www.youtube.com/shorts/EU3mimkcf_g,라이스 페이퍼에 나라별 라면 싸먹기,15000,1.5만,,애니 장면 해설,✗,애니 클립,n
channel_shorts_tab,썰로별,UCtI10h_MLO1DHNa2JPKg8dA,98000,3,"n(최신 3편, 미성숙)",TZ44vSbjp8o,https://www.youtube.com/shorts/TZ44vSbjp8o,실패가 예정된 하시라마 암살 퀘,150000,15만,,애니 장면 해설,✗,애니 클립,y
channel_shorts_tab,썰로별,UCtI10h_MLO1DHNa2JPKg8dA,98000,4,y,STlcal2HwhQ,https://www.youtube.com/shorts/STlcal2HwhQ,나루토 광팬 남편이 출산을 돕는 방법,24000,2.4만,2026-10-07,애니 장면 해설,✗,애니 클립,n
channel_shorts_tab,썰로별,UCtI10h_MLO1DHNa2JPKg8dA,98000,5,y,4DfIERq_Ock,https://www.youtube.com/shorts/4DfIERq_Ock,차 안에서 밥 먹기 끝판왕,12000,1.2만,,애니 장면 해설,✗,애니 클립,n
channel_shorts_tab,썰로별,UCtI10h_MLO1DHNa2JPKg8dA,98000,6,y,eYJ0Gxow-3k,https://www.youtube.com/shorts/eYJ0Gxow-3k,니키가 음식을 사랑하길 원해,7400,7.4천,,애니 장면 해설,✗,애니 클립,n
channel_shorts_tab,썰로별,UCtI10h_MLO1DHNa2JPKg8dA,98000,7,y,3QDPWvGeBWY,https://www.youtube.com/shorts/3QDPWvGeBWY,막상 하면 개꿀잼인 꼬깔 뺏기 게임ㅋㅋㅋ,4700,4.7천,,애니 장면 해설,✗,애니 클립,n
channel_shorts_tab,썰로별,UCtI10h_MLO1DHNa2JPKg8dA,98000,8,y,h02Oy8apqSs,https://www.youtube.com/shorts/h02Oy8apqSs,주술해전 최종 빌런 낙서의 왕 스쿠밥,290000,29만,,애니 장면 해설,✗,애니 클립,y
channel_shorts_tab,썰로별,UCtI10h_MLO1DHNa2JPKg8dA,98000,9,y,-W3xouB2xuY,https://www.youtube.com/shorts/-W3xouB2xuY,한순간에 식어버린 사랑의 온도,23000,2.3만,,애니 장면 해설,✗,애니 클립,n
channel_shorts_tab,썰로별,UCtI10h_MLO1DHNa2JPKg8dA,98000,10,y,rG8j8fTm854,https://www.youtube.com/shorts/rG8j8fTm854,아카츠키 나루토가 탄생하게 된 이유,650000,65만,,애니 장면 해설,✗,애니 클립,y
channel_shorts_tab,썰로별,UCtI10h_MLO1DHNa2JPKg8dA,98000,11,y,5qig2pI2S1w,https://www.youtube.com/shorts/5qig2pI2S1w,반려견 때문에 식겁한 주인,190000,19만,,애니 장면 해설,✗,애니 클립,y
channel_shorts_tab,썰로별,UCtI10h_MLO1DHNa2JPKg8dA,98000,12,y,XzvUl6igf9I,https://www.youtube.com/shorts/XzvUl6igf9I,주술해전의 시작 이타도리의 비밀 사형,100000,10만,,애니 장면 해설,✗,애니 클립,y
channel_shorts_tab,썰로별,UCtI10h_MLO1DHNa2JPKg8dA,98000,13,y,kOCmkiSUHcU,https://www.youtube.com/shorts/kOCmkiSUHcU,어메이징한 인도식 청소 방법,38000,3.8만,,애니 장면 해설,✗,애니 클립,n
channel_shorts_tab,썰로별,UCtI10h_MLO1DHNa2JPKg8dA,98000,14,y,HRktggNfvbg,https://www.youtube.com/shorts/HRktggNfvbg,해결법이 남다른 안정형 남친(?),24000,2.4만,,애니 장면 해설,✗,애니 클립,n
channel_shorts_tab,썰로별,UCtI10h_MLO1DHNa2JPKg8dA,98000,15,y,tWTvfnC5bCI,https://www.youtube.com/shorts/tWTvfnC5bCI,끊을 수 없는 간식의 맛,59000,5.9만,,애니 장면 해설,✗,애니 클립,n
channel_shorts_tab,썰로별,UCtI10h_MLO1DHNa2JPKg8dA,98000,16,y,1mhAji3L1lI,https://www.youtube.com/shorts/1mhAji3L1lI,편견 따윈 없는 멕시코 젠틀맨,21000,2.1만,,애니 장면 해설,✗,애니 클립,n
channel_shorts_tab,썰로별,UCtI10h_MLO1DHNa2JPKg8dA,98000,17,y,v1ew6ZSrimI,https://www.youtube.com/shorts/v1ew6ZSrimI,세상에서 제일 귀여운 마중,34000,3.4만,,애니 장면 해설,✗,애니 클립,n
channel_shorts_tab,썰로별,UCtI10h_MLO1DHNa2JPKg8dA,98000,18,y,Wsk3_QICFqM,https://www.youtube.com/shorts/Wsk3_QICFqM,유명 애니 성우도 당한 일본 몰래카메라,480000,48만,2026-10-02,애니 장면 해설,✗,애니 클립,y
channel_shorts_tab,평양냉면,UC8QdDi9llqSdU90xRWzSJQw,44900,1,"n(최신 3편, 미성숙)",qYxxTTngfYg,https://www.youtube.com/shorts/qYxxTTngfYg,주차장 '안내 표시판'을 따라가면 안되는 이유?ㅋㅋㅋ,21000,2.1만,,해외 짤 해설(재업로드),✗,SNS 클립,n
channel_shorts_tab,평양냉면,UC8QdDi9llqSdU90xRWzSJQw,44900,2,"n(최신 3편, 미성숙)",2R_MLgiUqN4,https://www.youtube.com/shorts/2R_MLgiUqN4,요즘 일본 야구장에서 '비어걸이' 돈버는 방법?ㅋㅋㅋ,28000,2.8만,,해외 짤 해설(재업로드),✗,SNS 클립,n
channel_shorts_tab,평양냉면,UC8QdDi9llqSdU90xRWzSJQw,44900,3,"n(최신 3편, 미성숙)",w9yRVuxEDBw,https://www.youtube.com/shorts/w9yRVuxEDBw,AI 여동생에게 운전을 '가르치는' 게임의 근황?ㅋㅋㅋ,30000,3만,,해외 짤 해설(재업로드),✗,SNS 클립,n
channel_shorts_tab,평양냉면,UC8QdDi9llqSdU90xRWzSJQw,44900,4,y,SwZubp7nbV4,https://www.youtube.com/shorts/SwZubp7nbV4,'80억분의 1'로 태어나 인생을 체험하는 게임,930000,93만,2026-10-08,해외 짤 해설(재업로드),✗,SNS 클립,y
channel_shorts_tab,평양냉면,UC8QdDi9llqSdU90xRWzSJQw,44900,5,y,LsJCTTsk38Q,https://www.youtube.com/shorts/LsJCTTsk38Q,점점 '가난해지고 있는' 일본 편의점 도시락?ㅋㅋㅋ,150000,15만,,해외 짤 해설(재업로드),✗,SNS 클립,y
channel_shorts_tab,평양냉면,UC8QdDi9llqSdU90xRWzSJQw,44900,6,y,kmZQYT4HAEg,https://www.youtube.com/shorts/kmZQYT4HAEg,테스트 도중 '브레이크가' 부러진 중국 자동차 근황?ㅋㅋㅋ,1900000,190만,,해외 짤 해설(재업로드),✗,SNS 클립,y
channel_shorts_tab,평양냉면,UC8QdDi9llqSdU90xRWzSJQw,44900,7,y,6YIRVp56SAc,https://www.youtube.com/shorts/6YIRVp56SAc,접점이 없는 게임들이 '콜라보하면' 생기는 일?ㅋㅋㅋ,150000,15만,,해외 짤 해설(재업로드),✗,SNS 클립,y
channel_shorts_tab,평양냉면,UC8QdDi9llqSdU90xRWzSJQw,44900,8,y,BlT4JzfhCFk,https://www.youtube.com/shorts/BlT4JzfhCFk,일본에서 '화제라는' 세종대왕님 재해석?ㅋㅋㅋ,530000,53만,,해외 짤 해설(재업로드),✗,SNS 클립,y
channel_shorts_tab,평양냉면,UC8QdDi9llqSdU90xRWzSJQw,44900,9,y,oA2gGXbM8U4,https://www.youtube.com/shorts/oA2gGXbM8U4,외국인은 '추가 요금' 받겠다는 일본 교토 근황?ㅋㅋㅋ,87000,8.7만,,해외 짤 해설(재업로드),✗,SNS 클립,n
channel_shorts_tab,평양냉면,UC8QdDi9llqSdU90xRWzSJQw,44900,10,y,5lA97HBn3ZI,https://www.youtube.com/shorts/5lA97HBn3ZI,'로봇 물고기'가 등장한 중국 아쿠아리움 근황?ㅋㅋㅋ,44000,4.4만,,해외 짤 해설(재업로드),✗,SNS 클립,n
channel_shorts_tab,평양냉면,UC8QdDi9llqSdU90xRWzSJQw,44900,11,y,AcGq3gVSCBc,https://www.youtube.com/shorts/AcGq3gVSCBc,드디어 '출시됐다는' 일본 옷걸이 피규어?ㅋㅋㅋ,620000,62만,,해외 짤 해설(재업로드),✗,SNS 클립,y
channel_shorts_tab,평양냉면,UC8QdDi9llqSdU90xRWzSJQw,44900,12,y,gQyLzf35cbI,https://www.youtube.com/shorts/gQyLzf35cbI,시중 은행들이 '해킹당할 때' 농협만 멀쩡했던 이유?ㅋㅋㅋ,61000,6.1만,,해외 짤 해설(재업로드),✗,SNS 클립,n
channel_shorts_tab,평양냉면,UC8QdDi9llqSdU90xRWzSJQw,44900,13,y,EDcvh1_1Ssg,https://www.youtube.com/shorts/EDcvh1_1Ssg,드디어 오해가 '풀렸다는' 제로 음료의 연구 결과,390000,39만,,해외 짤 해설(재업로드),✗,SNS 클립,y
channel_shorts_tab,평양냉면,UC8QdDi9llqSdU90xRWzSJQw,44900,14,y,ahKiuNNA05A,https://www.youtube.com/shorts/ahKiuNNA05A,국적이 바뀐 것 같다는 한국과 북한 육상 선수?ㅋㅋㅋ,900000,90만,,해외 짤 해설(재업로드),✗,SNS 클립,y
channel_shorts_tab,평양냉면,UC8QdDi9llqSdU90xRWzSJQw,44900,15,y,lBmwp97BCsM,https://www.youtube.com/shorts/lBmwp97BCsM,뭔가 좀 '충격적이라는' 노벨의학상 받은 기술?ㄷㄷ..,150000,15만,,해외 짤 해설(재업로드),✗,SNS 클립,y
channel_shorts_tab,평양냉면,UC8QdDi9llqSdU90xRWzSJQw,44900,16,y,wBPBuLezZww,https://www.youtube.com/shorts/wBPBuLezZww,군면제가 '끝이 아니라는' 스포츠 메달리스트 혜택?ㄷㄷ..,21000,2.1만,,해외 짤 해설(재업로드),✗,SNS 클립,n
channel_shorts_tab,평양냉면,UC8QdDi9llqSdU90xRWzSJQw,44900,17,y,GrYMlgUS7cU,https://www.youtube.com/shorts/GrYMlgUS7cU,한국식 RPG 게임이 '해외에서' 성공한 이유?ㅋㅋㅋ,210000,21만,,해외 짤 해설(재업로드),✗,SNS 클립,y
channel_shorts_tab,평양냉면,UC8QdDi9llqSdU90xRWzSJQw,44900,18,y,2cgDzFkpwmg,https://www.youtube.com/shorts/2cgDzFkpwmg,여성의원 '엉덩이를' 때려서 논란인 일본 국회의원?ㄷㄷ..,14000,1.4만,2026-10-06,해외 짤 해설(재업로드),✗,SNS 클립,n
channel_shorts_tab,엠아이피랭킹,UCuqL36sp4KrnszWYz0Kv0FA,101000,1,"n(최신 3편, 미성숙)",8VVc5kFBQTs,https://www.youtube.com/shorts/8VVc5kFBQTs,도로 위 자동차 빌런 순간3,100000,10만,,랭킹(재업로드),✗,타 영상,y
channel_shorts_tab,엠아이피랭킹,UCuqL36sp4KrnszWYz0Kv0FA,101000,2,"n(최신 3편, 미성숙)",VwhTsNxC6_Y,https://www.youtube.com/shorts/VwhTsNxC6_Y,나라별 1일vs1년 순간,19000,1.9만,,랭킹(재업로드),✗,타 영상,n
channel_shorts_tab,엠아이피랭킹,UCuqL36sp4KrnszWYz0Kv0FA,101000,3,"n(최신 3편, 미성숙)",Rp9P3ES2jCw,https://www.youtube.com/shorts/Rp9P3ES2jCw,한심한 오빠 참교육 순간,43000,4.3만,,랭킹(재업로드),✗,타 영상,n
channel_shorts_tab,엠아이피랭킹,UCuqL36sp4KrnszWYz0Kv0FA,101000,4,y,K3bT3cAWnNs,https://www.youtube.com/shorts/K3bT3cAWnNs,천상계 스피드 순간6,51000,5.1만,2026-10-06,랭킹(재업로드),✗,타 영상,n
channel_shorts_tab,엠아이피랭킹,UCuqL36sp4KrnszWYz0Kv0FA,101000,5,y,hFn0AeG8rAo,https://www.youtube.com/shorts/hFn0AeG8rAo,워터 슬라이드 순간2,88000,8.8만,,랭킹(재업로드),✗,타 영상,n
channel_shorts_tab,엠아이피랭킹,UCuqL36sp4KrnszWYz0Kv0FA,101000,6,y,grMt15zwlBg,https://www.youtube.com/shorts/grMt15zwlBg,천상계 스피드 순간5,92000,9.2만,,랭킹(재업로드),✗,타 영상,n
channel_shorts_tab,엠아이피랭킹,UCuqL36sp4KrnszWYz0Kv0FA,101000,7,y,JA9VnVgjqDo,https://www.youtube.com/shorts/JA9VnVgjqDo,천상계 스피드 순간4,440000,44만,,랭킹(재업로드),✗,타 영상,y
channel_shorts_tab,엠아이피랭킹,UCuqL36sp4KrnszWYz0Kv0FA,101000,8,y,euT9pOPNp1s,https://www.youtube.com/shorts/euT9pOPNp1s,자동차 로고 순간,26000,2.6만,,랭킹(재업로드),✗,타 영상,n
channel_shorts_tab,엠아이피랭킹,UCuqL36sp4KrnszWYz0Kv0FA,101000,9,y,QyvvOiiadNE,https://www.youtube.com/shorts/QyvvOiiadNE,초근접 촬영 순간5,74000,7.4만,,랭킹(재업로드),✗,타 영상,n
channel_shorts_tab,엠아이피랭킹,UCuqL36sp4KrnszWYz0Kv0FA,101000,10,y,bxsh00Jij3c,https://www.youtube.com/shorts/bxsh00Jij3c,초근접 촬영 순간4,95000,9.5만,,랭킹(재업로드),✗,타 영상,n
channel_shorts_tab,엠아이피랭킹,UCuqL36sp4KrnszWYz0Kv0FA,101000,11,y,_52s_xxITd8,https://www.youtube.com/shorts/_52s_xxITd8,예상불가 영상 순간,110000,11만,,랭킹(재업로드),✗,타 영상,y
channel_shorts_tab,엠아이피랭킹,UCuqL36sp4KrnszWYz0Kv0FA,101000,12,y,WE_-tshdvHM,https://www.youtube.com/shorts/WE_-tshdvHM,완벽한 영상 순간2,74000,7.4만,,랭킹(재업로드),✗,타 영상,n
channel_shorts_tab,엠아이피랭킹,UCuqL36sp4KrnszWYz0Kv0FA,101000,13,y,104Ve9Hp7FY,https://www.youtube.com/shorts/104Ve9Hp7FY,완벽한 영상 순간,490000,49만,,랭킹(재업로드),✗,타 영상,y
channel_shorts_tab,엠아이피랭킹,UCuqL36sp4KrnszWYz0Kv0FA,101000,14,y,U4ELiP8YfDA,https://www.youtube.com/shorts/U4ELiP8YfDA,검 베기 테스트 순간,57000,5.7만,,랭킹(재업로드),✗,타 영상,n
channel_shorts_tab,엠아이피랭킹,UCuqL36sp4KrnszWYz0Kv0FA,101000,15,y,FdHxMABVzF0,https://www.youtube.com/shorts/FdHxMABVzF0,사고싶은 장난감 순간4,400000,40만,,랭킹(재업로드),✗,타 영상,y
channel_shorts_tab,엠아이피랭킹,UCuqL36sp4KrnszWYz0Kv0FA,101000,16,y,wPn1OAsViCw,https://www.youtube.com/shorts/wPn1OAsViCw,사고싶은 장난감 순간2,390000,39만,,랭킹(재업로드),✗,타 영상,y
channel_shorts_tab,엠아이피랭킹,UCuqL36sp4KrnszWYz0Kv0FA,101000,17,y,RaveGgIssr0,https://www.youtube.com/shorts/RaveGgIssr0,사고싶은 장난감 순간,340000,34만,,랭킹(재업로드),✗,타 영상,y
channel_shorts_tab,엠아이피랭킹,UCuqL36sp4KrnszWYz0Kv0FA,101000,18,y,2Qk8PUxpBwM,https://www.youtube.com/shorts/2Qk8PUxpBwM,편안한 영상 순간29,140000,14만,2026-09-14,랭킹(재업로드),✗,타 영상,y
channel_shorts_tab,잼난tv,UCcMbWXfCd1RC212XaKrmF4A,16200,1,"n(최신 3편, 미성숙)",pf02iK1KGJw,https://www.youtube.com/shorts/pf02iK1KGJw,삼계탕 집에서 반말하며 시비 걸던 진상 손님 멘탈 터진 이유 ㅋㅋㅋ #참교육 #사이다 #웃긴영상,660000,66만,,AI 실사 참교육 사연,△,AI 이미지 생성 필요,y
channel_shorts_tab,잼난tv,UCcMbWXfCd1RC212XaKrmF4A,16200,2,"n(최신 3편, 미성숙)",TLVKLMPsK1o,https://www.youtube.com/shorts/TLVKLMPsK1o,이게 물이라고? 만취딸의 최후 ㅋㅋㅋ #만취 #코미디 #웃긴영상,17000,1.7만,,AI 실사 참교육 사연,△,AI 이미지 생성 필요,n
channel_shorts_tab,잼난tv,UCcMbWXfCd1RC212XaKrmF4A,16200,3,"n(최신 3편, 미성숙)",fPs-iFl0d-k,https://www.youtube.com/shorts/fPs-iFl0d-k,저거나 잘 까잡숴....ㅋㅋ #참교육 #사이다 #웃긴영상,1060000,106만,,AI 실사 참교육 사연,△,AI 이미지 생성 필요,y
channel_shorts_tab,잼난tv,UCcMbWXfCd1RC212XaKrmF4A,16200,4,y,8OiEtdpkEJE,https://www.youtube.com/shorts/8OiEtdpkEJE,감당 되겠어? 네마리를....ㅋㅋ #참교육 #사이다 #웃긴영상,2380000,238만,2026-09-30,AI 실사 참교육 사연,△,AI 이미지 생성 필요,y
channel_shorts_tab,잼난tv,UCcMbWXfCd1RC212XaKrmF4A,16200,5,y,ACjT4P0kZp4,https://www.youtube.com/shorts/ACjT4P0kZp4,할머니가 살 수 있는 옷이 아니에요! 빨리 나가요...과연 #참교육 #사이다 #웃긴영상,76000,7.6만,,AI 실사 참교육 사연,△,AI 이미지 생성 필요,n
channel_shorts_tab,잼난tv,UCcMbWXfCd1RC212XaKrmF4A,16200,6,y,OD3KWhcWjug,https://www.youtube.com/shorts/OD3KWhcWjug,장유유서 찾던 반말 진상 손님 10초 만에 쭈구리 만드는 법 ㅋㅋㅋ #참교육 #사이다 #웃긴영상,570000,57만,,AI 실사 참교육 사연,△,AI 이미지 생성 필요,y
channel_shorts_tab,잼난tv,UCcMbWXfCd1RC212XaKrmF4A,16200,7,y,C-UEC4KuGhw,https://www.youtube.com/shorts/C-UEC4KuGhw,명절에 놀고먹으려는 얌체 동서한테 역대급 사이다 날린 레전드 ㅋㅋㅋ #참교육 #사이다 #웃긴영상,53000,5.3만,,AI 실사 참교육 사연,△,AI 이미지 생성 필요,n
channel_shorts_tab,잼난tv,UCcMbWXfCd1RC212XaKrmF4A,16200,8,y,ZN2xPFkE7wg,https://www.youtube.com/shorts/ZN2xPFkE7wg,"""넌 부모한테 그렇게 배웠냐?"" 카페 진상 참교육 레전드 ㅋㅋㅋ #참교육 #사이다 #웃긴영상",1290000,129만,,AI 실사 참교육 사연,△,AI 이미지 생성 필요,y
channel_shorts_tab,잼난tv,UCcMbWXfCd1RC212XaKrmF4A,16200,9,y,dwchkVwPV8w,https://www.youtube.com/shorts/dwchkVwPV8w,버스에서 소리 지르는 할배를 한마디로 제압한 아줌마 ㅋㅋㅋ #버스진상 #웃긴영상 #레전드,46000,4.6만,,AI 실사 참교육 사연,△,AI 이미지 생성 필요,n
channel_shorts_tab,잼난tv,UCcMbWXfCd1RC212XaKrmF4A,16200,10,y,TNKjvpkQ2pc,https://www.youtube.com/shorts/TNKjvpkQ2pc,딸의 고민에 엄마가 던진 충격적인 한 마디 ㅋㅋㅋ #웃긴영상 #엄마와딸 #쇼츠,8700,8.7천,,AI 실사 참교육 사연,△,AI 이미지 생성 필요,n
channel_shorts_tab,잼난tv,UCcMbWXfCd1RC212XaKrmF4A,16200,11,y,iZxsZO74grg,https://www.youtube.com/shorts/iZxsZO74grg,"""이게 얼마짜린 줄 알고 만져!"" 할머니 무시했다가 멘붕 온 카 딜러의 결말 #사이다 #웃긴영상 #숏폼",64000,6.4만,,AI 실사 참교육 사연,△,AI 이미지 생성 필요,n
channel_shorts_tab,잼난tv,UCcMbWXfCd1RC212XaKrmF4A,16200,12,y,sU7S8mS6PhQ,https://www.youtube.com/shorts/sU7S8mS6PhQ,겉모습만 보고 사람 함부로 무시하면 일어나는 일 (역대급 사이다 코미디) #사이다 #웃긴영상 #쇼츠,33000,3.3만,,AI 실사 참교육 사연,△,AI 이미지 생성 필요,n
channel_shorts_tab,잼난tv,UCcMbWXfCd1RC212XaKrmF4A,16200,13,y,tnPJft1Be_g,https://www.youtube.com/shorts/tnPJft1Be_g,한강 공원에서 예쁜 아가씨가 말을 걸었다... 내 인생 최고의 횡재인 줄 알았는데 ㅋㅋㅋ #웃긴영상 #한강공원 #착각,530000,53만,,AI 실사 참교육 사연,△,AI 이미지 생성 필요,y
channel_shorts_tab,잼난tv,UCcMbWXfCd1RC212XaKrmF4A,16200,14,y,W7PuYMP-Yos,https://www.youtube.com/shorts/W7PuYMP-Yos,변호사 하는 친구 있다더니...ㅋㅋㅋ #웃긴영상 #변호사 #벼농사,32000,3.2만,,AI 실사 참교육 사연,△,AI 이미지 생성 필요,n
channel_shorts_tab,잼난tv,UCcMbWXfCd1RC212XaKrmF4A,16200,15,y,73_bIJikBeE,https://www.youtube.com/shorts/73_bIJikBeE,눈치없는 남편의 최후...ㅋㅋㅋ #현실부부 #코미디 #숏폼,11000,1.1만,,AI 실사 참교육 사연,△,AI 이미지 생성 필요,n
channel_shorts_tab,잼난tv,UCcMbWXfCd1RC212XaKrmF4A,16200,16,y,glJo93mr9nM,https://www.youtube.com/shorts/glJo93mr9nM,겉모습만 보고 갑질하다 무릎 꿇은 욕심쟁이 식당 사장 #회장님 #참교육 #코미디,44000,4.4만,,AI 실사 참교육 사연,△,AI 이미지 생성 필요,n
channel_shorts_tab,잼난tv,UCcMbWXfCd1RC212XaKrmF4A,16200,17,y,T520BwG4878,https://www.youtube.com/shorts/T520BwG4878,순진한 신입 공무원과 당황한 민원인의 레전드 사망신고 티키타카 #공무원 #동사무소 #웃긴영상,9400,9.4천,,AI 실사 참교육 사연,△,AI 이미지 생성 필요,n
channel_shorts_tab,잼난tv,UCcMbWXfCd1RC212XaKrmF4A,16200,18,y,BoTFo-9nuUw,https://www.youtube.com/shorts/BoTFo-9nuUw,진상 손님 기세로 눌러버리는 50대 식당 이모 ㅋㅋㅋ #진상손님 #참교육 #냉면집,38000,3.8만,2026-09-11,AI 실사 참교육 사연,△,AI 이미지 생성 필요,n
channel_shorts_tab,인생24 (Life24),UCvFMiMh9FbQ9ZOm-jxcElZg,8750,1,"n(최신 3편, 미성숙)",4U-65uoPbBM,https://www.youtube.com/shorts/4U-65uoPbBM,🍞 알바생한테 부모한테 그렇게 배웠냐며 삿대질한 진상 손님의 최후 ㅋㅋㅋ 🔥,130000,13만,,AI 실사 사연,△,AI 이미지 생성 필요,y
channel_shorts_tab,인생24 (Life24),UCvFMiMh9FbQ9ZOm-jxcElZg,8750,2,"n(최신 3편, 미성숙)",BoZCrahCdnQ,https://www.youtube.com/shorts/BoZCrahCdnQ,"🍽️ ""입만 살았다""며 외식 거부하고 삿대질하던 아내의 최후 💥",62000,6.2만,,AI 실사 사연,△,AI 이미지 생성 필요,n
channel_shorts_tab,인생24 (Life24),UCvFMiMh9FbQ9ZOm-jxcElZg,8750,3,"n(최신 3편, 미성숙)",epbJIyjDMWE,https://www.youtube.com/shorts/epbJIyjDMWE,단팥빵 100개 당일 노쇼 당했는데... 뜻밖의 손님이?! 😱,87000,8.7만,,AI 실사 사연,△,AI 이미지 생성 필요,n
channel_shorts_tab,인생24 (Life24),UCvFMiMh9FbQ9ZOm-jxcElZg,8750,4,y,Iubstb7OLIU,https://www.youtube.com/shorts/Iubstb7OLIU,아내가 대낮부터 샤워를 시작했다...ㄷㄷ,2400,2.4천,2026-10-05,AI 실사 사연,△,AI 이미지 생성 필요,n
channel_shorts_tab,인생24 (Life24),UCvFMiMh9FbQ9ZOm-jxcElZg,8750,5,y,Sg_CshZ_-JQ,https://www.youtube.com/shorts/Sg_CshZ_-JQ,5시 55분 업무 폭탄 던지는 상사 대처법 사이다 주의,3200,3.2천,,AI 실사 사연,△,AI 이미지 생성 필요,n
channel_shorts_tab,인생24 (Life24),UCvFMiMh9FbQ9ZOm-jxcElZg,8750,6,y,5S6aUNVFBXE,https://www.youtube.com/shorts/5S6aUNVFBXE,찌개 싱겁다고 밥상머리에서 난리 치던 시어머니의 최후,17000,1.7만,,AI 실사 사연,△,AI 이미지 생성 필요,n
channel_shorts_tab,인생24 (Life24),UCvFMiMh9FbQ9ZOm-jxcElZg,8750,7,y,fSFlpnA_Dvw,https://www.youtube.com/shorts/fSFlpnA_Dvw,"""내가 누군지 알아?"" 알바 무시하던 거래처 부장의 역대급 최후 💥",15000,1.5만,,AI 실사 사연,△,AI 이미지 생성 필요,n
channel_shorts_tab,인생24 (Life24),UCvFMiMh9FbQ9ZOm-jxcElZg,8750,8,y,lriaETUiqzE,https://www.youtube.com/shorts/lriaETUiqzE,"🚜 시골길 한복판에 외제차 대놓고 적반하장 부린 차주, 결국 이렇게 끝났습니다 😎",6300,6.3천,,AI 실사 사연,△,AI 이미지 생성 필요,n
channel_shorts_tab,인생24 (Life24),UCvFMiMh9FbQ9ZOm-jxcElZg,8750,9,y,h06YWLp0s08,https://www.youtube.com/shorts/h06YWLp0s08,"🍎 시장 할머니 상대로 흥정한 결과, 역대급 반전 😎 #shorts",13000,1.3만,,AI 실사 사연,△,AI 이미지 생성 필요,n
channel_shorts_tab,인생24 (Life24),UCvFMiMh9FbQ9ZOm-jxcElZg,8750,10,y,79tg1DCboEU,https://www.youtube.com/shorts/79tg1DCboEU,배추밭 할머니😂백구의 복수😘,1100,1.1천,,AI 실사 사연,△,AI 이미지 생성 필요,n
channel_shorts_tab,인생24 (Life24),UCvFMiMh9FbQ9ZOm-jxcElZg,8750,11,y,kcpuM4P-87c,https://www.youtube.com/shorts/kcpuM4P-87c,"🚛 시골 할머니에게 강매·협박하던 잡상인, 결국 이렇게 끝났습니다 😎",25000,2.5만,,AI 실사 사연,△,AI 이미지 생성 필요,n
channel_shorts_tab,인생24 (Life24),UCvFMiMh9FbQ9ZOm-jxcElZg,8750,12,y,NtPm3Ei7RFE,https://www.youtube.com/shorts/NtPm3Ei7RFE,"🐕 어두운 골목에 쓰러진 할머니, 백구가 끝까지 자리를 지킨 이유 😭",2100,2.1천,,AI 실사 사연,△,AI 이미지 생성 필요,n
channel_shorts_tab,인생24 (Life24),UCvFMiMh9FbQ9ZOm-jxcElZg,8750,13,y,9vtupOcZLOM,https://www.youtube.com/shorts/9vtupOcZLOM,"💍명품관 직원의 무시, 몇 시간 뒤 최악의 상황으로 돌아왔다😳",11000,1.1만,,AI 실사 사연,△,AI 이미지 생성 필요,n
channel_shorts_tab,인생24 (Life24),UCvFMiMh9FbQ9ZOm-jxcElZg,8750,14,y,2Ymw5XriM3Q,https://www.youtube.com/shorts/2Ymw5XriM3Q,"🍗 부부의 동상이몽, 현관문 하나로 다 들통났습니다 🤣",20000,2만,,AI 실사 사연,△,AI 이미지 생성 필요,n
channel_shorts_tab,인생24 (Life24),UCvFMiMh9FbQ9ZOm-jxcElZg,8750,15,y,tmb8uC88Y20,https://www.youtube.com/shorts/tmb8uC88Y20,"심야에 문 뜯던 도둑, 결국 길고양이들한테 참교육당했습니다",1400,1.4천,,AI 실사 사연,△,AI 이미지 생성 필요,n
channel_shorts_tab,인생24 (Life24),UCvFMiMh9FbQ9ZOm-jxcElZg,8750,16,y,QxlGnioxgHU,https://www.youtube.com/shorts/QxlGnioxgHU,"착한 척 내숭 떨던 예비 신부의 최후, 결국 이렇게 끝났습니다",170000,17만,,AI 실사 사연,△,AI 이미지 생성 필요,y
channel_shorts_tab,인생24 (Life24),UCvFMiMh9FbQ9ZOm-jxcElZg,8750,17,y,ogo_2EMkP28,https://www.youtube.com/shorts/ogo_2EMkP28,"""시골 흙 묻었다""며 난리 치던 차주, 역대급 참교육 결말",27000,2.7만,,AI 실사 사연,△,AI 이미지 생성 필요,n
channel_shorts_tab,인생24 (Life24),UCvFMiMh9FbQ9ZOm-jxcElZg,8750,18,y,5AofnSaMm80,https://www.youtube.com/shorts/5AofnSaMm80,"카페에서 불륜하다 딱 걸린 남편, 아내의 정체에 얼어붙었다",40000,4만,2026-09-21,AI 실사 사연,△,AI 이미지 생성 필요,n
channel_shorts_tab,깃털유머,UCBtHH4sZ7t0M5UYd6vWVqTA,858000,1,"n(최신 3편, 미성숙)",jJA5d9k5hic,https://www.youtube.com/shorts/jJA5d9k5hic,집안의 서열이 개판일때 생기는 일 ㅋㅋㅋㅋ,170000,17만,,짤 유머(재업로드),✗,SNS 클립,y
channel_shorts_tab,깃털유머,UCBtHH4sZ7t0M5UYd6vWVqTA,858000,2,"n(최신 3편, 미성숙)",iPuq5lMRHuw,https://www.youtube.com/shorts/iPuq5lMRHuw,냥이클 젝슨 ㅋㅋㅋㅋㅋㅋㅋ,42000,4.2만,,짤 유머(재업로드),✗,SNS 클립,n
channel_shorts_tab,깃털유머,UCBtHH4sZ7t0M5UYd6vWVqTA,858000,3,"n(최신 3편, 미성숙)",zv6FemprHB8,https://www.youtube.com/shorts/zv6FemprHB8,집냥이가 되기 위한 마지막 관문 ㅋㅋㅋㅋㅋㅋ,120000,12만,,짤 유머(재업로드),✗,SNS 클립,y
channel_shorts_tab,깃털유머,UCBtHH4sZ7t0M5UYd6vWVqTA,858000,4,y,QGyFYAyBFyY,https://www.youtube.com/shorts/QGyFYAyBFyY,개팔자가 상팔자라며...!!! ㅠㅠㅠㅠㅠㅠㅠㅠ,41000,4.1만,2026-10-08,짤 유머(재업로드),✗,SNS 클립,n
channel_shorts_tab,깃털유머,UCBtHH4sZ7t0M5UYd6vWVqTA,858000,5,y,XQYC2J0LkpM,https://www.youtube.com/shorts/XQYC2J0LkpM,들어가선 안될 곳에 들어간 햄스터 ㅋㅋㅋㅋ,280000,28만,,짤 유머(재업로드),✗,SNS 클립,y
channel_shorts_tab,깃털유머,UCBtHH4sZ7t0M5UYd6vWVqTA,858000,6,y,wsdkLpoRG0E,https://www.youtube.com/shorts/wsdkLpoRG0E,햄스터 머릿속엔 뭐가 있는 걸까 ㅋㅋㅋㅋㅋ,170000,17만,,짤 유머(재업로드),✗,SNS 클립,y
channel_shorts_tab,깃털유머,UCBtHH4sZ7t0M5UYd6vWVqTA,858000,7,y,Tsgirt3-eHw,https://www.youtube.com/shorts/Tsgirt3-eHw,몸땡이는 작은데 드럽게 사나운 치와와 ㅋㅋㅋㅋ,190000,19만,,짤 유머(재업로드),✗,SNS 클립,y
channel_shorts_tab,깃털유머,UCBtHH4sZ7t0M5UYd6vWVqTA,858000,8,y,ZtdA6mSvfmk,https://www.youtube.com/shorts/ZtdA6mSvfmk,가오리를 보면 한번쯤 생각나는 것 ㅋㅋㅋㅋ,350000,35만,,짤 유머(재업로드),✗,SNS 클립,y
channel_shorts_tab,깃털유머,UCBtHH4sZ7t0M5UYd6vWVqTA,858000,9,y,4zhkpl-KydY,https://www.youtube.com/shorts/4zhkpl-KydY,따가운데도 굳이 고슴도치를 키우는 이유 ㅋㅋㅋㅋㅋ,100000,10만,,짤 유머(재업로드),✗,SNS 클립,y
channel_shorts_tab,깃털유머,UCBtHH4sZ7t0M5UYd6vWVqTA,858000,10,y,XYuCcFL9h6k,https://www.youtube.com/shorts/XYuCcFL9h6k,주변에 꽤 있는 커플 유형 ㅋㅋㅋㅋㅋ,140000,14만,,짤 유머(재업로드),✗,SNS 클립,y
channel_shorts_tab,깃털유머,UCBtHH4sZ7t0M5UYd6vWVqTA,858000,11,y,MFc4VGAVvSI,https://www.youtube.com/shorts/MFc4VGAVvSI,집안에 온통 발냄새로 가득찬 이유 ㅋㅋㅋㅋㅋㅋㅋ,47000,4.7만,,짤 유머(재업로드),✗,SNS 클립,n
channel_shorts_tab,깃털유머,UCBtHH4sZ7t0M5UYd6vWVqTA,858000,12,y,MvMU0D_tZxI,https://www.youtube.com/shorts/MvMU0D_tZxI,거 판사님 3일은 너무 심하지 않소.. ㅠㅠㅠㅠㅠ,63000,6.3만,,짤 유머(재업로드),✗,SNS 클립,n
channel_shorts_tab,깃털유머,UCBtHH4sZ7t0M5UYd6vWVqTA,858000,13,y,Rq4EKQ-aRrQ,https://www.youtube.com/shorts/Rq4EKQ-aRrQ,테슬라 센서가 가끔 무서운 이유 ㅋㅋㅋㅋㅋ,440000,44만,,짤 유머(재업로드),✗,SNS 클립,y
channel_shorts_tab,깃털유머,UCBtHH4sZ7t0M5UYd6vWVqTA,858000,14,y,XhLjdMQNtNM,https://www.youtube.com/shorts/XhLjdMQNtNM,몇 학년 몇 반인데..? ㅋㅋㅋㅋㅋㅋㅋㅋ,730000,73만,,짤 유머(재업로드),✗,SNS 클립,y
channel_shorts_tab,깃털유머,UCBtHH4sZ7t0M5UYd6vWVqTA,858000,15,y,IyedoiIEcWo,https://www.youtube.com/shorts/IyedoiIEcWo,10년 뒤에는 3초만에 충전 가능하겠지..? ㅋㅋㅋㅋ,1910000,191만,,짤 유머(재업로드),✗,SNS 클립,y
channel_shorts_tab,깃털유머,UCBtHH4sZ7t0M5UYd6vWVqTA,858000,16,y,Ec387LlPyqk,https://www.youtube.com/shorts/Ec387LlPyqk,아빠가 무려 170달러에 사온 차 ㅋㅋㅋㅋㅋㅋㅋ,190000,19만,,짤 유머(재업로드),✗,SNS 클립,y
channel_shorts_tab,깃털유머,UCBtHH4sZ7t0M5UYd6vWVqTA,858000,17,y,Z6g9KnMNRjo,https://www.youtube.com/shorts/Z6g9KnMNRjo,부캉이가 부산을 안 떠나는 진짜 이유 ㅋㅋㅋㅋㅋ,220000,22만,,짤 유머(재업로드),✗,SNS 클립,y
channel_shorts_tab,깃털유머,UCBtHH4sZ7t0M5UYd6vWVqTA,858000,18,y,xibYtEmhYDU,https://www.youtube.com/shorts/xibYtEmhYDU,망가진 사과로 강남 아파트 사는 법 ㅋㅋㅋㅋㅋ,600000,60만,2026-09-30,짤 유머(재업로드),✗,SNS 클립,y
channel_shorts_tab,참명언,UCvDZUaQA4bFNZkCI6V2olxQ,63000,1,"n(최신 3편, 미성숙)",K-NQ-ONah48,https://www.youtube.com/shorts/K-NQ-ONah48,커플이 둘 다 서로 반창고를 붙이게 된 이유,48000,4.8만,,애니 장면(재업로드),✗,애니 클립,n
channel_shorts_tab,참명언,UCvDZUaQA4bFNZkCI6V2olxQ,63000,2,"n(최신 3편, 미성숙)",PHINquuNYeQ,https://www.youtube.com/shorts/PHINquuNYeQ,호리 덕분에 각성해버린 미야무라,38000,3.8만,,애니 장면(재업로드),✗,애니 클립,n
channel_shorts_tab,참명언,UCvDZUaQA4bFNZkCI6V2olxQ,63000,3,"n(최신 3편, 미성숙)",pLCWPQwA7xA,https://www.youtube.com/shorts/pLCWPQwA7xA,심술 부리다가 결국 들켜버린 민낯,29000,2.9만,,애니 장면(재업로드),✗,애니 클립,n
channel_shorts_tab,참명언,UCvDZUaQA4bFNZkCI6V2olxQ,63000,4,y,2VGByDMBfp0,https://www.youtube.com/shorts/2VGByDMBfp0,동생 덕분에 겪게 된 뜻밖의 순간,110000,11만,2026-10-07,애니 장면(재업로드),✗,애니 클립,y
channel_shorts_tab,참명언,UCvDZUaQA4bFNZkCI6V2olxQ,63000,5,y,H87eq_pWLIA,https://www.youtube.com/shorts/H87eq_pWLIA,예상치 못한 라이벌의 정체,260000,26만,,애니 장면(재업로드),✗,애니 클립,y
channel_shorts_tab,참명언,UCvDZUaQA4bFNZkCI6V2olxQ,63000,6,y,S6UsvynOPz8,https://www.youtube.com/shorts/S6UsvynOPz8,호리가 던진 말에 이때다 싶었던 미아무라,58000,5.8만,,애니 장면(재업로드),✗,애니 클립,n
channel_shorts_tab,참명언,UCvDZUaQA4bFNZkCI6V2olxQ,63000,7,y,eb2gjGcRaHE,https://www.youtube.com/shorts/eb2gjGcRaHE,남녀 사이에 핑계가 필요한 이유,93000,9.3만,,애니 장면(재업로드),✗,애니 클립,n
channel_shorts_tab,참명언,UCvDZUaQA4bFNZkCI6V2olxQ,63000,8,y,T9nVPjySE5M,https://www.youtube.com/shorts/T9nVPjySE5M,호리가 처음 목격한 미야무라의 새로운 모습,140000,14만,,애니 장면(재업로드),✗,애니 클립,y
channel_shorts_tab,참명언,UCvDZUaQA4bFNZkCI6V2olxQ,63000,9,y,LqceqgPgKcw,https://www.youtube.com/shorts/LqceqgPgKcw,하고 싶은 걸 무작정 막으면 안 되는 이유,95000,9.5만,,애니 장면(재업로드),✗,애니 클립,n
channel_shorts_tab,참명언,UCvDZUaQA4bFNZkCI6V2olxQ,63000,10,y,Rolfkei7pLg,https://www.youtube.com/shorts/Rolfkei7pLg,예민해진 여사친에 미야무라의 대응 방법,57000,5.7만,,애니 장면(재업로드),✗,애니 클립,n
channel_shorts_tab,참명언,UCvDZUaQA4bFNZkCI6V2olxQ,63000,11,y,bVKkD_QaFu0,https://www.youtube.com/shorts/bVKkD_QaFu0,고죠가 예상치 못하게 마주친 뜻밖의 순간,55000,5.5만,,애니 장면(재업로드),✗,애니 클립,n
channel_shorts_tab,참명언,UCvDZUaQA4bFNZkCI6V2olxQ,63000,12,y,tAeZWH63pbs,https://www.youtube.com/shorts/tAeZWH63pbs,비밀을 드러낸 후 마주친 뜻밖의 순간,87000,8.7만,,애니 장면(재업로드),✗,애니 클립,n
channel_shorts_tab,참명언,UCvDZUaQA4bFNZkCI6V2olxQ,63000,13,y,I_s_sBdfhCw,https://www.youtube.com/shorts/I_s_sBdfhCw,아무리 다정해도 생길 수 밖에 없는 동상이몽,200000,20만,,애니 장면(재업로드),✗,애니 클립,y
channel_shorts_tab,참명언,UCvDZUaQA4bFNZkCI6V2olxQ,63000,14,y,sC5hq1mVN5c,https://www.youtube.com/shorts/sC5hq1mVN5c,레미 덕분에 당황해버린 미야무라,110000,11만,,애니 장면(재업로드),✗,애니 클립,y
channel_shorts_tab,참명언,UCvDZUaQA4bFNZkCI6V2olxQ,63000,15,y,2GEqArArkGU,https://www.youtube.com/shorts/2GEqArArkGU,자신도 이유를 몰랐던 마린이 심쿵한 순간,55000,5.5만,,애니 장면(재업로드),✗,애니 클립,n
channel_shorts_tab,참명언,UCvDZUaQA4bFNZkCI6V2olxQ,63000,16,y,8kXz1_JsEcA,https://www.youtube.com/shorts/8kXz1_JsEcA,고생 끝에 결국 큰 깨달음을 얻은 미야무라,93000,9.3만,,애니 장면(재업로드),✗,애니 클립,n
channel_shorts_tab,참명언,UCvDZUaQA4bFNZkCI6V2olxQ,63000,17,y,xkvUY-3asgg,https://www.youtube.com/shorts/xkvUY-3asgg,불의를 참을 수가 없었던 미야무라,260000,26만,,애니 장면(재업로드),✗,애니 클립,y
channel_shorts_tab,참명언,UCvDZUaQA4bFNZkCI6V2olxQ,63000,18,y,u39x2HJC2Uk,https://www.youtube.com/shorts/u39x2HJC2Uk,호리가 소우타를 혼내려다 마주친 뜻밖의 순간,180000,18만,2026-09-30,애니 장면(재업로드),✗,애니 클립,y
channel_shorts_tab,카루미,UCvbY--RnyoiyV1B6QI63WSw,77100,1,"n(최신 3편, 미성숙)",ZVSmy2mD0rQ,https://www.youtube.com/shorts/ZVSmy2mD0rQ,여자친구인 척,3300,3.3천,,타 작가 그림 짤,✗,타 작가 그림,n
channel_shorts_tab,카루미,UCvbY--RnyoiyV1B6QI63WSw,77100,2,"n(최신 3편, 미성숙)",3xgteuQXuq8,https://www.youtube.com/shorts/3xgteuQXuq8,행복한 엘프,862,862,,타 작가 그림 짤,✗,타 작가 그림,n
channel_shorts_tab,카루미,UCvbY--RnyoiyV1B6QI63WSw,77100,3,"n(최신 3편, 미성숙)",g6VNgb8_VWo,https://www.youtube.com/shorts/g6VNgb8_VWo,그거 말고요...,8000,8천,,타 작가 그림 짤,✗,타 작가 그림,n
channel_shorts_tab,카루미,UCvbY--RnyoiyV1B6QI63WSw,77100,4,y,7aOMYyfLe74,https://www.youtube.com/shorts/7aOMYyfLe74,맞을 짓,16000,1.6만,2026-10-09,타 작가 그림 짤,✗,타 작가 그림,n
channel_shorts_tab,카루미,UCvbY--RnyoiyV1B6QI63WSw,77100,5,y,bmMnZV8CVnM,https://www.youtube.com/shorts/bmMnZV8CVnM,사람 모습으로 변한 여우,6200,6.2천,,타 작가 그림 짤,✗,타 작가 그림,n
channel_shorts_tab,카루미,UCvbY--RnyoiyV1B6QI63WSw,77100,6,y,OKRcb-K73cg,https://www.youtube.com/shorts/OKRcb-K73cg,심리치료가 필요하세요?,5400,5.4천,,타 작가 그림 짤,✗,타 작가 그림,n
channel_shorts_tab,카루미,UCvbY--RnyoiyV1B6QI63WSw,77100,7,y,hfSejeJSiR4,https://www.youtube.com/shorts/hfSejeJSiR4,가이드 NPC,27000,2.7만,,타 작가 그림 짤,✗,타 작가 그림,n
channel_shorts_tab,카루미,UCvbY--RnyoiyV1B6QI63WSw,77100,8,y,MLxGZ2gYvBY,https://www.youtube.com/shorts/MLxGZ2gYvBY,오타쿠 군은 대체,15000,1.5만,,타 작가 그림 짤,✗,타 작가 그림,n
channel_shorts_tab,카루미,UCvbY--RnyoiyV1B6QI63WSw,77100,9,y,INlXQNRsIjs,https://www.youtube.com/shorts/INlXQNRsIjs,소외감,88000,8.8만,,타 작가 그림 짤,✗,타 작가 그림,n
channel_shorts_tab,카루미,UCvbY--RnyoiyV1B6QI63WSw,77100,10,y,6zIf9cTYml0,https://www.youtube.com/shorts/6zIf9cTYml0,디멘터 말포이,69000,6.9만,,타 작가 그림 짤,✗,타 작가 그림,n
channel_shorts_tab,카루미,UCvbY--RnyoiyV1B6QI63WSw,77100,11,y,TMjagj-D8Hs,https://www.youtube.com/shorts/TMjagj-D8Hs,김 먹방,130000,13만,,타 작가 그림 짤,✗,타 작가 그림,y
channel_shorts_tab,카루미,UCvbY--RnyoiyV1B6QI63WSw,77100,12,y,GVo8O8XIHQU,https://www.youtube.com/shorts/GVo8O8XIHQU,도깨비를 들여보내지 마세요,63000,6.3만,,타 작가 그림 짤,✗,타 작가 그림,n
channel_shorts_tab,카루미,UCvbY--RnyoiyV1B6QI63WSw,77100,13,y,GNzrFZJf7lw,https://www.youtube.com/shorts/GNzrFZJf7lw,왜 얼굴이 붉어요?,43000,4.3만,,타 작가 그림 짤,✗,타 작가 그림,n
channel_shorts_tab,카루미,UCvbY--RnyoiyV1B6QI63WSw,77100,14,y,xwdEQ5fykNY,https://www.youtube.com/shorts/xwdEQ5fykNY,술의 악마,39000,3.9만,,타 작가 그림 짤,✗,타 작가 그림,n
channel_shorts_tab,카루미,UCvbY--RnyoiyV1B6QI63WSw,77100,15,y,0x3PEAkUyM4,https://www.youtube.com/shorts/0x3PEAkUyM4,GPT 쨩,110000,11만,,타 작가 그림 짤,✗,타 작가 그림,y
channel_shorts_tab,카루미,UCvbY--RnyoiyV1B6QI63WSw,77100,16,y,BmyqPqkPmfQ,https://www.youtube.com/shorts/BmyqPqkPmfQ,술 미식가,74000,7.4만,,타 작가 그림 짤,✗,타 작가 그림,n
channel_shorts_tab,카루미,UCvbY--RnyoiyV1B6QI63WSw,77100,17,y,amHlcSRyzZ8,https://www.youtube.com/shorts/amHlcSRyzZ8,고생길,86000,8.6만,,타 작가 그림 짤,✗,타 작가 그림,n
channel_shorts_tab,카루미,UCvbY--RnyoiyV1B6QI63WSw,77100,18,y,_dmxv4kvCc0,https://www.youtube.com/shorts/_dmxv4kvCc0,스바루의 그녀,110000,11만,2026-10-08,타 작가 그림 짤,✗,타 작가 그림,y
channel_shorts_tab,건전한 꼬망이,UCawMZXU0erlNxlcDT1Z9BFg,15800,1,"n(최신 3편, 미성숙)",FazQdauyBhU,https://www.youtube.com/shorts/FazQdauyBhU,여친의 헌팅 대처법😎,76000,7.6만,,타 작가 만화 짤,✗,타 작가 만화,n
channel_shorts_tab,건전한 꼬망이,UCawMZXU0erlNxlcDT1Z9BFg,15800,2,"n(최신 3편, 미성숙)",nN6d7I5VNgk,https://www.youtube.com/shorts/nN6d7I5VNgk,Ts 말포이 코스어🔮,6200,6.2천,,타 작가 만화 짤,✗,타 작가 만화,n
channel_shorts_tab,건전한 꼬망이,UCawMZXU0erlNxlcDT1Z9BFg,15800,3,"n(최신 3편, 미성숙)",mikNj2B1MAw,https://www.youtube.com/shorts/mikNj2B1MAw,최면어플로 복수하는 방법😵‍💫,21000,2.1만,,타 작가 만화 짤,✗,타 작가 만화,n
channel_shorts_tab,건전한 꼬망이,UCawMZXU0erlNxlcDT1Z9BFg,15800,4,y,-nFhrKYOd6w,https://www.youtube.com/shorts/-nFhrKYOd6w,TS 되어버린 말포이🔮,67000,6.7만,2026-10-05,타 작가 만화 짤,✗,타 작가 만화,n
channel_shorts_tab,건전한 꼬망이,UCawMZXU0erlNxlcDT1Z9BFg,15800,5,y,qdpAr4Ilcqo,https://www.youtube.com/shorts/qdpAr4Ilcqo,긍지 높'았던' 여기사⚔️,140000,14만,,타 작가 만화 짤,✗,타 작가 만화,y
channel_shorts_tab,건전한 꼬망이,UCawMZXU0erlNxlcDT1Z9BFg,15800,6,y,EZYmK-lksKY,https://www.youtube.com/shorts/EZYmK-lksKY,1000년 뒤 생길 여친💀,380000,38만,,타 작가 만화 짤,✗,타 작가 만화,y
channel_shorts_tab,건전한 꼬망이,UCawMZXU0erlNxlcDT1Z9BFg,15800,7,y,IKPStc6NSbE,https://www.youtube.com/shorts/IKPStc6NSbE,손톱 먹은 들쥐🐀,110000,11만,,타 작가 만화 짤,✗,타 작가 만화,y
channel_shorts_tab,건전한 꼬망이,UCawMZXU0erlNxlcDT1Z9BFg,15800,8,y,uGr4WJWx9Cg,https://www.youtube.com/shorts/uGr4WJWx9Cg,귀신에게 찍힌 만화👻,280000,28만,,타 작가 만화 짤,✗,타 작가 만화,y
channel_shorts_tab,건전한 꼬망이,UCawMZXU0erlNxlcDT1Z9BFg,15800,9,y,Mht761pOCc8,https://www.youtube.com/shorts/Mht761pOCc8,옆집 여동생을 괴롭혀보았다😗,89000,8.9만,,타 작가 만화 짤,✗,타 작가 만화,n
channel_shorts_tab,건전한 꼬망이,UCawMZXU0erlNxlcDT1Z9BFg,15800,10,y,e4SdS_VJvNU,https://www.youtube.com/shorts/e4SdS_VJvNU,날이 추울 땐 돈키호테에게..🥵,26000,2.6만,,타 작가 만화 짤,✗,타 작가 만화,n
channel_shorts_tab,건전한 꼬망이,UCawMZXU0erlNxlcDT1Z9BFg,15800,11,y,2zwCHTDPg5c,https://www.youtube.com/shorts/2zwCHTDPg5c,화내는 게 귀여운 여친💢,74000,7.4만,,타 작가 만화 짤,✗,타 작가 만화,n
channel_shorts_tab,건전한 꼬망이,UCawMZXU0erlNxlcDT1Z9BFg,15800,12,y,xaOxKOLr0-8,https://www.youtube.com/shorts/xaOxKOLr0-8,직장동료와 방에 갇혔다😨,23000,2.3만,,타 작가 만화 짤,✗,타 작가 만화,n
channel_shorts_tab,건전한 꼬망이,UCawMZXU0erlNxlcDT1Z9BFg,15800,13,y,uoaOuWjDDqc,https://www.youtube.com/shorts/uoaOuWjDDqc,티격태격 소꿉친구들💢,82000,8.2만,,타 작가 만화 짤,✗,타 작가 만화,n
channel_shorts_tab,건전한 꼬망이,UCawMZXU0erlNxlcDT1Z9BFg,15800,14,y,zYXSzRsg3JQ,https://www.youtube.com/shorts/zYXSzRsg3JQ,체육시간에 피어난..🌼,47000,4.7만,,타 작가 만화 짤,✗,타 작가 만화,n
channel_shorts_tab,건전한 꼬망이,UCawMZXU0erlNxlcDT1Z9BFg,15800,15,y,g93d-_0L-vk,https://www.youtube.com/shorts/g93d-_0L-vk,이제 왜 같이 안 씻어?🚿,66000,6.6만,,타 작가 만화 짤,✗,타 작가 만화,n
channel_shorts_tab,건전한 꼬망이,UCawMZXU0erlNxlcDT1Z9BFg,15800,16,y,IyZqahTHHEA,https://www.youtube.com/shorts/IyZqahTHHEA,회사 상사에게 고백 공격을 했다💌,160000,16만,,타 작가 만화 짤,✗,타 작가 만화,y
channel_shorts_tab,건전한 꼬망이,UCawMZXU0erlNxlcDT1Z9BFg,15800,17,y,9rHNxkwpTC0,https://www.youtube.com/shorts/9rHNxkwpTC0,학교에서의 백합이란..🌼,57000,5.7만,,타 작가 만화 짤,✗,타 작가 만화,n
channel_shorts_tab,건전한 꼬망이,UCawMZXU0erlNxlcDT1Z9BFg,15800,18,y,dDnbdUQfcls,https://www.youtube.com/shorts/dDnbdUQfcls,자꾸 깜빡하는 친구🧐,270000,27만,2026-09-25,타 작가 만화 짤,✗,타 작가 만화,y
channel_shorts_tab,Cherry Toon,UCz2KbgTUwirkfmHDT44009w,1950000,1,"n(최신 3편, 미성숙)",po1TIbB-lZQ,https://www.youtube.com/shorts/po1TIbB-lZQ,[체리툰] 미남이 찍어줄 때 vs 진다남이 찍어줄 때,710000,71만,,2D 애니(자체),△,"자체 2D 애니, 대형 채널",y
channel_shorts_tab,Cherry Toon,UCz2KbgTUwirkfmHDT44009w,1950000,2,"n(최신 3편, 미성숙)",t2gBZDuBQWs,https://www.youtube.com/shorts/t2gBZDuBQWs,[체리툰] 20대 vs 10대 연애 차이,650000,65만,,2D 애니(자체),△,"자체 2D 애니, 대형 채널",y
channel_shorts_tab,Cherry Toon,UCz2KbgTUwirkfmHDT44009w,1950000,3,"n(최신 3편, 미성숙)",luO-xriYkRg,https://www.youtube.com/shorts/luO-xriYkRg,[체리툰] iconic heart2,1270000,127만,,2D 애니(자체),△,"자체 2D 애니, 대형 채널",y
channel_shorts_tab,Cherry Toon,UCz2KbgTUwirkfmHDT44009w,1950000,4,y,o3x1-JFXqls,https://www.youtube.com/shorts/o3x1-JFXqls,[체리툰] iconic heart,1080000,108만,2026-09-29,2D 애니(자체),△,"자체 2D 애니, 대형 채널",y
channel_shorts_tab,Cherry Toon,UCz2KbgTUwirkfmHDT44009w,1950000,5,y,Y47pSHzLHWU,https://www.youtube.com/shorts/Y47pSHzLHWU,[체리툰] 추석 용돈별 태도,1680000,168만,,2D 애니(자체),△,"자체 2D 애니, 대형 채널",y
channel_shorts_tab,Cherry Toon,UCz2KbgTUwirkfmHDT44009w,1950000,6,y,mxjJYgOUhzs,https://www.youtube.com/shorts/mxjJYgOUhzs,[체리툰] 폰 새로 샀을 때,1020000,102만,,2D 애니(자체),△,"자체 2D 애니, 대형 채널",y
channel_shorts_tab,Cherry Toon,UCz2KbgTUwirkfmHDT44009w,1950000,7,y,eHVgs5YE9iY,https://www.youtube.com/shorts/eHVgs5YE9iY,[체리툰] 초반vs장기 커플 사진 찍을 때,1980000,198만,,2D 애니(자체),△,"자체 2D 애니, 대형 채널",y
channel_shorts_tab,Cherry Toon,UCz2KbgTUwirkfmHDT44009w,1950000,8,y,7Z_CB2XFNCk,https://www.youtube.com/shorts/7Z_CB2XFNCk,[체리툰] 등교 준비,460000,46만,,2D 애니(자체),△,"자체 2D 애니, 대형 채널",y
channel_shorts_tab,Cherry Toon,UCz2KbgTUwirkfmHDT44009w,1950000,9,y,1h9wuvovjOM,https://www.youtube.com/shorts/1h9wuvovjOM,[체리툰] 엄마의 착각,4010000,401만,,2D 애니(자체),△,"자체 2D 애니, 대형 채널",y
channel_shorts_tab,Cherry Toon,UCz2KbgTUwirkfmHDT44009w,1950000,10,y,QIxt36LR1yQ,https://www.youtube.com/shorts/QIxt36LR1yQ,[체리툰] 진다남의 외출 준비,640000,64만,,2D 애니(자체),△,"자체 2D 애니, 대형 채널",y
channel_shorts_tab,Cherry Toon,UCz2KbgTUwirkfmHDT44009w,1950000,11,y,N229bC_c78M,https://www.youtube.com/shorts/N229bC_c78M,[체리툰] 남친에게 갑자기 연락 왔을 때,760000,76만,,2D 애니(자체),△,"자체 2D 애니, 대형 채널",y
channel_shorts_tab,Cherry Toon,UCz2KbgTUwirkfmHDT44009w,1950000,12,y,pU-iPbd7dHk,https://www.youtube.com/shorts/pU-iPbd7dHk,[체리툰] 못생겨지는 안경,570000,57만,,2D 애니(자체),△,"자체 2D 애니, 대형 채널",y
channel_shorts_tab,Cherry Toon,UCz2KbgTUwirkfmHDT44009w,1950000,13,y,n6bwWnc9rOk,https://www.youtube.com/shorts/n6bwWnc9rOk,[체리툰] 입국심사,10060000,1006만,,2D 애니(자체),△,"자체 2D 애니, 대형 채널",y
channel_shorts_tab,Cherry Toon,UCz2KbgTUwirkfmHDT44009w,1950000,14,y,dPWBIXqm1Ok,https://www.youtube.com/shorts/dPWBIXqm1Ok,[체리툰] 머리 풀면 생기는 일,11840000,1184만,,2D 애니(자체),△,"자체 2D 애니, 대형 채널",y
channel_shorts_tab,Cherry Toon,UCz2KbgTUwirkfmHDT44009w,1950000,15,y,UAd4mo3yWXk,https://www.youtube.com/shorts/UAd4mo3yWXk,[체리툰] 요즘 날씨,3430000,343만,,2D 애니(자체),△,"자체 2D 애니, 대형 채널",y
channel_shorts_tab,Cherry Toon,UCz2KbgTUwirkfmHDT44009w,1950000,16,y,ph98w81K7pg,https://www.youtube.com/shorts/ph98w81K7pg,[체리툰] Terranova meme,8410000,841만,,2D 애니(자체),△,"자체 2D 애니, 대형 채널",y
channel_shorts_tab,Cherry Toon,UCz2KbgTUwirkfmHDT44009w,1950000,17,y,7BOeaJod1j8,https://www.youtube.com/shorts/7BOeaJod1j8,[체리툰] BAD가이즈,480000,48만,,2D 애니(자체),△,"자체 2D 애니, 대형 채널",y
channel_shorts_tab,Cherry Toon,UCz2KbgTUwirkfmHDT44009w,1950000,18,y,MFAia6kIXu0,https://www.youtube.com/shorts/MFAia6kIXu0,[체리툰] 에어컨 쟁탈전,730000,73만,2026-08-07,2D 애니(자체),△,"자체 2D 애니, 대형 채널",y
channel_shorts_tab,흙수저의 시선,UCtb-gwa3tr3yaJwNKKKlp4w,55400,1,"n(최신 3편, 미성숙)",qsWcowM83TE,https://www.youtube.com/shorts/qsWcowM83TE,잘생긴 남자가 쪽지를 받으면,61000,6.1만,,애니 장면(재업로드),✗,애니 클립,n
channel_shorts_tab,흙수저의 시선,UCtb-gwa3tr3yaJwNKKKlp4w,55400,2,"n(최신 3편, 미성숙)",O2zVDwSB6nY,https://www.youtube.com/shorts/O2zVDwSB6nY,기억을 찾은 고양이가 주인을 깨우는 이유,150000,15만,,애니 장면(재업로드),✗,애니 클립,y
channel_shorts_tab,흙수저의 시선,UCtb-gwa3tr3yaJwNKKKlp4w,55400,3,"n(최신 3편, 미성숙)",gTXZ8QMtmIg,https://www.youtube.com/shorts/gTXZ8QMtmIg,기억을 잃어도 돈을 버는 방법,94000,9.4만,,애니 장면(재업로드),✗,애니 클립,n
channel_shorts_tab,흙수저의 시선,UCtb-gwa3tr3yaJwNKKKlp4w,55400,4,y,VYWpoQI0CLM,https://www.youtube.com/shorts/VYWpoQI0CLM,학생회장과 결혼을 약속하게 된 이유,200000,20만,2026-10-07,애니 장면(재업로드),✗,애니 클립,y
channel_shorts_tab,흙수저의 시선,UCtb-gwa3tr3yaJwNKKKlp4w,55400,5,y,GU6MCOShITU,https://www.youtube.com/shorts/GU6MCOShITU,귀여운 여자가 아니어도 좋은 이유,440000,44만,,애니 장면(재업로드),✗,애니 클립,y
channel_shorts_tab,흙수저의 시선,UCtb-gwa3tr3yaJwNKKKlp4w,55400,6,y,YXpt-j4rQVM,https://www.youtube.com/shorts/YXpt-j4rQVM,평범한 마법으로 생겨버린 별명,37000,3.7만,,애니 장면(재업로드),✗,애니 클립,n
channel_shorts_tab,흙수저의 시선,UCtb-gwa3tr3yaJwNKKKlp4w,55400,7,y,gl8xxEeE0-0,https://www.youtube.com/shorts/gl8xxEeE0-0,승부에서 이기는 방법,140000,14만,,애니 장면(재업로드),✗,애니 클립,y
channel_shorts_tab,흙수저의 시선,UCtb-gwa3tr3yaJwNKKKlp4w,55400,8,y,szAqBI1oI9Q,https://www.youtube.com/shorts/szAqBI1oI9Q,아이돌의 스캔들을 막기 위한 방법,310000,31만,,애니 장면(재업로드),✗,애니 클립,y
channel_shorts_tab,흙수저의 시선,UCtb-gwa3tr3yaJwNKKKlp4w,55400,9,y,iOLTCG1wQwY,https://www.youtube.com/shorts/iOLTCG1wQwY,아내를 사랑한 아버지의 실수,880000,88만,,애니 장면(재업로드),✗,애니 클립,y
channel_shorts_tab,흙수저의 시선,UCtb-gwa3tr3yaJwNKKKlp4w,55400,10,y,IVp-eXvddIE,https://www.youtube.com/shorts/IVp-eXvddIE,손녀를 주기 싫었던 할아버지,260000,26만,,애니 장면(재업로드),✗,애니 클립,y
channel_shorts_tab,흙수저의 시선,UCtb-gwa3tr3yaJwNKKKlp4w,55400,11,y,N-xcgeml-2o,https://www.youtube.com/shorts/N-xcgeml-2o,두 명 빼고 모두가 반해버린 남동생,1330000,133만,,애니 장면(재업로드),✗,애니 클립,y
channel_shorts_tab,흙수저의 시선,UCtb-gwa3tr3yaJwNKKKlp4w,55400,12,y,wBRYxYTlYcY,https://www.youtube.com/shorts/wBRYxYTlYcY,거신을 치료할 때 일어났던 일,200000,20만,,애니 장면(재업로드),✗,애니 클립,y
channel_shorts_tab,흙수저의 시선,UCtb-gwa3tr3yaJwNKKKlp4w,55400,13,y,6q2F1Xwdtm4,https://www.youtube.com/shorts/6q2F1Xwdtm4,사라진 일행들을 찾는 소녀,600000,60만,,애니 장면(재업로드),✗,애니 클립,y
channel_shorts_tab,흙수저의 시선,UCtb-gwa3tr3yaJwNKKKlp4w,55400,14,y,0C45GOxVyQ0,https://www.youtube.com/shorts/0C45GOxVyQ0,크기가 작아진 친구를 숨기는 방법,270000,27만,,애니 장면(재업로드),✗,애니 클립,y
channel_shorts_tab,흙수저의 시선,UCtb-gwa3tr3yaJwNKKKlp4w,55400,15,y,flmGncLQ5rM,https://www.youtube.com/shorts/flmGncLQ5rM,붉은 눈을 건들면 안 되는 이유,280000,28만,,애니 장면(재업로드),✗,애니 클립,y
channel_shorts_tab,흙수저의 시선,UCtb-gwa3tr3yaJwNKKKlp4w,55400,16,y,QKMV5_Le48I,https://www.youtube.com/shorts/QKMV5_Le48I,친구들의 장난에 대처하는 방법,940000,94만,,애니 장면(재업로드),✗,애니 클립,y
channel_shorts_tab,흙수저의 시선,UCtb-gwa3tr3yaJwNKKKlp4w,55400,17,y,R6I0vx67-pw,https://www.youtube.com/shorts/R6I0vx67-pw,샌드위치를 맛있게 먹는 방법,1950000,195만,,애니 장면(재업로드),✗,애니 클립,y
channel_shorts_tab,흙수저의 시선,UCtb-gwa3tr3yaJwNKKKlp4w,55400,18,y,FCb_7-5MNVY,https://www.youtube.com/shorts/FCb_7-5MNVY,책에 나와있는 최강의 공략법,1020000,102만,2026-09-14,애니 장면(재업로드),✗,애니 클립,y
channel_shorts_tab,그 시절 우리의,UCZuNhX8hTA7ziN_yFz8w6sQ,36000,1,"n(최신 3편, 미성숙)",lthEgenepbc,https://www.youtube.com/shorts/lthEgenepbc,2000년대 초 밀레니엄 시대를 휩쓸었던 특이한 모자 유행의 진짜 모습,1600,1.6천,,그 시절 레트로 영상,○(공공누리 자료로),"검정 띠 제목 + 옛 영상, 70~90년대 생활",n
channel_shorts_tab,그 시절 우리의,UCZuNhX8hTA7ziN_yFz8w6sQ,36000,2,"n(최신 3편, 미성숙)",ouZqVZqkZ7E,https://www.youtube.com/shorts/ouZqVZqkZ7E,아침엔 민간인이었다가 저녁엔 완전히 군인이 되던 그 시절 입영 하루의 모습,55000,5.5만,,그 시절 레트로 영상,○(공공누리 자료로),"검정 띠 제목 + 옛 영상, 70~90년대 생활",n
channel_shorts_tab,그 시절 우리의,UCZuNhX8hTA7ziN_yFz8w6sQ,36000,3,"n(최신 3편, 미성숙)",ysThuxO3edg,https://www.youtube.com/shorts/ysThuxO3edg,"2인치 화면에도 세상이 다 담겼던 그 시절 피처폰, 지금 세대는 상상도 못할 매력",27000,2.7만,,그 시절 레트로 영상,○(공공누리 자료로),"검정 띠 제목 + 옛 영상, 70~90년대 생활",n
channel_shorts_tab,그 시절 우리의,UCZuNhX8hTA7ziN_yFz8w6sQ,36000,4,y,YwKVRxUxWvA,https://www.youtube.com/shorts/YwKVRxUxWvA,고봉밥 하나로 밥심 채우며 하루를 살던 그 시절 가족 식사의 진짜 모습,620000,62만,2026-10-04,그 시절 레트로 영상,○(공공누리 자료로),"검정 띠 제목 + 옛 영상, 70~90년대 생활",y
channel_shorts_tab,그 시절 우리의,UCZuNhX8hTA7ziN_yFz8w6sQ,36000,5,y,BfioVAPwLwI,https://www.youtube.com/shorts/BfioVAPwLwI,끝없는 아스팔트 위를 신나게 뛰어놀던 그 시절 여의도 광장의 진짜 행복한 추억,69000,6.9만,,그 시절 레트로 영상,○(공공누리 자료로),"검정 띠 제목 + 옛 영상, 70~90년대 생활",n
channel_shorts_tab,그 시절 우리의,UCZuNhX8hTA7ziN_yFz8w6sQ,36000,6,y,5412Ith9Bj0,https://www.youtube.com/shorts/5412Ith9Bj0,"쓰레기 제로, 다 먹고 문 밖에 내놓으면 다시 가져가던 그 시절 배달 모습",64000,6.4만,,그 시절 레트로 영상,○(공공누리 자료로),"검정 띠 제목 + 옛 영상, 70~90년대 생활",n
channel_shorts_tab,그 시절 우리의,UCZuNhX8hTA7ziN_yFz8w6sQ,36000,7,y,DsknAAVlCDw,https://www.youtube.com/shorts/DsknAAVlCDw,"친구들과 함께 밤새 스타하던 그 시절 PC방의 진짜 낭만, 다시는 못 느낄 추억",11000,1.1만,,그 시절 레트로 영상,○(공공누리 자료로),"검정 띠 제목 + 옛 영상, 70~90년대 생활",n
channel_shorts_tab,그 시절 우리의,UCZuNhX8hTA7ziN_yFz8w6sQ,36000,8,y,4xr2DeiPPB0,https://www.youtube.com/shorts/4xr2DeiPPB0,남북이 정말 하나가 될 것 같았던 그 시절 평양 거리와 시민들의 진짜 모습 이야기,31000,3.1만,,그 시절 레트로 영상,○(공공누리 자료로),"검정 띠 제목 + 옛 영상, 70~90년대 생활",n
channel_shorts_tab,그 시절 우리의,UCZuNhX8hTA7ziN_yFz8w6sQ,36000,9,y,ALO4pnSm6jI,https://www.youtube.com/shorts/ALO4pnSm6jI,"똥국에 콩나물 반찬도 꿀맛이었던 그 시절 짬밥, 지금은 상상도 못할 진짜 군대 이야기",240000,24만,,그 시절 레트로 영상,○(공공누리 자료로),"검정 띠 제목 + 옛 영상, 70~90년대 생활",y
channel_shorts_tab,그 시절 우리의,UCZuNhX8hTA7ziN_yFz8w6sQ,36000,10,y,a34xV0WjbUQ,https://www.youtube.com/shorts/a34xV0WjbUQ,"이거 하나 있으면 재벌 소리 듣던 그 시절, 지금은 상상도 못할 진짜 위상",82000,8.2만,,그 시절 레트로 영상,○(공공누리 자료로),"검정 띠 제목 + 옛 영상, 70~90년대 생활",n
channel_shorts_tab,그 시절 우리의,UCZuNhX8hTA7ziN_yFz8w6sQ,36000,11,y,dlNyVT4W9GI,https://www.youtube.com/shorts/dlNyVT4W9GI,세련되지 않았지만 개성 넘쳤던 그 시절 90년대 지방 남자 패션의 진짜 낭만,170000,17만,,그 시절 레트로 영상,○(공공누리 자료로),"검정 띠 제목 + 옛 영상, 70~90년대 생활",y
channel_shorts_tab,그 시절 우리의,UCZuNhX8hTA7ziN_yFz8w6sQ,36000,12,y,HQgbsv8XBok,https://www.youtube.com/shorts/HQgbsv8XBok,세월이 아무리 흘러도 못 잊을 그 시절 80년대 휴게소의 진짜 낭만,77000,7.7만,,그 시절 레트로 영상,○(공공누리 자료로),"검정 띠 제목 + 옛 영상, 70~90년대 생활",n
channel_shorts_tab,그 시절 우리의,UCZuNhX8hTA7ziN_yFz8w6sQ,36000,13,y,6ilcfb6Y0Wo,https://www.youtube.com/shorts/6ilcfb6Y0Wo,"  열 명 넘는 친척들로 북적이던 그 시절 차례, 지금은 사라진 진짜 명절 풍경",260000,26만,,그 시절 레트로 영상,○(공공누리 자료로),"검정 띠 제목 + 옛 영상, 70~90년대 생활",y
channel_shorts_tab,그 시절 우리의,UCZuNhX8hTA7ziN_yFz8w6sQ,36000,14,y,NXamxOI42Oo,https://www.youtube.com/shorts/NXamxOI42Oo,"고속도로에서 차 문 열고 산책하던 그 시절 추석, MZ가 보면 놀랄 진짜 추억",890000,89만,,그 시절 레트로 영상,○(공공누리 자료로),"검정 띠 제목 + 옛 영상, 70~90년대 생활",y
channel_shorts_tab,그 시절 우리의,UCZuNhX8hTA7ziN_yFz8w6sQ,36000,15,y,-PbifPXTCyY,https://www.youtube.com/shorts/-PbifPXTCyY,"좁은 부스 안에서 세상과 소통하던 그 시절, 지금은 사라진 진짜 통신의 낭만",42000,4.2만,,그 시절 레트로 영상,○(공공누리 자료로),"검정 띠 제목 + 옛 영상, 70~90년대 생활",n
channel_shorts_tab,그 시절 우리의,UCZuNhX8hTA7ziN_yFz8w6sQ,36000,16,y,2OGovqeN4Bg,https://www.youtube.com/shorts/2OGovqeN4Bg,"평양냉면 한 그릇 1700원이었던 그 시절, 지금 세대는 상상도 못할 진짜 식당 물가",330000,33만,,그 시절 레트로 영상,○(공공누리 자료로),"검정 띠 제목 + 옛 영상, 70~90년대 생활",y
channel_shorts_tab,그 시절 우리의,UCZuNhX8hTA7ziN_yFz8w6sQ,36000,17,y,0HmtCPC81U0,https://www.youtube.com/shorts/0HmtCPC81U0,밤마다 취객으로 발 디딜 틈 없던 그 시절 경찰서의 충격적인 모습들,120000,12만,,그 시절 레트로 영상,○(공공누리 자료로),"검정 띠 제목 + 옛 영상, 70~90년대 생활",y
channel_shorts_tab,그 시절 우리의,UCZuNhX8hTA7ziN_yFz8w6sQ,36000,18,y,OrDPuRAGJlI,https://www.youtube.com/shorts/OrDPuRAGJlI,기차 출발 신호에 입천장 데어가며 후루룩 마시던 그 시절 가락국수의 진짜 낭만  ,950000,95만,2026-09-18,그 시절 레트로 영상,○(공공누리 자료로),"검정 띠 제목 + 옛 영상, 70~90년대 생활",y
channel_shorts_tab,스타스타디,UCPYHpvhE7K6PgcMtm8MjX_A,84500,1,"n(최신 3편, 미성숙)",LCQrpvJV9iQ,https://www.youtube.com/shorts/LCQrpvJV9iQ,한국인이 사랑한 발라드 TOP 30...,3300,3.3천,,가요 추억(재업로드),✗,방송 클립,n
channel_shorts_tab,스타스타디,UCPYHpvhE7K6PgcMtm8MjX_A,84500,2,"n(최신 3편, 미성숙)",EN7UnZhD1pY,https://www.youtube.com/shorts/EN7UnZhD1pY,8090년대 명곡들… 노랫말 대상의 주인공들,26000,2.6만,,가요 추억(재업로드),✗,방송 클립,n
channel_shorts_tab,스타스타디,UCPYHpvhE7K6PgcMtm8MjX_A,84500,3,"n(최신 3편, 미성숙)",7XJEr107lh4,https://www.youtube.com/shorts/7XJEr107lh4,아내에게 바친 노래… 발표 직후 이혼했다,19000,1.9만,,가요 추억(재업로드),✗,방송 클립,n
channel_shorts_tab,스타스타디,UCPYHpvhE7K6PgcMtm8MjX_A,84500,4,y,5SPcUKkFbzA,https://www.youtube.com/shorts/5SPcUKkFbzA,90-00년대 명곡뒤 숨겨진 작사가 채정은 베스트 12,39000,3.9만,2026-10-08,가요 추억(재업로드),✗,방송 클립,n
channel_shorts_tab,스타스타디,UCPYHpvhE7K6PgcMtm8MjX_A,84500,5,y,DXG7jJegKyU,https://www.youtube.com/shorts/DXG7jJegKyU,비행기에서 떠올린 한 줄이 아카데미를 휩쓸었다,20000,2만,,가요 추억(재업로드),✗,방송 클립,n
channel_shorts_tab,스타스타디,UCPYHpvhE7K6PgcMtm8MjX_A,84500,6,y,WU3BQe9r-X8,https://www.youtube.com/shorts/WU3BQe9r-X8,"80-00년대 노래는 남고, 가수는 떠났다… 그들의 히트곡 10",32000,3.2만,,가요 추억(재업로드),✗,방송 클립,n
channel_shorts_tab,스타스타디,UCPYHpvhE7K6PgcMtm8MjX_A,84500,7,y,IKMQ1Bvd8zA,https://www.youtube.com/shorts/IKMQ1Bvd8zA,록 밴드가 돌변한 이유… 첫사랑을 향한 후회의 노래,8100,8.1천,,가요 추억(재업로드),✗,방송 클립,n
channel_shorts_tab,스타스타디,UCPYHpvhE7K6PgcMtm8MjX_A,84500,8,y,6RW4Y84bMMI,https://www.youtube.com/shorts/6RW4Y84bMMI,90년대를 뒤흔든 노래들… 전설의 작사가 이승호 30,43000,4.3만,,가요 추억(재업로드),✗,방송 클립,n
channel_shorts_tab,스타스타디,UCPYHpvhE7K6PgcMtm8MjX_A,84500,9,y,jxbr_mPv56E,https://www.youtube.com/shorts/jxbr_mPv56E,"영화는 대박났는데,유일하게 실패한 OST가 있었다",27000,2.7만,,가요 추억(재업로드),✗,방송 클립,n
channel_shorts_tab,스타스타디,UCPYHpvhE7K6PgcMtm8MjX_A,84500,10,y,9tFutliLWjU,https://www.youtube.com/shorts/9tFutliLWjU,2010년대 드라마를 빛낸 OST 베스트 15,55000,5.5만,,가요 추억(재업로드),✗,방송 클립,n
channel_shorts_tab,스타스타디,UCPYHpvhE7K6PgcMtm8MjX_A,84500,11,y,qimTTf_zpjo,https://www.youtube.com/shorts/qimTTf_zpjo,"70년대부터 90년대까지, 블론디의 명곡들",26000,2.6만,,가요 추억(재업로드),✗,방송 클립,n
channel_shorts_tab,스타스타디,UCPYHpvhE7K6PgcMtm8MjX_A,84500,12,y,2YQjfmLwzoo,https://www.youtube.com/shorts/2YQjfmLwzoo,2011년 뮤직뱅크를 장악한 노래들… 1위곡 23,54000,5.4만,,가요 추억(재업로드),✗,방송 클립,n
channel_shorts_tab,스타스타디,UCPYHpvhE7K6PgcMtm8MjX_A,84500,13,y,clldlITd7q8,https://www.youtube.com/shorts/clldlITd7q8,700만 달러 영화가 2억 달러를 벌어들인 비결,74000,7.4만,,가요 추억(재업로드),✗,방송 클립,n
channel_shorts_tab,스타스타디,UCPYHpvhE7K6PgcMtm8MjX_A,84500,14,y,lIbEsjl8Wus,https://www.youtube.com/shorts/lIbEsjl8Wus,"90년대 그 시절, 우리가 사랑했던 추억의 팝 히트곡 10",59000,5.9만,,가요 추억(재업로드),✗,방송 클립,n
channel_shorts_tab,스타스타디,UCPYHpvhE7K6PgcMtm8MjX_A,84500,15,y,yu347lus5so,https://www.youtube.com/shorts/yu347lus5so,"피아노 밑에 숨어 듣던 3살 아이, 록 전설이 되다",60000,6만,,가요 추억(재업로드),✗,방송 클립,n
channel_shorts_tab,스타스타디,UCPYHpvhE7K6PgcMtm8MjX_A,84500,16,y,JCJQGIf7ewQ,https://www.youtube.com/shorts/JCJQGIf7ewQ,2000년대 가요계를 빛낸 작사가… 강은경 베스트 20 (2탄),83000,8.3만,,가요 추억(재업로드),✗,방송 클립,n
channel_shorts_tab,스타스타디,UCPYHpvhE7K6PgcMtm8MjX_A,84500,17,y,-gKFgMp1IPw,https://www.youtube.com/shorts/-gKFgMp1IPw,꿈을 찾아 떠났지만 빈털터리… 그가 만든 노래,15000,1.5만,,가요 추억(재업로드),✗,방송 클립,n
channel_shorts_tab,스타스타디,UCPYHpvhE7K6PgcMtm8MjX_A,84500,18,y,xTH6ANa3Xr0,https://www.youtube.com/shorts/xTH6ANa3Xr0,"2000년대 초중반, 가슴을 울린 록발라드 12곡",48000,4.8만,2026-10-01,가요 추억(재업로드),✗,방송 클립,n
channel_shorts_tab,저승이와 친구들,UCFZNmOPjyuxo6RnhqdKZbCw,1600000,1,"n(최신 3편, 미성숙)",qLKJkxye3rI,https://www.youtube.com/shorts/qLKJkxye3rI,저승사자 vs 천사 (20편),3580000,358만,,블랙박스 시리즈(재업로드),✗,해외 블랙박스,y
channel_shorts_tab,저승이와 친구들,UCFZNmOPjyuxo6RnhqdKZbCw,1600000,2,"n(최신 3편, 미성숙)",I9D0Nya8Wa4,https://www.youtube.com/shorts/I9D0Nya8Wa4,저승사자 vs 천사 (19편),88000,8.8만,,블랙박스 시리즈(재업로드),✗,해외 블랙박스,n
channel_shorts_tab,저승이와 친구들,UCFZNmOPjyuxo6RnhqdKZbCw,1600000,3,"n(최신 3편, 미성숙)",jTNzmHHDJAU,https://www.youtube.com/shorts/jTNzmHHDJAU,저승사자 vs 천사 (18편),9260000,926만,,블랙박스 시리즈(재업로드),✗,해외 블랙박스,y
channel_shorts_tab,저승이와 친구들,UCFZNmOPjyuxo6RnhqdKZbCw,1600000,4,y,tsC0ptQCiD0,https://www.youtube.com/shorts/tsC0ptQCiD0,저승사자 vs 천사 (17편),18850000,1885만,2026-09-30,블랙박스 시리즈(재업로드),✗,해외 블랙박스,y
channel_shorts_tab,저승이와 친구들,UCFZNmOPjyuxo6RnhqdKZbCw,1600000,5,y,5WWQZKOEZoQ,https://www.youtube.com/shorts/5WWQZKOEZoQ,저승사자 vs 천사 (16편),8800000,880만,,블랙박스 시리즈(재업로드),✗,해외 블랙박스,y
channel_shorts_tab,저승이와 친구들,UCFZNmOPjyuxo6RnhqdKZbCw,1600000,6,y,o6UFy3rsmZg,https://www.youtube.com/shorts/o6UFy3rsmZg,저승사자 vs 천사 (15편),17430000,1743만,,블랙박스 시리즈(재업로드),✗,해외 블랙박스,y
channel_shorts_tab,저승이와 친구들,UCFZNmOPjyuxo6RnhqdKZbCw,1600000,7,y,AbM8faxDQLk,https://www.youtube.com/shorts/AbM8faxDQLk,저승사자 vs 천사 (14편),26980000,2698만,,블랙박스 시리즈(재업로드),✗,해외 블랙박스,y
channel_shorts_tab,저승이와 친구들,UCFZNmOPjyuxo6RnhqdKZbCw,1600000,8,y,Q-fWn5Fh1wg,https://www.youtube.com/shorts/Q-fWn5Fh1wg,저승사자 vs 천사 (13편),12510000,1251만,,블랙박스 시리즈(재업로드),✗,해외 블랙박스,y
channel_shorts_tab,저승이와 친구들,UCFZNmOPjyuxo6RnhqdKZbCw,1600000,9,y,9XcoQHo0xuY,https://www.youtube.com/shorts/9XcoQHo0xuY,저승사자 vs 천사 (12편),7010000,701만,,블랙박스 시리즈(재업로드),✗,해외 블랙박스,y
channel_shorts_tab,저승이와 친구들,UCFZNmOPjyuxo6RnhqdKZbCw,1600000,10,y,xGGWkiUgRFg,https://www.youtube.com/shorts/xGGWkiUgRFg,저승사자 vs 천사 (11편),6940000,694만,,블랙박스 시리즈(재업로드),✗,해외 블랙박스,y
channel_shorts_tab,저승이와 친구들,UCFZNmOPjyuxo6RnhqdKZbCw,1600000,11,y,Qp74W-bE66w,https://www.youtube.com/shorts/Qp74W-bE66w,저승사자 vs 천사 (10편),11220000,1122만,,블랙박스 시리즈(재업로드),✗,해외 블랙박스,y
channel_shorts_tab,저승이와 친구들,UCFZNmOPjyuxo6RnhqdKZbCw,1600000,12,y,Hp23LmKGAXE,https://www.youtube.com/shorts/Hp23LmKGAXE,저승사자 vs 천사 (9편),21720000,2172만,,블랙박스 시리즈(재업로드),✗,해외 블랙박스,y
channel_shorts_tab,저승이와 친구들,UCFZNmOPjyuxo6RnhqdKZbCw,1600000,13,y,OUrKdd1iTi0,https://www.youtube.com/shorts/OUrKdd1iTi0,저승사자 vs 천사 (8편),38480000,3848만,,블랙박스 시리즈(재업로드),✗,해외 블랙박스,y
channel_shorts_tab,저승이와 친구들,UCFZNmOPjyuxo6RnhqdKZbCw,1600000,14,y,v7g3oDJ8HUU,https://www.youtube.com/shorts/v7g3oDJ8HUU,저승사자 vs 천사 (7편),290000000,2.9억,,블랙박스 시리즈(재업로드),✗,해외 블랙박스,y
channel_shorts_tab,저승이와 친구들,UCFZNmOPjyuxo6RnhqdKZbCw,1600000,15,y,0kIhc14LHbU,https://www.youtube.com/shorts/0kIhc14LHbU,저승사자 vs 천사 (6편),27280000,2728만,,블랙박스 시리즈(재업로드),✗,해외 블랙박스,y
channel_shorts_tab,저승이와 친구들,UCFZNmOPjyuxo6RnhqdKZbCw,1600000,16,y,gih5ySxYjaQ,https://www.youtube.com/shorts/gih5ySxYjaQ,저승사자 vs 천사 (5편),60470000,6047만,,블랙박스 시리즈(재업로드),✗,해외 블랙박스,y
channel_shorts_tab,저승이와 친구들,UCFZNmOPjyuxo6RnhqdKZbCw,1600000,17,y,ep_yD0ofDlM,https://www.youtube.com/shorts/ep_yD0ofDlM,저승사자 vs 천사 (4편),41850000,4185만,,블랙박스 시리즈(재업로드),✗,해외 블랙박스,y
channel_shorts_tab,저승이와 친구들,UCFZNmOPjyuxo6RnhqdKZbCw,1600000,18,y,45mwjc0DAUo,https://www.youtube.com/shorts/45mwjc0DAUo,저승사자 vs 천사 (3편),140000000,1.4억,2026-08-07,블랙박스 시리즈(재업로드),✗,해외 블랙박스,y
channel_shorts_tab,프피의 삶 INFP's Daily,UCoWLLEMUgAbKCszfgH959mA,271000,1,"n(최신 3편, 미성숙)",L2kHZfgrh9o,https://www.youtube.com/shorts/L2kHZfgrh9o,이탈리아인이 도발에 넘어간 순간,60000,6만,,해외 짤(재업로드),✗,SNS 클립,n
channel_shorts_tab,프피의 삶 INFP's Daily,UCoWLLEMUgAbKCszfgH959mA,271000,2,"n(최신 3편, 미성숙)",KsKAiTj7lBI,https://www.youtube.com/shorts/KsKAiTj7lBI,멕시코 콜라를 미국인들이 찾는 이유,49000,4.9만,,해외 짤(재업로드),✗,SNS 클립,n
channel_shorts_tab,프피의 삶 INFP's Daily,UCoWLLEMUgAbKCszfgH959mA,271000,3,"n(최신 3편, 미성숙)",-FSdM36kMTs,https://www.youtube.com/shorts/-FSdM36kMTs,일본 아나운서의 칼질 실력,1070000,107만,,해외 짤(재업로드),✗,SNS 클립,y
channel_shorts_tab,프피의 삶 INFP's Daily,UCoWLLEMUgAbKCszfgH959mA,271000,4,y,20oh6Uq3W7Y,https://www.youtube.com/shorts/20oh6Uq3W7Y,포장문구가 선 넘은 이유,4400,4.4천,2026-10-04,해외 짤(재업로드),✗,SNS 클립,n
channel_shorts_tab,프피의 삶 INFP's Daily,UCoWLLEMUgAbKCszfgH959mA,271000,5,y,L_Lp-T0mRdI,https://www.youtube.com/shorts/L_Lp-T0mRdI,아빠와 아들의 도시락 싸기 대결,55000,5.5만,,해외 짤(재업로드),✗,SNS 클립,n
channel_shorts_tab,프피의 삶 INFP's Daily,UCoWLLEMUgAbKCszfgH959mA,271000,6,y,Wl5Tg5W7VHE,https://www.youtube.com/shorts/Wl5Tg5W7VHE,웨이터가 제일 뿌듯한 순간,3230000,323만,,해외 짤(재업로드),✗,SNS 클립,y
channel_shorts_tab,프피의 삶 INFP's Daily,UCoWLLEMUgAbKCszfgH959mA,271000,7,y,baNE8OIsb4E,https://www.youtube.com/shorts/baNE8OIsb4E,제 1회 마시멜로 일직선 긋기 대회,570000,57만,,해외 짤(재업로드),✗,SNS 클립,y
channel_shorts_tab,프피의 삶 INFP's Daily,UCoWLLEMUgAbKCszfgH959mA,271000,8,y,HdAQ93RZZes,https://www.youtube.com/shorts/HdAQ93RZZes,미국산 vs 유럽산 닭가슴살의 차이,260000,26만,,해외 짤(재업로드),✗,SNS 클립,y
channel_shorts_tab,프피의 삶 INFP's Daily,UCoWLLEMUgAbKCszfgH959mA,271000,9,y,TqRCWEREHHU,https://www.youtube.com/shorts/TqRCWEREHHU,성격급한 한국인을 위한 주방 꿀팁 모음,120000,12만,,해외 짤(재업로드),✗,SNS 클립,y
channel_shorts_tab,프피의 삶 INFP's Daily,UCoWLLEMUgAbKCszfgH959mA,271000,10,y,WIQH9AktZd0,https://www.youtube.com/shorts/WIQH9AktZd0,1년에 한번씩은 칼갈이를 하는 이유,850000,85만,,해외 짤(재업로드),✗,SNS 클립,y
channel_shorts_tab,프피의 삶 INFP's Daily,UCoWLLEMUgAbKCszfgH959mA,271000,11,y,LYTxUB9Etfc,https://www.youtube.com/shorts/LYTxUB9Etfc,간호사 경력별 손기술의 차이,790000,79만,,해외 짤(재업로드),✗,SNS 클립,y
channel_shorts_tab,프피의 삶 INFP's Daily,UCoWLLEMUgAbKCszfgH959mA,271000,12,y,2K3GdMox9WE,https://www.youtube.com/shorts/2K3GdMox9WE,가구점이 절대 알려주지 않는 제품,68000,6.8만,,해외 짤(재업로드),✗,SNS 클립,n
channel_shorts_tab,프피의 삶 INFP's Daily,UCoWLLEMUgAbKCszfgH959mA,271000,13,y,w6HPFFuY-70,https://www.youtube.com/shorts/w6HPFFuY-70,일당 6배 받는 멕시코 목수 콤비,54000,5.4만,,해외 짤(재업로드),✗,SNS 클립,n
channel_shorts_tab,프피의 삶 INFP's Daily,UCoWLLEMUgAbKCszfgH959mA,271000,14,y,0_dF1XkVoV4,https://www.youtube.com/shorts/0_dF1XkVoV4,엄마의 손맛이 지리면 생기는 일,30000,3만,,해외 짤(재업로드),✗,SNS 클립,n
channel_shorts_tab,프피의 삶 INFP's Daily,UCoWLLEMUgAbKCszfgH959mA,271000,15,y,u2eWeJeMEbY,https://www.youtube.com/shorts/u2eWeJeMEbY,아시아인들이 도시락 싸올 때 특징,170000,17만,,해외 짤(재업로드),✗,SNS 클립,y
channel_shorts_tab,프피의 삶 INFP's Daily,UCoWLLEMUgAbKCszfgH959mA,271000,16,y,xG1eWREJ04k,https://www.youtube.com/shorts/xG1eWREJ04k,오랜만에 즐기는 도전! 드림팀,29000,2.9만,,해외 짤(재업로드),✗,SNS 클립,n
channel_shorts_tab,프피의 삶 INFP's Daily,UCoWLLEMUgAbKCszfgH959mA,271000,17,y,YQTUcHQcBIA,https://www.youtube.com/shorts/YQTUcHQcBIA,서양 여자들의 충격적인 평균 몸무게 ㄷㄷ,68000,6.8만,,해외 짤(재업로드),✗,SNS 클립,n
channel_shorts_tab,프피의 삶 INFP's Daily,UCoWLLEMUgAbKCszfgH959mA,271000,18,y,zwbbIPALFIQ,https://www.youtube.com/shorts/zwbbIPALFIQ,열쇠공이지만 차를 무서워하는 이유,45000,4.5만,2026-09-27,해외 짤(재업로드),✗,SNS 클립,n
channel_shorts_tab,안녕! 치앙마이 | annyeong.chiangmai,UCZjroZ0qZ03EPQwZi1pghHA,122000,1,"n(최신 3편, 미성숙)",U_oSk_AL55A,https://www.youtube.com/shorts/U_oSk_AL55A,골댕이가 항상 웃긴 이유,12000,1.2만,,손그림 스케치,○,손그림 애니,n
channel_shorts_tab,안녕! 치앙마이 | annyeong.chiangmai,UCZjroZ0qZ03EPQwZi1pghHA,122000,2,"n(최신 3편, 미성숙)",gqmZk9wDeuM,https://www.youtube.com/shorts/gqmZk9wDeuM,너무한 엄마 냥이,32000,3.2만,,손그림 스케치,○,손그림 애니,n
channel_shorts_tab,안녕! 치앙마이 | annyeong.chiangmai,UCZjroZ0qZ03EPQwZi1pghHA,122000,3,"n(최신 3편, 미성숙)",2Dbpvtpf8Og,https://www.youtube.com/shorts/2Dbpvtpf8Og,비버도 가끔 실수하는 이유,16000,1.6만,,손그림 스케치,○,손그림 애니,n
channel_shorts_tab,안녕! 치앙마이 | annyeong.chiangmai,UCZjroZ0qZ03EPQwZi1pghHA,122000,4,y,Vt7endB4uSQ,https://www.youtube.com/shorts/Vt7endB4uSQ,너굴 인생도 댕댕이들 만큼 빡센 이유,31000,3.1만,2026-09-25,손그림 스케치,○,손그림 애니,n
channel_shorts_tab,안녕! 치앙마이 | annyeong.chiangmai,UCZjroZ0qZ03EPQwZi1pghHA,122000,5,y,4By3gRZuhmU,https://www.youtube.com/shorts/4By3gRZuhmU,뱀이 개구리보다 멍청한 이유,42000,4.2만,,손그림 스케치,○,손그림 애니,n
channel_shorts_tab,안녕! 치앙마이 | annyeong.chiangmai,UCZjroZ0qZ03EPQwZi1pghHA,122000,6,y,iv0ppsbwccI,https://www.youtube.com/shorts/iv0ppsbwccI,천하장사 앞에선 장사 없는 강쥐,45000,4.5만,,손그림 스케치,○,손그림 애니,n
channel_shorts_tab,안녕! 치앙마이 | annyeong.chiangmai,UCZjroZ0qZ03EPQwZi1pghHA,122000,7,y,W8ZFhbPWH38,https://www.youtube.com/shorts/W8ZFhbPWH38,빨리 먹는 애들의 습관,44000,4.4만,,손그림 스케치,○,손그림 애니,n
channel_shorts_tab,안녕! 치앙마이 | annyeong.chiangmai,UCZjroZ0qZ03EPQwZi1pghHA,122000,8,y,Hlkryxmqx7U,https://www.youtube.com/shorts/Hlkryxmqx7U,양이 진짜 무서운 이유,6700,6.7천,,손그림 스케치,○,손그림 애니,n
channel_shorts_tab,안녕! 치앙마이 | annyeong.chiangmai,UCZjroZ0qZ03EPQwZi1pghHA,122000,9,y,bTR5bf4CSSQ,https://www.youtube.com/shorts/bTR5bf4CSSQ,악어가 마사지 하는 방법,56000,5.6만,,손그림 스케치,○,손그림 애니,n
channel_shorts_tab,안녕! 치앙마이 | annyeong.chiangmai,UCZjroZ0qZ03EPQwZi1pghHA,122000,10,y,PT-YSmVAhkQ,https://www.youtube.com/shorts/PT-YSmVAhkQ,사자무리와 벌꿀오소리,17000,1.7만,,손그림 스케치,○,손그림 애니,n
channel_shorts_tab,안녕! 치앙마이 | annyeong.chiangmai,UCZjroZ0qZ03EPQwZi1pghHA,122000,11,y,DPQBinjyE9I,https://www.youtube.com/shorts/DPQBinjyE9I,설탕은 참지만 소금은 못 참는 이유,70000,7만,,손그림 스케치,○,손그림 애니,n
channel_shorts_tab,안녕! 치앙마이 | annyeong.chiangmai,UCZjroZ0qZ03EPQwZi1pghHA,122000,12,y,YM9Q2LiQQFE,https://www.youtube.com/shorts/YM9Q2LiQQFE,악어가 먹지 못하는 이유,93000,9.3만,,손그림 스케치,○,손그림 애니,n
channel_shorts_tab,안녕! 치앙마이 | annyeong.chiangmai,UCZjroZ0qZ03EPQwZi1pghHA,122000,13,y,7NNzkGF1oDE,https://www.youtube.com/shorts/7NNzkGF1oDE,집사들이 알면 큰일 나는 냥이들의 소굴,59000,5.9만,,손그림 스케치,○,손그림 애니,n
channel_shorts_tab,안녕! 치앙마이 | annyeong.chiangmai,UCZjroZ0qZ03EPQwZi1pghHA,122000,14,y,kaNdcJlv35E,https://www.youtube.com/shorts/kaNdcJlv35E,펀치만큼 잘 때리는 냥쏴대기,47000,4.7만,,손그림 스케치,○,손그림 애니,n
channel_shorts_tab,안녕! 치앙마이 | annyeong.chiangmai,UCZjroZ0qZ03EPQwZi1pghHA,122000,15,y,HJiZ1vb8TMk,https://www.youtube.com/shorts/HJiZ1vb8TMk,사자가 먹이를 먹지 않는 이유,25000,2.5만,,손그림 스케치,○,손그림 애니,n
channel_shorts_tab,안녕! 치앙마이 | annyeong.chiangmai,UCZjroZ0qZ03EPQwZi1pghHA,122000,16,y,ajEb7kuhYzU,https://www.youtube.com/shorts/ajEb7kuhYzU,소X포구가 장사가 안 되는 이유,42000,4.2만,,손그림 스케치,○,손그림 애니,n
channel_shorts_tab,안녕! 치앙마이 | annyeong.chiangmai,UCZjroZ0qZ03EPQwZi1pghHA,122000,17,y,yVp2FbErqDc,https://www.youtube.com/shorts/yVp2FbErqDc,도마뱀이 밥을 거부하는 이유,43000,4.3만,,손그림 스케치,○,손그림 애니,n
channel_shorts_tab,안녕! 치앙마이 | annyeong.chiangmai,UCZjroZ0qZ03EPQwZi1pghHA,122000,18,y,nmfaePVi7lI,https://www.youtube.com/shorts/nmfaePVi7lI,고양이 싸우는 도중에 카메라 들이밀면 생기는 일,22000,2.2만,2026-08-30,손그림 스케치,○,손그림 애니,n
channel_shorts_tab,강달달,UC5GEIXkb1S8msefQtTiwXsQ,285000,1,"n(최신 3편, 미성숙)",-LEfYyoUgss,https://www.youtube.com/shorts/-LEfYyoUgss,100년만에 발견된 초콜릿…?,830000,83만,,먹방 숨은그림 찾기(실사),✗,얼굴 출연,y
channel_shorts_tab,강달달,UC5GEIXkb1S8msefQtTiwXsQ,285000,2,"n(최신 3편, 미성숙)",mRYmAKRhZfc,https://www.youtube.com/shorts/mRYmAKRhZfc,빨갛게 익어가는 8단계 무화과초콜릿,2220000,222만,,먹방 숨은그림 찾기(실사),✗,얼굴 출연,y
channel_shorts_tab,강달달,UC5GEIXkb1S8msefQtTiwXsQ,285000,3,"n(최신 3편, 미성숙)",vlxBFIoal8o,https://www.youtube.com/shorts/vlxBFIoal8o,어디에 숨어있을까요??,450000,45만,,먹방 숨은그림 찾기(실사),✗,얼굴 출연,y
channel_shorts_tab,강달달,UC5GEIXkb1S8msefQtTiwXsQ,285000,4,y,SA4IkXyo3QA,https://www.youtube.com/shorts/SA4IkXyo3QA,승자는???,1880000,188만,2026-09-12,먹방 숨은그림 찾기(실사),✗,얼굴 출연,y
channel_shorts_tab,강달달,UC5GEIXkb1S8msefQtTiwXsQ,285000,5,y,A_YoXBK4UIQ,https://www.youtube.com/shorts/A_YoXBK4UIQ,초장에 찍어먹는 🦐,540000,54만,,먹방 숨은그림 찾기(실사),✗,얼굴 출연,y
channel_shorts_tab,강달달,UC5GEIXkb1S8msefQtTiwXsQ,285000,6,y,MaLQRdI8MRI,https://www.youtube.com/shorts/MaLQRdI8MRI,5초 안에 찾아보세요! ⏰,29920000,2992만,,먹방 숨은그림 찾기(실사),✗,얼굴 출연,y
channel_shorts_tab,강달달,UC5GEIXkb1S8msefQtTiwXsQ,285000,7,y,WF6HELPFRzY,https://www.youtube.com/shorts/WF6HELPFRzY,당신이 모르고 먹었던 마요네즈의 실체,890000,89만,,먹방 숨은그림 찾기(실사),✗,얼굴 출연,y
channel_shorts_tab,강달달,UC5GEIXkb1S8msefQtTiwXsQ,285000,8,y,E9DgJ-NZHtM,https://www.youtube.com/shorts/E9DgJ-NZHtM,점점 셔지는 8단계 파인애플 초콜릿🍍🍫,2920000,292만,,먹방 숨은그림 찾기(실사),✗,얼굴 출연,y
channel_shorts_tab,강달달,UC5GEIXkb1S8msefQtTiwXsQ,285000,9,y,Ujwc330Oh_M,https://www.youtube.com/shorts/Ujwc330Oh_M,반으로 쪼개먹는🍉,2100000,210만,,먹방 숨은그림 찾기(실사),✗,얼굴 출연,y
channel_shorts_tab,강달달,UC5GEIXkb1S8msefQtTiwXsQ,285000,10,y,vEAd8M7-N4E,https://www.youtube.com/shorts/vEAd8M7-N4E,상한 거 아니야….?🥚#먹방 #블블한판더,4320000,432만,,먹방 숨은그림 찾기(실사),✗,얼굴 출연,y
channel_shorts_tab,강달달,UC5GEIXkb1S8msefQtTiwXsQ,285000,11,y,YySB-UmDT_s,https://www.youtube.com/shorts/YySB-UmDT_s,최홍만도 실패한,890000,89만,,먹방 숨은그림 찾기(실사),✗,얼굴 출연,y
channel_shorts_tab,강달달,UC5GEIXkb1S8msefQtTiwXsQ,285000,12,y,PCUZhFh8zak,https://www.youtube.com/shorts/PCUZhFh8zak,1%만 찾을 수 있습니다,17320000,1732만,,먹방 숨은그림 찾기(실사),✗,얼굴 출연,y
channel_shorts_tab,강달달,UC5GEIXkb1S8msefQtTiwXsQ,285000,13,y,GfUgdjdumgE,https://www.youtube.com/shorts/GfUgdjdumgE,무지개 초콜릿안에 뭐가 들어있을까요? 🌈,390000,39만,,먹방 숨은그림 찾기(실사),✗,얼굴 출연,y
channel_shorts_tab,강달달,UC5GEIXkb1S8msefQtTiwXsQ,285000,14,y,Q-SjFennGJg,https://www.youtube.com/shorts/Q-SjFennGJg,점점 진해지는 8단계 토마토초콜릿을 만들면 안되는 이유🍅,3320000,332만,,먹방 숨은그림 찾기(실사),✗,얼굴 출연,y
channel_shorts_tab,강달달,UC5GEIXkb1S8msefQtTiwXsQ,285000,15,y,dSR2dVptYAc,https://www.youtube.com/shorts/dSR2dVptYAc,여름 편의점 신상..?! 떡볶이 아이스크림 먹어봄🌶️🧊,580000,58만,,먹방 숨은그림 찾기(실사),✗,얼굴 출연,y
channel_shorts_tab,강달달,UC5GEIXkb1S8msefQtTiwXsQ,285000,16,y,r5mD9T3xqUQ,https://www.youtube.com/shorts/r5mD9T3xqUQ,육즙대신 과즙이 터지는,1360000,136만,,먹방 숨은그림 찾기(실사),✗,얼굴 출연,y
channel_shorts_tab,강달달,UC5GEIXkb1S8msefQtTiwXsQ,285000,17,y,kA4c0Wuocnc,https://www.youtube.com/shorts/kA4c0Wuocnc,숨어! 몇 개나 찾았나요?,41130000,4113만,,먹방 숨은그림 찾기(실사),✗,얼굴 출연,y
channel_shorts_tab,강달달,UC5GEIXkb1S8msefQtTiwXsQ,285000,18,y,hRrqjcP1wNg,https://www.youtube.com/shorts/hRrqjcP1wNg,마지막은 절대 못 찾습니다,86720000,8672만,2026-06-25,먹방 숨은그림 찾기(실사),✗,얼굴 출연,y
channel_shorts_tab,낭만박상환,UC6yEsiYQjnLve24g34lVa1w,1200000,1,"n(최신 3편, 미성숙)",Tqm1nTW92Pk,https://www.youtube.com/shorts/Tqm1nTW92Pk,대리를 불렀더니,400000,40만,,분장 상황극,✗,얼굴 출연,y
channel_shorts_tab,낭만박상환,UC6yEsiYQjnLve24g34lVa1w,1200000,2,"n(최신 3편, 미성숙)",4tYNTCToPJA,https://www.youtube.com/shorts/4tYNTCToPJA,학교에 세이렌이 나타났다,410000,41만,,분장 상황극,✗,얼굴 출연,y
channel_shorts_tab,낭만박상환,UC6yEsiYQjnLve24g34lVa1w,1200000,3,"n(최신 3편, 미성숙)",7BT7oOJg1mk,https://www.youtube.com/shorts/7BT7oOJg1mk,이세계는 말하면 돈든다,450000,45만,,분장 상황극,✗,얼굴 출연,y
channel_shorts_tab,낭만박상환,UC6yEsiYQjnLve24g34lVa1w,1200000,4,y,ph38EKKaheo,https://www.youtube.com/shorts/ph38EKKaheo,탈북을 했더니,730000,73만,2026-10-08,분장 상황극,✗,얼굴 출연,y
channel_shorts_tab,낭만박상환,UC6yEsiYQjnLve24g34lVa1w,1200000,5,y,1LGn2Z8-HKE,https://www.youtube.com/shorts/1LGn2Z8-HKE,밤에 늑대인간이 나타났다,630000,63만,,분장 상황극,✗,얼굴 출연,y
channel_shorts_tab,낭만박상환,UC6yEsiYQjnLve24g34lVa1w,1200000,6,y,kA0jVSprWw8,https://www.youtube.com/shorts/kA0jVSprWw8,이세계는 주말이 평일이다,1070000,107만,,분장 상황극,✗,얼굴 출연,y
channel_shorts_tab,낭만박상환,UC6yEsiYQjnLve24g34lVa1w,1200000,7,y,CM0unMaFPJM,https://www.youtube.com/shorts/CM0unMaFPJM,착한 일을 한 번 했더니,870000,87만,,분장 상황극,✗,얼굴 출연,y
channel_shorts_tab,낭만박상환,UC6yEsiYQjnLve24g34lVa1w,1200000,8,y,amWiiQcQME0,https://www.youtube.com/shorts/amWiiQcQME0,군대에 좀비가 나타났다,1050000,105만,,분장 상황극,✗,얼굴 출연,y
channel_shorts_tab,낭만박상환,UC6yEsiYQjnLve24g34lVa1w,1200000,9,y,CWLsZoqjSTw,https://www.youtube.com/shorts/CWLsZoqjSTw,이세계는 머리카락이 나이입니다,1140000,114만,,분장 상황극,✗,얼굴 출연,y
channel_shorts_tab,낭만박상환,UC6yEsiYQjnLve24g34lVa1w,1200000,10,y,FQyZzBDlHqY,https://www.youtube.com/shorts/FQyZzBDlHqY,"비가 온다,나에게만",1380000,138만,,분장 상황극,✗,얼굴 출연,y
channel_shorts_tab,낭만박상환,UC6yEsiYQjnLve24g34lVa1w,1200000,11,y,-ocRwfvW4OY,https://www.youtube.com/shorts/-ocRwfvW4OY,떨어진 USB를 주웠더니,720000,72만,,분장 상황극,✗,얼굴 출연,y
channel_shorts_tab,낭만박상환,UC6yEsiYQjnLve24g34lVa1w,1200000,12,y,AqSn_zZcUSo,https://www.youtube.com/shorts/AqSn_zZcUSo,[낭]만특집2-다른 시간,530000,53만,,분장 상황극,✗,얼굴 출연,y
channel_shorts_tab,낭만박상환,UC6yEsiYQjnLve24g34lVa1w,1200000,13,y,9t582CqOKDo,https://www.youtube.com/shorts/9t582CqOKDo,나한테만 계절이 바뀐다,950000,95만,,분장 상황극,✗,얼굴 출연,y
channel_shorts_tab,낭만박상환,UC6yEsiYQjnLve24g34lVa1w,1200000,14,y,o5lpC7ZXRgM,https://www.youtube.com/shorts/o5lpC7ZXRgM,지각 긴급콜 8282,810000,81만,,분장 상황극,✗,얼굴 출연,y
channel_shorts_tab,낭만박상환,UC6yEsiYQjnLve24g34lVa1w,1200000,15,y,I6F-I9btp20,https://www.youtube.com/shorts/I6F-I9btp20,[낭]만특집-무전 취식,840000,84만,,분장 상황극,✗,얼굴 출연,y
channel_shorts_tab,낭만박상환,UC6yEsiYQjnLve24g34lVa1w,1200000,16,y,JBF9sOvAtSM,https://www.youtube.com/shorts/JBF9sOvAtSM,저주와 축복-엄마,850000,85만,,분장 상황극,✗,얼굴 출연,y
channel_shorts_tab,낭만박상환,UC6yEsiYQjnLve24g34lVa1w,1200000,17,y,MqJAiPuiaOg,https://www.youtube.com/shorts/MqJAiPuiaOg,남의 택배를 잘못 열었더니,1440000,144만,,분장 상황극,✗,얼굴 출연,y
channel_shorts_tab,낭만박상환,UC6yEsiYQjnLve24g34lVa1w,1200000,18,y,D8nMDHuOs9A,https://www.youtube.com/shorts/D8nMDHuOs9A,[낭]만특집2-재활,700000,70만,2026-10-04,분장 상황극,✗,얼굴 출연,y
channel_shorts_tab,시다래,UCwlmdFDyTgINFm7tqpaE-Fg,124000,1,"n(최신 3편, 미성숙)",_PXCyQvNR60,https://www.youtube.com/shorts/_PXCyQvNR60,낚싯배에서 갑자기 철수하려던 이유,4300,4.3천,,감동 짤(재업로드),✗,SNS 클립,n
channel_shorts_tab,시다래,UCwlmdFDyTgINFm7tqpaE-Fg,124000,2,"n(최신 3편, 미성숙)",slODBpcOmXM,https://www.youtube.com/shorts/slODBpcOmXM,집라인이 한가운데서 멈춰버린 이유,27000,2.7만,,감동 짤(재업로드),✗,SNS 클립,n
channel_shorts_tab,시다래,UCwlmdFDyTgINFm7tqpaE-Fg,124000,3,"n(최신 3편, 미성숙)",KABlxFmtDLo,https://www.youtube.com/shorts/KABlxFmtDLo,경찰에게 아들 잘 키우라고 한 남자,28000,2.8만,,감동 짤(재업로드),✗,SNS 클립,n
channel_shorts_tab,시다래,UCwlmdFDyTgINFm7tqpaE-Fg,124000,4,y,92_KmsYO428,https://www.youtube.com/shorts/92_KmsYO428,철창에 낀 아이를 빼낸 마지막 행동,37000,3.7만,2026-10-06,감동 짤(재업로드),✗,SNS 클립,n
channel_shorts_tab,시다래,UCwlmdFDyTgINFm7tqpaE-Fg,124000,5,y,lMTpKLhccZ0,https://www.youtube.com/shorts/lMTpKLhccZ0,비행기를 멈춰달라는 남자의 정체,77000,7.7만,,감동 짤(재업로드),✗,SNS 클립,n
channel_shorts_tab,시다래,UCwlmdFDyTgINFm7tqpaE-Fg,124000,6,y,UBJu-0sY7kw,https://www.youtube.com/shorts/UBJu-0sY7kw,주차칸을 막던 여자가 운전석부터 확인한 이유,32000,3.2만,,감동 짤(재업로드),✗,SNS 클립,n
channel_shorts_tab,시다래,UCwlmdFDyTgINFm7tqpaE-Fg,124000,7,y,FrSwc5Rcsvo,https://www.youtube.com/shorts/FrSwc5Rcsvo,계속 틀려도 자신만만했던 이유,40000,4만,,감동 짤(재업로드),✗,SNS 클립,n
channel_shorts_tab,시다래,UCwlmdFDyTgINFm7tqpaE-Fg,124000,8,y,Ikk6gcpaZQ0,https://www.youtube.com/shorts/Ikk6gcpaZQ0,남자에게 인사했을 뿐인데 욕부터 들은 이유,34000,3.4만,,감동 짤(재업로드),✗,SNS 클립,n
channel_shorts_tab,시다래,UCwlmdFDyTgINFm7tqpaE-Fg,124000,9,y,IKEtRF45_aQ,https://www.youtube.com/shorts/IKEtRF45_aQ,남자가 타조의 목을 계속 짜낸 이유,140000,14만,,감동 짤(재업로드),✗,SNS 클립,y
channel_shorts_tab,시다래,UCwlmdFDyTgINFm7tqpaE-Fg,124000,10,y,UyaOg80R_Go,https://www.youtube.com/shorts/UyaOg80R_Go,관중들이 직접 참가하는 또 하나의 경기,42000,4.2만,,감동 짤(재업로드),✗,SNS 클립,n
channel_shorts_tab,시다래,UCwlmdFDyTgINFm7tqpaE-Fg,124000,11,y,1EcyFXokhYQ,https://www.youtube.com/shorts/1EcyFXokhYQ,사슴 구조에 오함마가 필요했던 이유,8200,8.2천,,감동 짤(재업로드),✗,SNS 클립,n
channel_shorts_tab,시다래,UCwlmdFDyTgINFm7tqpaE-Fg,124000,12,y,kSkaJeBsm1c,https://www.youtube.com/shorts/kSkaJeBsm1c,5km보다 어려웠던 단 한 걸음,670000,67만,,감동 짤(재업로드),✗,SNS 클립,y
channel_shorts_tab,시다래,UCwlmdFDyTgINFm7tqpaE-Fg,124000,13,y,59GweR-6OTI,https://www.youtube.com/shorts/59GweR-6OTI,결국 링에서 만난 로봇의 격투 수준,23000,2.3만,,감동 짤(재업로드),✗,SNS 클립,n
channel_shorts_tab,시다래,UCwlmdFDyTgINFm7tqpaE-Fg,124000,14,y,NYuy0Ei1tE0,https://www.youtube.com/shorts/NYuy0Ei1tE0,모듀가 비켜준 꼬마의 마지막 상대,15000,1.5만,,감동 짤(재업로드),✗,SNS 클립,n
channel_shorts_tab,시다래,UCwlmdFDyTgINFm7tqpaE-Fg,124000,15,y,yDngxzwV_RM,https://www.youtube.com/shorts/yDngxzwV_RM,존 시나마저 부러워한 BTS 인증샷,140000,14만,,감동 짤(재업로드),✗,SNS 클립,y
channel_shorts_tab,시다래,UCwlmdFDyTgINFm7tqpaE-Fg,124000,16,y,-BQLQRFJ_Ks,https://www.youtube.com/shorts/-BQLQRFJ_Ks,거친 수비가 통하지 않은 지뉴에게 벌어진 일,57000,5.7만,,감동 짤(재업로드),✗,SNS 클립,n
channel_shorts_tab,시다래,UCwlmdFDyTgINFm7tqpaE-Fg,124000,17,y,teK0KRNlZH0,https://www.youtube.com/shorts/teK0KRNlZH0,앞차를 보고 소리부터 지른 남자,2050000,205만,,감동 짤(재업로드),✗,SNS 클립,y
channel_shorts_tab,시다래,UCwlmdFDyTgINFm7tqpaE-Fg,124000,18,y,t9JGMirdJqI,https://www.youtube.com/shorts/t9JGMirdJqI,불타는 차 안에 사람이 갇히자 경찰이 한 선택,22000,2.2만,2026-09-18,감동 짤(재업로드),✗,SNS 클립,n
channel_shorts_tab,소개팁 IntroTip,UC3CELODQnl5pGSWyS3OmMOA,722000,1,"n(최신 3편, 미성숙)",vvPhIcU6-5E,https://www.youtube.com/shorts/vvPhIcU6-5E,요즘애들은 비싸게 먹는 음식,29000,2.9만,,추억 간식 리뷰(실사),✗,얼굴 출연,n
channel_shorts_tab,소개팁 IntroTip,UC3CELODQnl5pGSWyS3OmMOA,722000,2,"n(최신 3편, 미성숙)",UpbmfTYIWVA,https://www.youtube.com/shorts/UpbmfTYIWVA,이렇게 만드는거였어?ㄷㄷ,860000,86만,,추억 간식 리뷰(실사),✗,얼굴 출연,y
channel_shorts_tab,소개팁 IntroTip,UC3CELODQnl5pGSWyS3OmMOA,722000,3,"n(최신 3편, 미성숙)",L3_X3ziz3KE,https://www.youtube.com/shorts/L3_X3ziz3KE,몰라서 비싸게 먹던 음식,1540000,154만,,추억 간식 리뷰(실사),✗,얼굴 출연,y
channel_shorts_tab,소개팁 IntroTip,UC3CELODQnl5pGSWyS3OmMOA,722000,4,y,gE7hvEVGK1k,https://www.youtube.com/shorts/gE7hvEVGK1k,남자들은 절대 안먹는 음식ㅋㅋ,1730000,173만,2026-10-04,추억 간식 리뷰(실사),✗,얼굴 출연,y
channel_shorts_tab,소개팁 IntroTip,UC3CELODQnl5pGSWyS3OmMOA,722000,5,y,KB0De3MKS2g,https://www.youtube.com/shorts/KB0De3MKS2g,믿고 거르는 SNS 유행음식,2300000,230만,,추억 간식 리뷰(실사),✗,얼굴 출연,y
channel_shorts_tab,소개팁 IntroTip,UC3CELODQnl5pGSWyS3OmMOA,722000,6,y,VsdewZS5v7I,https://www.youtube.com/shorts/VsdewZS5v7I,이게 개당 5천원이라고?,1850000,185만,,추억 간식 리뷰(실사),✗,얼굴 출연,y
channel_shorts_tab,소개팁 IntroTip,UC3CELODQnl5pGSWyS3OmMOA,722000,7,y,_3E2imqu9zg,https://www.youtube.com/shorts/_3E2imqu9zg,요즘 애들은 모르는 의문의 빵ㄷㄷ,4290000,429만,,추억 간식 리뷰(실사),✗,얼굴 출연,y
channel_shorts_tab,소개팁 IntroTip,UC3CELODQnl5pGSWyS3OmMOA,722000,8,y,HHZpgSzzALE,https://www.youtube.com/shorts/HHZpgSzzALE,똥손을 위한 추석음식 치트키ㅋㅋ,830000,83만,,추억 간식 리뷰(실사),✗,얼굴 출연,y
channel_shorts_tab,소개팁 IntroTip,UC3CELODQnl5pGSWyS3OmMOA,722000,9,y,rlfysuGBOVU,https://www.youtube.com/shorts/rlfysuGBOVU,알고보면 가성비인 고급음식ㄷㄷ,1980000,198만,,추억 간식 리뷰(실사),✗,얼굴 출연,y
channel_shorts_tab,소개팁 IntroTip,UC3CELODQnl5pGSWyS3OmMOA,722000,10,y,PLrEEoRap6g,https://www.youtube.com/shorts/PLrEEoRap6g,아무도 몰랐던 만능 식재료ㅋㅋ,790000,79만,,추억 간식 리뷰(실사),✗,얼굴 출연,y
channel_shorts_tab,소개팁 IntroTip,UC3CELODQnl5pGSWyS3OmMOA,722000,11,y,ZzymBsTFvDI,https://www.youtube.com/shorts/ZzymBsTFvDI,초간편한 자취생 식재료들?,700000,70만,,추억 간식 리뷰(실사),✗,얼굴 출연,y
channel_shorts_tab,소개팁 IntroTip,UC3CELODQnl5pGSWyS3OmMOA,722000,12,y,DrwUhmiovkQ,https://www.youtube.com/shorts/DrwUhmiovkQ,소개하려다 안한 음식들,640000,64만,,추억 간식 리뷰(실사),✗,얼굴 출연,y
channel_shorts_tab,소개팁 IntroTip,UC3CELODQnl5pGSWyS3OmMOA,722000,13,y,DDiIpP4xA_Y,https://www.youtube.com/shorts/DDiIpP4xA_Y,배달 시키면 하수인 음식,890000,89만,,추억 간식 리뷰(실사),✗,얼굴 출연,y
channel_shorts_tab,소개팁 IntroTip,UC3CELODQnl5pGSWyS3OmMOA,722000,14,y,oP6MUZHdn8w,https://www.youtube.com/shorts/oP6MUZHdn8w,만원미만 초가성비 야식들?,750000,75만,,추억 간식 리뷰(실사),✗,얼굴 출연,y
channel_shorts_tab,소개팁 IntroTip,UC3CELODQnl5pGSWyS3OmMOA,722000,15,y,C4GgOoJyv00,https://www.youtube.com/shorts/C4GgOoJyv00,고수들만 몰래사는 컬리음식,520000,52만,,추억 간식 리뷰(실사),✗,얼굴 출연,y
channel_shorts_tab,소개팁 IntroTip,UC3CELODQnl5pGSWyS3OmMOA,722000,16,y,1bc9iqB1eu4,https://www.youtube.com/shorts/1bc9iqB1eu4,돈없을 때 쟁여두는 식재료,1380000,138만,,추억 간식 리뷰(실사),✗,얼굴 출연,y
channel_shorts_tab,소개팁 IntroTip,UC3CELODQnl5pGSWyS3OmMOA,722000,17,y,AYlWCQ4ROI8,https://www.youtube.com/shorts/AYlWCQ4ROI8,업소용 고기의 진실,3380000,338만,,추억 간식 리뷰(실사),✗,얼굴 출연,y
channel_shorts_tab,소개팁 IntroTip,UC3CELODQnl5pGSWyS3OmMOA,722000,18,y,Ce6QfoViC-s,https://www.youtube.com/shorts/Ce6QfoViC-s,자취할 때 쟁여놓는 대용량 음식,4100000,410만,2026-07-28,추억 간식 리뷰(실사),✗,얼굴 출연,y
channel_shorts_tab,ZemiBox,UCWrTAESfj4GG2i8fl8XrX3g,19300,1,"n(최신 3편, 미성숙)",A6v4aR2PtZg,https://www.youtube.com/shorts/A6v4aR2PtZg,산업 현장에서 거대한 철판을 들어 올리며 무게를 정밀 측정하는 순간 #worker #process #factory #measurement #steel,1500,1.5천,,공정 만족(재업로드),✗,중국 SNS 클립,n
channel_shorts_tab,ZemiBox,UCWrTAESfj4GG2i8fl8XrX3g,19300,2,"n(최신 3편, 미성숙)",e22tsA7Vqz4,https://www.youtube.com/shorts/e22tsA7Vqz4,치즈를 실 하나로 완벽하게 자르는 실용적인 주방 노하우와 과정 안내 #worker #process #cheese #howto #cooking,11000,1.1만,,공정 만족(재업로드),✗,중국 SNS 클립,n
channel_shorts_tab,ZemiBox,UCWrTAESfj4GG2i8fl8XrX3g,19300,3,"n(최신 3편, 미성숙)",riRqPSI6VWg,https://www.youtube.com/shorts/riRqPSI6VWg,산업용 케이블 피복 벗기기 및 재활용 작업 공정 #worker #process #recycling #equipment #technology,15000,1.5만,,공정 만족(재업로드),✗,중국 SNS 클립,n
channel_shorts_tab,ZemiBox,UCWrTAESfj4GG2i8fl8XrX3g,19300,4,y,oBmAlPbHpkI,https://www.youtube.com/shorts/oBmAlPbHpkI,모터사이클 알루미늄 휠 림 및 드럼 브레이크 정밀 조립 과정 #worker #process #assembly #mechanics #manufacturing,3200,3.2천,2026-10-09,공정 만족(재업로드),✗,중국 SNS 클립,n
channel_shorts_tab,ZemiBox,UCWrTAESfj4GG2i8fl8XrX3g,19300,5,y,ruOiycRPC_A,https://www.youtube.com/shorts/ruOiycRPC_A,스프레이 건을 활용한 완벽한 트럭 페인팅 작업 방법 #worker #process #spraygun #carpaint #diy,3000,3천,,공정 만족(재업로드),✗,중국 SNS 클립,n
channel_shorts_tab,ZemiBox,UCWrTAESfj4GG2i8fl8XrX3g,19300,6,y,fvK51xogeLM,https://www.youtube.com/shorts/fvK51xogeLM,작업 현장에서 유용한 나사산 막대 사선 체결 과정 #worker #process #diy #tools #engineering,20000,2만,,공정 만족(재업로드),✗,중국 SNS 클립,n
channel_shorts_tab,ZemiBox,UCWrTAESfj4GG2i8fl8XrX3g,19300,7,y,fltp-DOivI0,https://www.youtube.com/shorts/fltp-DOivI0,강철 슬리브 확장 캘리퍼스 공정 완벽 가이드 #worker #process #steelwork #industrial #fabrication,12000,1.2만,,공정 만족(재업로드),✗,중국 SNS 클립,n
channel_shorts_tab,ZemiBox,UCWrTAESfj4GG2i8fl8XrX3g,19300,8,y,9WaodbqEa4s,https://www.youtube.com/shorts/9WaodbqEa4s,거푸집 설치 후 콘크리트 타설로 기초를 다지는 건축 공정 #worker #process #architecture #building #engineering,51000,5.1만,,공정 만족(재업로드),✗,중국 SNS 클립,n
channel_shorts_tab,ZemiBox,UCWrTAESfj4GG2i8fl8XrX3g,19300,9,y,dcUSW8nzirM,https://www.youtube.com/shorts/dcUSW8nzirM,기계를 활용해 노후된 굴착기 체인을 정렬하고 감아 정리하는 공정 #worker #process #maintenance #repair #industrial,23000,2.3만,,공정 만족(재업로드),✗,중국 SNS 클립,n
channel_shorts_tab,ZemiBox,UCWrTAESfj4GG2i8fl8XrX3g,19300,10,y,cN0seNSnB4E,https://www.youtube.com/shorts/cN0seNSnB4E,다심 케이블 고무 부츠 및 터미널 핀 정밀 압착 가이드 #worker #process #wiring #technique #industrial,62000,6.2만,,공정 만족(재업로드),✗,중국 SNS 클립,n
channel_shorts_tab,ZemiBox,UCWrTAESfj4GG2i8fl8XrX3g,19300,11,y,pKTjs1JKiF8,https://www.youtube.com/shorts/pKTjs1JKiF8,타워크레인 조종사가 고공에서 크레인을 조작하는 전문 작업 공정 #worker #process #craneoperator #heavyequipment #job,80000,8만,,공정 만족(재업로드),✗,중국 SNS 클립,n
channel_shorts_tab,ZemiBox,UCWrTAESfj4GG2i8fl8XrX3g,19300,12,y,mgU-aMTox0U,https://www.youtube.com/shorts/mgU-aMTox0U,자전거 체인 링크 연결 및 정비 가이드 #worker #process #mechanic #tools #fix,66000,6.6만,,공정 만족(재업로드),✗,중국 SNS 클립,n
channel_shorts_tab,ZemiBox,UCWrTAESfj4GG2i8fl8XrX3g,19300,13,y,zUdO7UtbJQ4,https://www.youtube.com/shorts/zUdO7UtbJQ4,철망 도구를 활용한 효율적인 해바라기 씨 탈곡 과정 #worker #process #sunflower #tools #farming,11000,1.1만,,공정 만족(재업로드),✗,중국 SNS 클립,n
channel_shorts_tab,ZemiBox,UCWrTAESfj4GG2i8fl8XrX3g,19300,14,y,7w0F5pVia48,https://www.youtube.com/shorts/7w0F5pVia48,물리학을 활용한 컨테이너 속 대형 냉동 참치 하역 작업 과정 #worker #process #tuna #physics #work,280000,28만,,공정 만족(재업로드),✗,중국 SNS 클립,y
channel_shorts_tab,ZemiBox,UCWrTAESfj4GG2i8fl8XrX3g,19300,15,y,ApD2kNk6I9E,https://www.youtube.com/shorts/ApD2kNk6I9E,전통 방식을 활용한 견고한 나무 수레바퀴 제작법 #worker #process #woodworking #traditional #craft,38000,3.8만,,공정 만족(재업로드),✗,중국 SNS 클립,n
channel_shorts_tab,ZemiBox,UCWrTAESfj4GG2i8fl8XrX3g,19300,16,y,OPNhQLWHTAY,https://www.youtube.com/shorts/OPNhQLWHTAY,초보 목수도 완벽하게 선을 그을 수 있는 평행 마커 제작법 #worker #process #woodwork #tips #handmade,4300,4.3천,,공정 만족(재업로드),✗,중국 SNS 클립,n
channel_shorts_tab,ZemiBox,UCWrTAESfj4GG2i8fl8XrX3g,19300,17,y,L-RO8yAGjZo,https://www.youtube.com/shorts/L-RO8yAGjZo,장비 없이 간단한 도구로 도로 위 쌓인 눈을 안전하게 치우는 실용적인 제설 방법 #worker #process #snowclearing #wintertips,21000,2.1만,,공정 만족(재업로드),✗,중국 SNS 클립,n
channel_shorts_tab,ZemiBox,UCWrTAESfj4GG2i8fl8XrX3g,19300,18,y,SJ4bAmA0YdM,https://www.youtube.com/shorts/SJ4bAmA0YdM,대형 표주박 분수 조형물 설치 공정 및 수류 제어 방법 #worker #process #installation #design #waterfall,210000,21만,2026-10-06,공정 만족(재업로드),✗,중국 SNS 클립,y
channel_shorts_tab,방구석장인,UCV9yA3rY1IKAXLT5rNNdhNA,92400,1,"n(최신 3편, 미성숙)",bdKR7SJrCto,https://www.youtube.com/shorts/bdKR7SJrCto,"높은 봉에 로프를 거는 도구, 당기면 빠진다 #tools #engineering #rope",3600,3.6천,,공정 만족(재업로드),✗,SNS 클립,n
channel_shorts_tab,방구석장인,UCV9yA3rY1IKAXLT5rNNdhNA,92400,2,"n(최신 3편, 미성숙)",Llk-8V5W0Zg,https://www.youtube.com/shorts/Llk-8V5W0Zg,"데크 틈에 숨은 나사, 서서 체결하는 도구 #construction #decking #tools",51000,5.1만,,공정 만족(재업로드),✗,SNS 클립,n
channel_shorts_tab,방구석장인,UCV9yA3rY1IKAXLT5rNNdhNA,92400,3,"n(최신 3편, 미성숙)",xpH6iEsyvKc,https://www.youtube.com/shorts/xpH6iEsyvKc,거친 콘크리트가 한 번에 매끈해지는 순간 #construction #concrete #tools,6700,6.7천,,공정 만족(재업로드),✗,SNS 클립,n
channel_shorts_tab,방구석장인,UCV9yA3rY1IKAXLT5rNNdhNA,92400,4,y,HoZJzOXjcs4,https://www.youtube.com/shorts/HoZJzOXjcs4,곧은 금속봉이 레버를 따라 직각으로 꺾인다 #metalworking #tools #engineering,68000,6.8만,2026-10-09,공정 만족(재업로드),✗,SNS 클립,n
channel_shorts_tab,방구석장인,UCV9yA3rY1IKAXLT5rNNdhNA,92400,5,y,Poesahi0HOE,https://www.youtube.com/shorts/Poesahi0HOE,나사가 줄줄이 들어가는 SENCO 자동 체결기 #tools #construction #woodworking,27000,2.7만,,공정 만족(재업로드),✗,SNS 클립,n
channel_shorts_tab,방구석장인,UCV9yA3rY1IKAXLT5rNNdhNA,92400,6,y,QjRSNu9_CeM,https://www.youtube.com/shorts/QjRSNu9_CeM,물 묻은 숫돌 위에서 도끼날이 살아나는 과정 #tools #sharpening #craftsmanship,2800,2.8천,,공정 만족(재업로드),✗,SNS 클립,n
channel_shorts_tab,방구석장인,UCV9yA3rY1IKAXLT5rNNdhNA,92400,7,y,x7Kxy_EAeIg,https://www.youtube.com/shorts/x7Kxy_EAeIg,목재 쪼개짐 없이 깔끔하게 피스 박는 베테랑 노하우 #carpentry #tools #construction #worker,25000,2.5만,,공정 만족(재업로드),✗,SNS 클립,n
channel_shorts_tab,방구석장인,UCV9yA3rY1IKAXLT5rNNdhNA,92400,8,y,d4dDgQl1iIM,https://www.youtube.com/shorts/d4dDgQl1iIM,휘어진 데크 보드 완벽히 정렬하는 은폐 체결 기법 #construction #engineering #worker #industry,43000,4.3만,,공정 만족(재업로드),✗,SNS 클립,n
channel_shorts_tab,방구석장인,UCV9yA3rY1IKAXLT5rNNdhNA,92400,9,y,IMlO-gZNa-w,https://www.youtube.com/shorts/IMlO-gZNa-w,요즘 카센터에서 쓰는 초고속 에어 잭 #machinery #engineering #worker #industry,18000,1.8만,,공정 만족(재업로드),✗,SNS 클립,n
channel_shorts_tab,방구석장인,UCV9yA3rY1IKAXLT5rNNdhNA,92400,10,y,bOw8F3qlFwc,https://www.youtube.com/shorts/bOw8F3qlFwc,각진 금속관이 곡선으로 휘는 순간 #manufacturing #machinery #metalworking,83000,8.3만,,공정 만족(재업로드),✗,SNS 클립,n
channel_shorts_tab,방구석장인,UCV9yA3rY1IKAXLT5rNNdhNA,92400,11,y,G9JoQXc7Htw,https://www.youtube.com/shorts/G9JoQXc7Htw,콘크리트 대신 거푸집에 드릴을 댄 이유 #construction #concrete #tools,1100,1.1천,,공정 만족(재업로드),✗,SNS 클립,n
channel_shorts_tab,방구석장인,UCV9yA3rY1IKAXLT5rNNdhNA,92400,12,y,ck8taRQQZ84,https://www.youtube.com/shorts/ck8taRQQZ84,평평한 철판에 동그란 돌기가 생기는 순간 #metalworking #tools #manufacturing,33000,3.3만,,공정 만족(재업로드),✗,SNS 클립,n
channel_shorts_tab,방구석장인,UCV9yA3rY1IKAXLT5rNNdhNA,92400,13,y,xRGuqE31WeE,https://www.youtube.com/shorts/xRGuqE31WeE,울퉁불퉁한 콘크리트가 매끈해지는 순간 #construction #concrete #tools,11000,1.1만,,공정 만족(재업로드),✗,SNS 클립,n
channel_shorts_tab,방구석장인,UCV9yA3rY1IKAXLT5rNNdhNA,92400,14,y,UOmgld7syVg,https://www.youtube.com/shorts/UOmgld7syVg,돌판을 분리하는 가장 효과적인 방법 #construction #masonry #efficient,22000,2.2만,,공정 만족(재업로드),✗,SNS 클립,n
channel_shorts_tab,방구석장인,UCV9yA3rY1IKAXLT5rNNdhNA,92400,15,y,PKgl9J7ZY_E,https://www.youtube.com/shorts/PKgl9J7ZY_E,천을 눌렀더니 주름이 한곳에 모인다 #manufacturing #factory #textiles,22000,2.2만,,공정 만족(재업로드),✗,SNS 클립,n
channel_shorts_tab,방구석장인,UCV9yA3rY1IKAXLT5rNNdhNA,92400,16,y,bqnJgUi6x4k,https://www.youtube.com/shorts/bqnJgUi6x4k,전선을 연결하기 전에 매듭짓는 이유 #electrical #engineering #tools,17000,1.7만,,공정 만족(재업로드),✗,SNS 클립,n
channel_shorts_tab,방구석장인,UCV9yA3rY1IKAXLT5rNNdhNA,92400,17,y,R8p6zuy-024,https://www.youtube.com/shorts/R8p6zuy-024,바닥의 빈 원이 나침반 무늬로 채워진다 #construction #paving #landscaping,7100,7.1천,,공정 만족(재업로드),✗,SNS 클립,n
channel_shorts_tab,방구석장인,UCV9yA3rY1IKAXLT5rNNdhNA,92400,18,y,KwV-ysjCx6c,https://www.youtube.com/shorts/KwV-ysjCx6c,둥근 목재 끝을 깎는 노란 도구 #woodworking #carpentry #tools,110000,11만,2026-10-05,공정 만족(재업로드),✗,SNS 클립,y
channel_shorts_tab,Runtime Log,UCXRGcutMd7mM9WimYX5wZqQ,76500,1,"n(최신 3편, 미성숙)",veuHPJ2xghE,https://www.youtube.com/shorts/veuHPJ2xghE,Small Moves. Big Difference. Watch the Edges.,760,760,,공정 만족(재업로드),✗,SNS 클립,n
channel_shorts_tab,Runtime Log,UCXRGcutMd7mM9WimYX5wZqQ,76500,2,"n(최신 3편, 미성숙)",hWgp-b-YUIk,https://www.youtube.com/shorts/hWgp-b-YUIk,"Five Loads, Five Very Different Moves",1300,1.3천,,공정 만족(재업로드),✗,SNS 클립,n
channel_shorts_tab,Runtime Log,UCXRGcutMd7mM9WimYX5wZqQ,76500,3,"n(최신 3편, 미성숙)",clZ_Z7KCpbU,https://www.youtube.com/shorts/clZ_Z7KCpbU,전통식 기어 장치로 4가닥 원사를 고장력 로프로 결속하는 공정 #satisfying #skills #ropemaking #craftsmanship #cordage,23000,2.3만,,공정 만족(재업로드),✗,SNS 클립,n
channel_shorts_tab,Runtime Log,UCXRGcutMd7mM9WimYX5wZqQ,76500,4,y,hsQoKz1myps,https://www.youtube.com/shorts/hsQoKz1myps,벽돌 조적 10mm 수직 줄눈 스페이서 정밀 시공 공정 #satisfying #skills #bricklaying #masonry #construction,7600,7.6천,2026-10-09,공정 만족(재업로드),✗,SNS 클립,n
channel_shorts_tab,Runtime Log,UCXRGcutMd7mM9WimYX5wZqQ,76500,5,y,hlchOtfN3cg,https://www.youtube.com/shorts/hlchOtfN3cg,한 치의 오차 없이 통나무 벽면을 한 번에 가르는 기술 #satisfying #skills #woodcraft #logging #craftsmanship,9000,9천,,공정 만족(재업로드),✗,SNS 클립,n
channel_shorts_tab,Runtime Log,UCXRGcutMd7mM9WimYX5wZqQ,76500,6,y,p0lr7sNSsu8,https://www.youtube.com/shorts/p0lr7sNSsu8,자 하나 없이 체중만으로 일정한 틈을 내는 장인의 타각 디테일 #satisfying #skills #handcrafted #traditional #satisfyingvideo,1700,1.7천,,공정 만족(재업로드),✗,SNS 클립,n
channel_shorts_tab,Runtime Log,UCXRGcutMd7mM9WimYX5wZqQ,76500,7,y,0PlIzDm9c_c,https://www.youtube.com/shorts/0PlIzDm9c_c,"도심 제설 정체 제로, 컨베이어 로더와 덤프트럭 동기화 작업 #satisfying #skills #wintermaintenance #machinery #snowplow",5100,5.1천,,공정 만족(재업로드),✗,SNS 클립,n
channel_shorts_tab,Runtime Log,UCXRGcutMd7mM9WimYX5wZqQ,76500,8,y,qBBSnTTylDA,https://www.youtube.com/shorts/qBBSnTTylDA,"금빛 표면 위로 빛이 흐르는 순간, 캣츠아이 골드 뱅글의 정밀 절삭 마감 #satisfying #skills #goldbangle #cnccutting #metalworking",6200,6.2천,,공정 만족(재업로드),✗,SNS 클립,n
channel_shorts_tab,Runtime Log,UCXRGcutMd7mM9WimYX5wZqQ,76500,9,y,ziANLGZBYdE,https://www.youtube.com/shorts/ziANLGZBYdE,비탈면 배수로를 한 번에 깎아내는 숙련된 중장비 레벨링 기술 #satisfying #skills #earthwork #operator #drainagesystem,16000,1.6만,,공정 만족(재업로드),✗,SNS 클립,n
channel_shorts_tab,Runtime Log,UCXRGcutMd7mM9WimYX5wZqQ,76500,10,y,CNEvTFKHteY,https://www.youtube.com/shorts/CNEvTFKHteY,해상 말뚝 두께 복원: 챔버 승하강 방식 해양 생물 박리 작업 #satisfying #skills #offshore #civilengineering #maintenance,6200,6.2천,,공정 만족(재업로드),✗,SNS 클립,n
channel_shorts_tab,Runtime Log,UCXRGcutMd7mM9WimYX5wZqQ,76500,11,y,erreZC7qlCU,https://www.youtube.com/shorts/erreZC7qlCU,단 1mm의 오차도 허용 않는 초대형 암반 절단 블레이드 체결 #satisfying #skills #stonework #industrial #fitting,310000,31만,,공정 만족(재업로드),✗,SNS 클립,y
channel_shorts_tab,Runtime Log,UCXRGcutMd7mM9WimYX5wZqQ,76500,12,y,f6yr47SdQXQ,https://www.youtube.com/shorts/f6yr47SdQXQ,거친 암석에서 눈부신 골드바가 완성되는 완벽한 추출 공정 #satisfying #skills #goldbar #foundry #craftsmanship,4100,4.1천,,공정 만족(재업로드),✗,SNS 클립,n
channel_shorts_tab,Runtime Log,UCXRGcutMd7mM9WimYX5wZqQ,76500,13,y,3zBNbM8Iq9k,https://www.youtube.com/shorts/3zBNbM8Iq9k,떨어지는 50kg 포대를 탄성으로 튕겨내는 연속 하역의 순간 #satisfying #skills #logisticsflow #physicalskills #bulkloading,18000,1.8만,,공정 만족(재업로드),✗,SNS 클립,n
channel_shorts_tab,Runtime Log,UCXRGcutMd7mM9WimYX5wZqQ,76500,14,y,hEwkaYNBfx8,https://www.youtube.com/shorts/hEwkaYNBfx8,거대 타이어 림에 락링이 딱 맞아떨어지는 순간 #satisfying #skills #machinery #heavyequipment #maintenance,12000,1.2만,,공정 만족(재업로드),✗,SNS 클립,n
channel_shorts_tab,Runtime Log,UCXRGcutMd7mM9WimYX5wZqQ,76500,15,y,4SHAmqMbxaw,https://www.youtube.com/shorts/4SHAmqMbxaw,단 한 번의 흔들림 없이 10m 기둥 끝을 뚫어내는 완벽한 직선 궤적 #satisfying #skills #focus #balance #accuracy,6000,6천,,공정 만족(재업로드),✗,SNS 클립,n
channel_shorts_tab,Runtime Log,UCXRGcutMd7mM9WimYX5wZqQ,76500,16,y,BE5onA3F4k0,https://www.youtube.com/shorts/BE5onA3F4k0,산더미 적재물이 레버 하나로 깔끔하게 쏟아지는 순간 #satisfying #skills #harvesting #farmtech #satisfyingwork,16000,1.6만,,공정 만족(재업로드),✗,SNS 클립,n
channel_shorts_tab,Runtime Log,UCXRGcutMd7mM9WimYX5wZqQ,76500,17,y,3SmaR9YA0ig,https://www.youtube.com/shorts/3SmaR9YA0ig,단 한 번의 찍힘도 허용하지 않는 금속 타격의 디테일 #satisfying #skills #sheetmetal #tools #construction,15000,1.5만,,공정 만족(재업로드),✗,SNS 클립,n
channel_shorts_tab,Runtime Log,UCXRGcutMd7mM9WimYX5wZqQ,76500,18,y,3WxAnFbwGuc,https://www.youtube.com/shorts/3WxAnFbwGuc,보고도 믿기 힘든 베테랑 기사들의 연계 구난 동기화 #satisfying #skills #industrial #machinery #teamwork,23000,2.3만,2026-10-07,공정 만족(재업로드),✗,SNS 클립,n
channel_shorts_tab,몽실몽실,UCJoHS0Nxc5-3KGTFAzF0eEg,34900,1,"n(최신 3편, 미성숙)",xuRhY8A5PqI,https://www.youtube.com/shorts/xuRhY8A5PqI,자주식 수확기로 농장 스테비아 작물 빠르게 수확하기,10000,1만,,공정 만족(재업로드),✗,SNS 클립,n
channel_shorts_tab,몽실몽실,UCJoHS0Nxc5-3KGTFAzF0eEg,34900,2,"n(최신 3편, 미성숙)",czRQ3PPQPQo,https://www.youtube.com/shorts/czRQ3PPQPQo,배낭형 가솔린 제초기 및 다목적 과수원 경운기 작업,3800,3.8천,,공정 만족(재업로드),✗,SNS 클립,n
channel_shorts_tab,몽실몽실,UCJoHS0Nxc5-3KGTFAzF0eEg,34900,3,"n(최신 3편, 미성숙)",N3QLYSjC1u0,https://www.youtube.com/shorts/N3QLYSjC1u0,인조대리석 일체형 세면대 공장 제작 공정,3300,3.3천,,공정 만족(재업로드),✗,SNS 클립,n
channel_shorts_tab,몽실몽실,UCJoHS0Nxc5-3KGTFAzF0eEg,34900,4,y,QV-jOvZy_6E,https://www.youtube.com/shorts/QV-jOvZy_6E,건설 현장 프리스트레스트 앵커 케이블 정밀 설치 과정,58000,5.8만,2026-10-07,공정 만족(재업로드),✗,SNS 클립,n
channel_shorts_tab,몽실몽실,UCJoHS0Nxc5-3KGTFAzF0eEg,34900,5,y,I2_MzT2ZTdw,https://www.youtube.com/shorts/I2_MzT2ZTdw,고출력 휴대용 오거로 신속하게 땅구멍 뚫기,170000,17만,,공정 만족(재업로드),✗,SNS 클립,y
channel_shorts_tab,몽실몽실,UCJoHS0Nxc5-3KGTFAzF0eEg,34900,6,y,cwIZbbRy1zU,https://www.youtube.com/shorts/cwIZbbRy1zU,바퀴형 오거 굴착기로 순식간에 구멍 뚫기,15000,1.5만,,공정 만족(재업로드),✗,SNS 클립,n
channel_shorts_tab,몽실몽실,UCJoHS0Nxc5-3KGTFAzF0eEg,34900,7,y,vNvTFj1DxPo,https://www.youtube.com/shorts/vNvTFj1DxPo,트랙터 하중 활용 철판 평탄화 작업,23000,2.3만,,공정 만족(재업로드),✗,SNS 클립,n
channel_shorts_tab,몽실몽실,UCJoHS0Nxc5-3KGTFAzF0eEg,34900,8,y,RIOff93fdAs,https://www.youtube.com/shorts/RIOff93fdAs,농기구 쟁기 현장 수리 및 점검 작업,43000,4.3만,,공정 만족(재업로드),✗,SNS 클립,n
channel_shorts_tab,몽실몽실,UCJoHS0Nxc5-3KGTFAzF0eEg,34900,9,y,Se9FzBAd6Kw,https://www.youtube.com/shorts/Se9FzBAd6Kw,진흙에 빠진 트랙터 구출 작업,28000,2.8만,,공정 만족(재업로드),✗,SNS 클립,n
channel_shorts_tab,몽실몽실,UCJoHS0Nxc5-3KGTFAzF0eEg,34900,10,y,Nae6yjQYTak,https://www.youtube.com/shorts/Nae6yjQYTak,농작물 자동 탈곡 및 선별 작업,29000,2.9만,,공정 만족(재업로드),✗,SNS 클립,n
channel_shorts_tab,몽실몽실,UCJoHS0Nxc5-3KGTFAzF0eEg,34900,11,y,ZmdGsefRKSI,https://www.youtube.com/shorts/ZmdGsefRKSI,고소 철골 구조물 정밀 체결 및 조립 작업,11000,1.1만,,공정 만족(재업로드),✗,SNS 클립,n
channel_shorts_tab,몽실몽실,UCJoHS0Nxc5-3KGTFAzF0eEg,34900,12,y,Mn0SwYtRuxA,https://www.youtube.com/shorts/Mn0SwYtRuxA,철도 선로 콘크리트 블록 정밀 부설 작업,250000,25만,,공정 만족(재업로드),✗,SNS 클립,y
channel_shorts_tab,몽실몽실,UCJoHS0Nxc5-3KGTFAzF0eEg,34900,13,y,0DErkULI6jE,https://www.youtube.com/shorts/0DErkULI6jE,소형 전동 찻잎 수확기 절단 작업,50000,5만,,공정 만족(재업로드),✗,SNS 클립,n
channel_shorts_tab,몽실몽실,UCJoHS0Nxc5-3KGTFAzF0eEg,34900,14,y,A9fukOCD7Ag,https://www.youtube.com/shorts/A9fukOCD7Ag,소형 벼 수확기 절단 및 수확 작업,39000,3.9만,,공정 만족(재업로드),✗,SNS 클립,n
channel_shorts_tab,몽실몽실,UCJoHS0Nxc5-3KGTFAzF0eEg,34900,15,y,NUIbrW-IfFw,https://www.youtube.com/shorts/NUIbrW-IfFw,진흙에 빠진 트랙터 탈출 구출 현장,27000,2.7만,,공정 만족(재업로드),✗,SNS 클립,n
channel_shorts_tab,몽실몽실,UCJoHS0Nxc5-3KGTFAzF0eEg,34900,16,y,amHF7Y-1Kc4,https://www.youtube.com/shorts/amHF7Y-1Kc4,트랙터 농경지 정밀 경운 작업 현장,28000,2.8만,,공정 만족(재업로드),✗,SNS 클립,n
channel_shorts_tab,몽실몽실,UCJoHS0Nxc5-3KGTFAzF0eEg,34900,17,y,hj5kXdJu840,https://www.youtube.com/shorts/hj5kXdJu840,전통 모내기 모심기 작업 현장,49000,4.9만,,공정 만족(재업로드),✗,SNS 클립,n
channel_shorts_tab,몽실몽실,UCJoHS0Nxc5-3KGTFAzF0eEg,34900,18,y,sR21VYQzt0U,https://www.youtube.com/shorts/sR21VYQzt0U,대형 트럭 모래 하차 작업 현장,160000,16만,2026-10-04,공정 만족(재업로드),✗,SNS 클립,y
channel_shorts_tab,오늘의잼영상,UCrfbDXYrmjnQy_3yxrdIqBg,69200,1,"n(최신 3편, 미성숙)",76qVetg5dic,https://www.youtube.com/shorts/76qVetg5dic,바지 정중앙에 주머니를 달아버린 랩 포켓 팬츠,48000,4.8만,,신기한 제품(재업로드),✗,SNS 클립,n
channel_shorts_tab,오늘의잼영상,UCrfbDXYrmjnQy_3yxrdIqBg,69200,2,"n(최신 3편, 미성숙)",QlRO-nhfhnM,https://www.youtube.com/shorts/QlRO-nhfhnM,할로윈에 진심을 사람들을 위한 3중 중첩 할로윈 마스크,30000,3만,,신기한 제품(재업로드),✗,SNS 클립,n
channel_shorts_tab,오늘의잼영상,UCrfbDXYrmjnQy_3yxrdIqBg,69200,3,"n(최신 3편, 미성숙)",e1UbbtJoma8,https://www.youtube.com/shorts/e1UbbtJoma8,세상에 나오지 못한 전설의 닌텐도 플레이스테이션,350000,35만,,신기한 제품(재업로드),✗,SNS 클립,y
channel_shorts_tab,오늘의잼영상,UCrfbDXYrmjnQy_3yxrdIqBg,69200,4,y,xaqfnrr9TGs,https://www.youtube.com/shorts/xaqfnrr9TGs,"하이엔드 오디오로 진화한 전설의 게임기, 초기형 PS1",320000,32만,2026-10-05,신기한 제품(재업로드),✗,SNS 클립,y
channel_shorts_tab,오늘의잼영상,UCrfbDXYrmjnQy_3yxrdIqBg,69200,5,y,qsC1UtYYjqw,https://www.youtube.com/shorts/qsC1UtYYjqw,향수를 뿌리면 문양이 나타나는 마법 시향지,170000,17만,,신기한 제품(재업로드),✗,SNS 클립,y
channel_shorts_tab,오늘의잼영상,UCrfbDXYrmjnQy_3yxrdIqBg,69200,6,y,_F56TkQnLqU,https://www.youtube.com/shorts/_F56TkQnLqU,익명성 보장을 위해 만든 닌자 후드티,390000,39만,,신기한 제품(재업로드),✗,SNS 클립,y
channel_shorts_tab,오늘의잼영상,UCrfbDXYrmjnQy_3yxrdIqBg,69200,7,y,rl5yl0fxqcA,https://www.youtube.com/shorts/rl5yl0fxqcA,모터 없이 스스로 요동치는 3D 프린팅 도마뱀,68000,6.8만,,신기한 제품(재업로드),✗,SNS 클립,n
channel_shorts_tab,오늘의잼영상,UCrfbDXYrmjnQy_3yxrdIqBg,69200,8,y,sAccgi8dRuY,https://www.youtube.com/shorts/sAccgi8dRuY,음악 없이 못사는 현대인을 위한 스텔스 후드티,640000,64만,,신기한 제품(재업로드),✗,SNS 클립,y
channel_shorts_tab,오늘의잼영상,UCrfbDXYrmjnQy_3yxrdIqBg,69200,9,y,qMCWLJDkvoU,https://www.youtube.com/shorts/qMCWLJDkvoU,"시간을 감춰바린 손목 위의 뱀, 시크릿 워치",1010000,101만,,신기한 제품(재업로드),✗,SNS 클립,y
channel_shorts_tab,오늘의잼영상,UCrfbDXYrmjnQy_3yxrdIqBg,69200,10,y,1opCp9JGdLc,https://www.youtube.com/shorts/1opCp9JGdLc,천 대신 정장 주머니에 꽂는 금속 포켓스퀘어,210000,21만,,신기한 제품(재업로드),✗,SNS 클립,y
channel_shorts_tab,오늘의잼영상,UCrfbDXYrmjnQy_3yxrdIqBg,69200,11,y,NvEKaVrzZc8,https://www.youtube.com/shorts/NvEKaVrzZc8,90년대 향수를 자극하는 빈티지 노벨티 뱅크 저금통,450000,45만,,신기한 제품(재업로드),✗,SNS 클립,y
channel_shorts_tab,오늘의잼영상,UCrfbDXYrmjnQy_3yxrdIqBg,69200,12,y,jbGeinm7qf4,https://www.youtube.com/shorts/jbGeinm7qf4,70년대 상류층이 피아제 금팔찌에 시계를 숨긴 이유,400000,40만,,신기한 제품(재업로드),✗,SNS 클립,y
channel_shorts_tab,오늘의잼영상,UCrfbDXYrmjnQy_3yxrdIqBg,69200,13,y,j8iSVCk2JQk,https://www.youtube.com/shorts/j8iSVCk2JQk,신발의 뼈대를 없앤 비브람 보자기 신발,4630000,463만,,신기한 제품(재업로드),✗,SNS 클립,y
channel_shorts_tab,오늘의잼영상,UCrfbDXYrmjnQy_3yxrdIqBg,69200,14,y,ryAsumzZWlw,https://www.youtube.com/shorts/ryAsumzZWlw,"90년대 멋쟁이 필수템, 핀 없는 브로치",490000,49만,,신기한 제품(재업로드),✗,SNS 클립,y
channel_shorts_tab,오늘의잼영상,UCrfbDXYrmjnQy_3yxrdIqBg,69200,15,y,wri9SgDIun0,https://www.youtube.com/shorts/wri9SgDIun0,콤퍼스의 단점을 없앤 홍채 조리개 제도구,170000,17만,,신기한 제품(재업로드),✗,SNS 클립,y
channel_shorts_tab,오늘의잼영상,UCrfbDXYrmjnQy_3yxrdIqBg,69200,16,y,PZbt90AnJMc,https://www.youtube.com/shorts/PZbt90AnJMc,자동차 경주 레이서들을 보호하기 위해 탄생한 자켓,3200000,320만,,신기한 제품(재업로드),✗,SNS 클립,y
channel_shorts_tab,오늘의잼영상,UCrfbDXYrmjnQy_3yxrdIqBg,69200,17,y,LN043uwC3AA,https://www.youtube.com/shorts/LN043uwC3AA,"우산을 닮은 지렛대 원리, 100년 전 원목 건조대",140000,14만,,신기한 제품(재업로드),✗,SNS 클립,y
channel_shorts_tab,오늘의잼영상,UCrfbDXYrmjnQy_3yxrdIqBg,69200,18,y,2BN0WcunL6I,https://www.youtube.com/shorts/2BN0WcunL6I,"1970년대 유선 전화기 옆 필수 비치품, 기계식 전화번호부",78000,7.8만,2026-09-20,신기한 제품(재업로드),✗,SNS 클립,n
channel_shorts_tab,랭킹끝판왕,UCo76LFRqimsZ6LjSlt8ALSQ,122000,1,"n(최신 3편, 미성숙)",GwTDQ4-_aBY,https://www.youtube.com/shorts/GwTDQ4-_aBY,소리를 확인하지 마세요 😭😭,17000,1.7만,,랭킹(재업로드),✗,타 영상,n
channel_shorts_tab,랭킹끝판왕,UCo76LFRqimsZ6LjSlt8ALSQ,122000,2,"n(최신 3편, 미성숙)",Fa3ahh2pAA8,https://www.youtube.com/shorts/Fa3ahh2pAA8,소리를 확인하지 마세요 😭😭,14000,1.4만,,랭킹(재업로드),✗,타 영상,n
channel_shorts_tab,랭킹끝판왕,UCo76LFRqimsZ6LjSlt8ALSQ,122000,3,"n(최신 3편, 미성숙)",W6yA8KVqpYg,https://www.youtube.com/shorts/W6yA8KVqpYg,소리를 확인하지 마세요 😭😭,28000,2.8만,,랭킹(재업로드),✗,타 영상,n
channel_shorts_tab,랭킹끝판왕,UCo76LFRqimsZ6LjSlt8ALSQ,122000,4,y,-wgGfmsaTOo,https://www.youtube.com/shorts/-wgGfmsaTOo,소리를 확인하지 마세요 😭😭,33000,3.3만,2026-10-05,랭킹(재업로드),✗,타 영상,n
channel_shorts_tab,랭킹끝판왕,UCo76LFRqimsZ6LjSlt8ALSQ,122000,5,y,L4LeIzPJt6A,https://www.youtube.com/shorts/L4LeIzPJt6A,소리를 확인하지 마세요 😭😭,43000,4.3만,,랭킹(재업로드),✗,타 영상,n
channel_shorts_tab,랭킹끝판왕,UCo76LFRqimsZ6LjSlt8ALSQ,122000,6,y,wEE2Hz6UHfo,https://www.youtube.com/shorts/wEE2Hz6UHfo,소리를 확인하지 마세요 😭😭,11000,1.1만,,랭킹(재업로드),✗,타 영상,n
channel_shorts_tab,랭킹끝판왕,UCo76LFRqimsZ6LjSlt8ALSQ,122000,7,y,Y8_fng33jws,https://www.youtube.com/shorts/Y8_fng33jws,소리를 확인하지 마세요 😭😭,100000,10만,,랭킹(재업로드),✗,타 영상,y
channel_shorts_tab,랭킹끝판왕,UCo76LFRqimsZ6LjSlt8ALSQ,122000,8,y,WONxh4tlhKI,https://www.youtube.com/shorts/WONxh4tlhKI,소리를 확인하지 마세요 😭😭,28000,2.8만,,랭킹(재업로드),✗,타 영상,n
channel_shorts_tab,랭킹끝판왕,UCo76LFRqimsZ6LjSlt8ALSQ,122000,9,y,-oys_w6N_Ds,https://www.youtube.com/shorts/-oys_w6N_Ds,소리를 확인하지 마세요 😭😭,9800,9.8천,,랭킹(재업로드),✗,타 영상,n
channel_shorts_tab,랭킹끝판왕,UCo76LFRqimsZ6LjSlt8ALSQ,122000,10,y,7Z0W5i_iz1U,https://www.youtube.com/shorts/7Z0W5i_iz1U,소리를 확인하지 마세요 😭😭,290000,29만,,랭킹(재업로드),✗,타 영상,y
channel_shorts_tab,랭킹끝판왕,UCo76LFRqimsZ6LjSlt8ALSQ,122000,11,y,GaAsy7kAfIY,https://www.youtube.com/shorts/GaAsy7kAfIY,소리를 확인하지 마세요 😭😭,19000,1.9만,,랭킹(재업로드),✗,타 영상,n
channel_shorts_tab,랭킹끝판왕,UCo76LFRqimsZ6LjSlt8ALSQ,122000,12,y,eTW43U4cr3I,https://www.youtube.com/shorts/eTW43U4cr3I,소리를 확인하지 마세요 😭😭,30000,3만,,랭킹(재업로드),✗,타 영상,n
channel_shorts_tab,랭킹끝판왕,UCo76LFRqimsZ6LjSlt8ALSQ,122000,13,y,BLR5C9j4yjA,https://www.youtube.com/shorts/BLR5C9j4yjA,소리를 확인하지 마세요 😭😭,120000,12만,,랭킹(재업로드),✗,타 영상,y
channel_shorts_tab,랭킹끝판왕,UCo76LFRqimsZ6LjSlt8ALSQ,122000,14,y,9aX3b88TAYM,https://www.youtube.com/shorts/9aX3b88TAYM,소리를 확인하지 마세요 😭😭,12000,1.2만,,랭킹(재업로드),✗,타 영상,n
channel_shorts_tab,랭킹끝판왕,UCo76LFRqimsZ6LjSlt8ALSQ,122000,15,y,W-aKG3XtKYs,https://www.youtube.com/shorts/W-aKG3XtKYs,소리를 확인하지 마세요 😭😭,27000,2.7만,,랭킹(재업로드),✗,타 영상,n
channel_shorts_tab,랭킹끝판왕,UCo76LFRqimsZ6LjSlt8ALSQ,122000,16,y,MOyHIRWeYLk,https://www.youtube.com/shorts/MOyHIRWeYLk,소리를 확인하지 마세요 😭😭,7100,7.1천,,랭킹(재업로드),✗,타 영상,n
channel_shorts_tab,랭킹끝판왕,UCo76LFRqimsZ6LjSlt8ALSQ,122000,17,y,03CJHl_A8tg,https://www.youtube.com/shorts/03CJHl_A8tg,소리를 확인하지 마세요 😭😭,95000,9.5만,,랭킹(재업로드),✗,타 영상,n
channel_shorts_tab,랭킹끝판왕,UCo76LFRqimsZ6LjSlt8ALSQ,122000,18,y,CP_Re7OCL_8,https://www.youtube.com/shorts/CP_Re7OCL_8,소리를 확인하지 마세요 😭😭,10000,1만,2026-09-20,랭킹(재업로드),✗,타 영상,n
channel_shorts_tab,짤고리즘,UC1XRRioz1L_F_Guhc7LofUA,33900,1,"n(최신 3편, 미성숙)",TW8_-EQfzCo,https://www.youtube.com/shorts/TW8_-EQfzCo,그리운 걸 그려 오랬더니 18점 맞은 그림ㅋㅋ,52000,5.2만,,짤 유머(재업로드),✗,SNS 클립,n
channel_shorts_tab,짤고리즘,UC1XRRioz1L_F_Guhc7LofUA,33900,2,"n(최신 3편, 미성숙)",NJaWhzz93G8,https://www.youtube.com/shorts/NJaWhzz93G8,애플이 자랑한 어린 팬의 그림,89000,8.9만,,짤 유머(재업로드),✗,SNS 클립,n
channel_shorts_tab,짤고리즘,UC1XRRioz1L_F_Guhc7LofUA,33900,3,"n(최신 3편, 미성숙)",kuSGahv07vE,https://www.youtube.com/shorts/kuSGahv07vE,아들 크리스마스 선물 포장법,80000,8만,,짤 유머(재업로드),✗,SNS 클립,n
channel_shorts_tab,짤고리즘,UC1XRRioz1L_F_Guhc7LofUA,33900,4,y,nHB1ay8m2VE,https://www.youtube.com/shorts/nHB1ay8m2VE,레고로 만든 트위스터 명장면,190000,19만,2026-10-08,짤 유머(재업로드),✗,SNS 클립,y
channel_shorts_tab,짤고리즘,UC1XRRioz1L_F_Guhc7LofUA,33900,5,y,g5E3OYy5m8M,https://www.youtube.com/shorts/g5E3OYy5m8M,레고 기차가 물리 법칙을 깨버렸다,140000,14만,,짤 유머(재업로드),✗,SNS 클립,y
channel_shorts_tab,짤고리즘,UC1XRRioz1L_F_Guhc7LofUA,33900,6,y,ETAm65oQwJg,https://www.youtube.com/shorts/ETAm65oQwJg,마지막으로 할 말 있어,440000,44만,,짤 유머(재업로드),✗,SNS 클립,y
channel_shorts_tab,짤고리즘,UC1XRRioz1L_F_Guhc7LofUA,33900,7,y,OTnj2fjjCE0,https://www.youtube.com/shorts/OTnj2fjjCE0,총 17발을 맞고도 살아남은 개,100000,10만,,짤 유머(재업로드),✗,SNS 클립,y
channel_shorts_tab,짤고리즘,UC1XRRioz1L_F_Guhc7LofUA,33900,8,y,tanf5MoYj1I,https://www.youtube.com/shorts/tanf5MoYj1I,애플 내구성 테스트를 본 노키아,460000,46만,,짤 유머(재업로드),✗,SNS 클립,y
channel_shorts_tab,짤고리즘,UC1XRRioz1L_F_Guhc7LofUA,33900,9,y,amvQ7N1NHuk,https://www.youtube.com/shorts/amvQ7N1NHuk,레이즈가 혀 보호대를 출시했다,110000,11만,,짤 유머(재업로드),✗,SNS 클립,y
channel_shorts_tab,짤고리즘,UC1XRRioz1L_F_Guhc7LofUA,33900,10,y,ATAqWq5hElc,https://www.youtube.com/shorts/ATAqWq5hElc,옛날 엑스박스 키보드 찾았다,420000,42만,,짤 유머(재업로드),✗,SNS 클립,y
channel_shorts_tab,짤고리즘,UC1XRRioz1L_F_Guhc7LofUA,33900,11,y,7W7NJfToY5E,https://www.youtube.com/shorts/7W7NJfToY5E,진짜 레전드다,370000,37만,,짤 유머(재업로드),✗,SNS 클립,y
channel_shorts_tab,짤고리즘,UC1XRRioz1L_F_Guhc7LofUA,33900,12,y,bPQ9eolGWCg,https://www.youtube.com/shorts/bPQ9eolGWCg,뱀 보면 이것부터 확인해라,1140000,114만,,짤 유머(재업로드),✗,SNS 클립,y
channel_shorts_tab,짤고리즘,UC1XRRioz1L_F_Guhc7LofUA,33900,13,y,nPHPLM7vSlw,https://www.youtube.com/shorts/nPHPLM7vSlw,레고 플스1이 진짜 갖고 싶었나 보다,320000,32만,,짤 유머(재업로드),✗,SNS 클립,y
channel_shorts_tab,짤고리즘,UC1XRRioz1L_F_Guhc7LofUA,33900,14,y,2BYi-R_lBfA,https://www.youtube.com/shorts/2BYi-R_lBfA,아이폰보다 오래 간다고 자랑한 샤오미,120000,12만,,짤 유머(재업로드),✗,SNS 클립,y
channel_shorts_tab,짤고리즘,UC1XRRioz1L_F_Guhc7LofUA,33900,15,y,ZqHZup_XiXQ,https://www.youtube.com/shorts/ZqHZup_XiXQ,무적의 3대장 등장,660000,66만,,짤 유머(재업로드),✗,SNS 클립,y
channel_shorts_tab,짤고리즘,UC1XRRioz1L_F_Guhc7LofUA,33900,16,y,NDuaILOqtT0,https://www.youtube.com/shorts/NDuaILOqtT0,달까지 가는 데 걸리는 시간,14000,1.4만,,짤 유머(재업로드),✗,SNS 클립,n
channel_shorts_tab,짤고리즘,UC1XRRioz1L_F_Guhc7LofUA,33900,17,y,dVm85mzwIOs,https://www.youtube.com/shorts/dVm85mzwIOs,GTA5 vs 레데리2 서스펜션 비교,100000,10만,,짤 유머(재업로드),✗,SNS 클립,y
channel_shorts_tab,짤고리즘,UC1XRRioz1L_F_Guhc7LofUA,33900,18,y,jEwyP7velIE,https://www.youtube.com/shorts/jEwyP7velIE,이 정도면 엄청난 신뢰다,59000,5.9만,2026-10-05,짤 유머(재업로드),✗,SNS 클립,n
channel_shorts_tab,gong jang,UCeGl8D0RPdKc9342ltoEkkQ,33400,1,"n(최신 3편, 미성숙)",UvCj_sfWgnc,https://www.youtube.com/shorts/UvCj_sfWgnc,수제 금속 벤딩 공구로 평철 정밀 가공하기 #worker #process #metalwork #bending #diy,913,913,,공정 만족(재업로드),✗,SNS 클립,n
channel_shorts_tab,gong jang,UCeGl8D0RPdKc9342ltoEkkQ,33400,2,"n(최신 3편, 미성숙)",qrGui11U4Zs,https://www.youtube.com/shorts/qrGui11U4Zs,수동 철근 벤더 작업 공정 #worker #process #rebar #bending #diy,1700,1.7천,,공정 만족(재업로드),✗,SNS 클립,n
channel_shorts_tab,gong jang,UCeGl8D0RPdKc9342ltoEkkQ,33400,3,"n(최신 3편, 미성숙)",oWR6nR_A1xs,https://www.youtube.com/shorts/oWR6nR_A1xs,수제 아일렛 프레스 제작 및 천공 작업 과정 #worker #process #tools #machinery #diy,3400,3.4천,,공정 만족(재업로드),✗,SNS 클립,n
channel_shorts_tab,gong jang,UCeGl8D0RPdKc9342ltoEkkQ,33400,4,y,i4QdQ91DhNQ,https://www.youtube.com/shorts/i4QdQ91DhNQ,수공구 지그를 활용한 평철 정밀 벤딩 작업 #worker #process #bending #metalwork #craft,4600,4.6천,2026-10-09,공정 만족(재업로드),✗,SNS 클립,n
channel_shorts_tab,gong jang,UCeGl8D0RPdKc9342ltoEkkQ,33400,5,y,K-S9pOVS-9E,https://www.youtube.com/shorts/K-S9pOVS-9E,철판 구멍 뚫기 핸드 펀칭 공구 제작 과정 #worker #process #metalwork #tool #diy,11000,1.1만,,공정 만족(재업로드),✗,SNS 클립,n
channel_shorts_tab,gong jang,UCeGl8D0RPdKc9342ltoEkkQ,33400,6,y,9JGqwC5eyXE,https://www.youtube.com/shorts/9JGqwC5eyXE,수동 벤딩기 활용 평철 구부리기 가공 기법 #worker #process #metal #bending #diy,24000,2.4만,,공정 만족(재업로드),✗,SNS 클립,n
channel_shorts_tab,gong jang,UCeGl8D0RPdKc9342ltoEkkQ,33400,7,y,b5eM7ZfZYXc,https://www.youtube.com/shorts/b5eM7ZfZYXc,수동 옥수수 탈곡기 제작 및 사용법 #worker #process #corn #sheller #tool,23000,2.3만,,공정 만족(재업로드),✗,SNS 클립,n
channel_shorts_tab,gong jang,UCeGl8D0RPdKc9342ltoEkkQ,33400,8,y,E-y-T-90IVE,https://www.youtube.com/shorts/E-y-T-90IVE,맞춤형 금속 클램프 고정 장치 제작 과정 #worker #process #diy #metalwork #craftsmanship,26000,2.6만,,공정 만족(재업로드),✗,SNS 클립,n
channel_shorts_tab,gong jang,UCeGl8D0RPdKc9342ltoEkkQ,33400,9,y,OkdrHPzxeSI,https://www.youtube.com/shorts/OkdrHPzxeSI,수작업 금속 밴딩기 작동 방식 #worker #process #metalwork #fabrication #tools,5600,5.6천,,공정 만족(재업로드),✗,SNS 클립,n
channel_shorts_tab,gong jang,UCeGl8D0RPdKc9342ltoEkkQ,33400,10,y,VKwyV7gGlUc,https://www.youtube.com/shorts/VKwyV7gGlUc,수동 금속 굽힘 지그 제작 및 평철 가공 기술 #worker #process #bending #metalwork #crafts,37000,3.7만,,공정 만족(재업로드),✗,SNS 클립,n
channel_shorts_tab,gong jang,UCeGl8D0RPdKc9342ltoEkkQ,33400,11,y,zICz6PCNivA,https://www.youtube.com/shorts/zICz6PCNivA,파이프 지그를 활용한 수제 금속 스프링 제작 과정 #worker #process #diy #spring #metalworking,14000,1.4만,,공정 만족(재업로드),✗,SNS 클립,n
channel_shorts_tab,gong jang,UCeGl8D0RPdKc9342ltoEkkQ,33400,12,y,vPidZBSlQzk,https://www.youtube.com/shorts/vPidZBSlQzk,수작업 금속 줄가공 및 정밀 정형 작업 프로세스 #worker #process #metal #craft #tool,35000,3.5만,,공정 만족(재업로드),✗,SNS 클립,n
channel_shorts_tab,gong jang,UCeGl8D0RPdKc9342ltoEkkQ,33400,13,y,AGbCCD9ikJg,https://www.youtube.com/shorts/AGbCCD9ikJg,수제 금속 벤딩기 작업 과정 #worker #process #metalwork #craft #bending,5500,5.5천,,공정 만족(재업로드),✗,SNS 클립,n
channel_shorts_tab,gong jang,UCeGl8D0RPdKc9342ltoEkkQ,33400,14,y,Mx2N8aUQRWA,https://www.youtube.com/shorts/Mx2N8aUQRWA,수동 철선 굽힘 장치 제작 및 정밀 가공 작업 #worker #process #bending #metalwork #diy,6900,6.9천,,공정 만족(재업로드),✗,SNS 클립,n
channel_shorts_tab,gong jang,UCeGl8D0RPdKc9342ltoEkkQ,33400,15,y,mvJhChRDf1g,https://www.youtube.com/shorts/mvJhChRDf1g,수작업 금속 평철 벤딩 가공 공정 #worker #process #metalwork #bending #diy,7300,7.3천,,공정 만족(재업로드),✗,SNS 클립,n
channel_shorts_tab,gong jang,UCeGl8D0RPdKc9342ltoEkkQ,33400,16,y,259w3tzKnbg,https://www.youtube.com/shorts/259w3tzKnbg,금속 지지대 수동 레버 테스트 과정 #worker #process #metalwork #tool #diy,26000,2.6만,,공정 만족(재업로드),✗,SNS 클립,n
channel_shorts_tab,gong jang,UCeGl8D0RPdKc9342ltoEkkQ,33400,17,y,ozFq2ppE3i4,https://www.youtube.com/shorts/ozFq2ppE3i4,수공구 금속 벤딩 지그 제작 및 시연 #worker #process #metalwork #tool #diy,15000,1.5만,,공정 만족(재업로드),✗,SNS 클립,n
channel_shorts_tab,gong jang,UCeGl8D0RPdKc9342ltoEkkQ,33400,18,y,F0d8humIDP8,https://www.youtube.com/shorts/F0d8humIDP8,수동 금속 굽힘 공구를 활용한 평철 가공 과정 #worker #process #metalwork #bending #diy,23000,2.3만,2026-10-07,공정 만족(재업로드),✗,SNS 클립,n
channel_shorts_tab,안곰TV,UCeY3m_ngsWYOQ65KDEFep0g,1760000,1,"n(최신 3편, 미성숙)",xJF77oTf3B0,https://www.youtube.com/shorts/xJF77oTf3B0,[안곰툰] 문신남💘,590000,59만,,3D 게임 캐릭터 애니,✗,게임 그래픽,y
channel_shorts_tab,안곰TV,UCeY3m_ngsWYOQ65KDEFep0g,1760000,2,"n(최신 3편, 미성숙)",j6aS3mcD9Cc,https://www.youtube.com/shorts/j6aS3mcD9Cc,[안곰툰] 간호사가 필요해!🥵,820000,82만,,3D 게임 캐릭터 애니,✗,게임 그래픽,y
channel_shorts_tab,안곰TV,UCeY3m_ngsWYOQ65KDEFep0g,1760000,3,"n(최신 3편, 미성숙)",-MYJ5rD8y6I,https://www.youtube.com/shorts/-MYJ5rD8y6I,[안곰툰] 이상한 동물병원,2600000,260만,,3D 게임 캐릭터 애니,✗,게임 그래픽,y
channel_shorts_tab,안곰TV,UCeY3m_ngsWYOQ65KDEFep0g,1760000,4,y,gyECOnHdFNo,https://www.youtube.com/shorts/gyECOnHdFNo,[안곰툰] 입학합니다👽,200000,20만,2026-09-05,3D 게임 캐릭터 애니,✗,게임 그래픽,y
channel_shorts_tab,안곰TV,UCeY3m_ngsWYOQ65KDEFep0g,1760000,5,y,k4CEH_ccCj4,https://www.youtube.com/shorts/k4CEH_ccCj4,[안곰툰] 대환장 소고기 파티🍖,6210000,621만,,3D 게임 캐릭터 애니,✗,게임 그래픽,y
channel_shorts_tab,안곰TV,UCeY3m_ngsWYOQ65KDEFep0g,1760000,6,y,CC_S9KAfXG4,https://www.youtube.com/shorts/CC_S9KAfXG4,[안곰툰] 쏘~BAD한 멧챠카멜레온😏,10750000,1075만,,3D 게임 캐릭터 애니,✗,게임 그래픽,y
channel_shorts_tab,안곰TV,UCeY3m_ngsWYOQ65KDEFep0g,1760000,7,y,aPVWoIVMP6I,https://www.youtube.com/shorts/aPVWoIVMP6I,[안곰툰] 전세계인을 깨워줄 알람송🥵,4250000,425만,,3D 게임 캐릭터 애니,✗,게임 그래픽,y
channel_shorts_tab,안곰TV,UCeY3m_ngsWYOQ65KDEFep0g,1760000,8,y,Lzrz-MdFSgE,https://www.youtube.com/shorts/Lzrz-MdFSgE,[안곰툰] 공포 게임이 된 멧챠카멜레온,6020000,602만,,3D 게임 캐릭터 애니,✗,게임 그래픽,y
channel_shorts_tab,안곰TV,UCeY3m_ngsWYOQ65KDEFep0g,1760000,9,y,JfNyA0WjOTM,https://www.youtube.com/shorts/JfNyA0WjOTM,[안곰툰] 꺼먹살이,5640000,564만,,3D 게임 캐릭터 애니,✗,게임 그래픽,y
channel_shorts_tab,안곰TV,UCeY3m_ngsWYOQ65KDEFep0g,1760000,10,y,LTwM-s9bq68,https://www.youtube.com/shorts/LTwM-s9bq68,[안곰툰] 술래 농락하는 멧챠카멜레온ㅋㅋ,29510000,2951만,,3D 게임 캐릭터 애니,✗,게임 그래픽,y
channel_shorts_tab,안곰TV,UCeY3m_ngsWYOQ65KDEFep0g,1760000,11,y,Hg-pz0RPbIQ,https://www.youtube.com/shorts/Hg-pz0RPbIQ,[안곰툰] 야르송🥵,24770000,2477만,,3D 게임 캐릭터 애니,✗,게임 그래픽,y
channel_shorts_tab,안곰TV,UCeY3m_ngsWYOQ65KDEFep0g,1760000,12,y,sT9BRuXMhgs,https://www.youtube.com/shorts/sT9BRuXMhgs,[안곰툰] 이젠 숨을 생각 없는 멧챠카멜레온ㅋㅋ,16340000,1634만,,3D 게임 캐릭터 애니,✗,게임 그래픽,y
channel_shorts_tab,안곰TV,UCeY3m_ngsWYOQ65KDEFep0g,1760000,13,y,r1B2CWNIADk,https://www.youtube.com/shorts/r1B2CWNIADk,[안곰툰] 멧챠카멜레온에서 한번씩은 꼭 해봄.,32260000,3226만,,3D 게임 캐릭터 애니,✗,게임 그래픽,y
channel_shorts_tab,안곰TV,UCeY3m_ngsWYOQ65KDEFep0g,1760000,14,y,5JV21_plC0U,https://www.youtube.com/shorts/5JV21_plC0U,[안곰툰] '야라라라'로 일진들 혼내주기🥵,6960000,696만,,3D 게임 캐릭터 애니,✗,게임 그래픽,y
channel_shorts_tab,안곰TV,UCeY3m_ngsWYOQ65KDEFep0g,1760000,15,y,Wj4YCbRvOdA,https://www.youtube.com/shorts/Wj4YCbRvOdA,[안곰툰] 말랑말랑 모찌❤️,1750000,175만,,3D 게임 캐릭터 애니,✗,게임 그래픽,y
channel_shorts_tab,안곰TV,UCeY3m_ngsWYOQ65KDEFep0g,1760000,16,y,-zWMHQXy2i8,https://www.youtube.com/shorts/-zWMHQXy2i8,[안곰툰] 그래서 누가 위야?,1660000,166만,,3D 게임 캐릭터 애니,✗,게임 그래픽,y
channel_shorts_tab,안곰TV,UCeY3m_ngsWYOQ65KDEFep0g,1760000,17,y,uE4VzLym5vc,https://www.youtube.com/shorts/uE4VzLym5vc,[안곰툰] 꼬마선장의 레전드 실수,1000000,100만,,3D 게임 캐릭터 애니,✗,게임 그래픽,y
channel_shorts_tab,안곰TV,UCeY3m_ngsWYOQ65KDEFep0g,1760000,18,y,pD3_vPhmePs,https://www.youtube.com/shorts/pD3_vPhmePs,[안곰툰] 야생의 새끼 고양이 길들이는 법🐱,4350000,435만,2026-05-16,3D 게임 캐릭터 애니,✗,게임 그래픽,y
channel_shorts_tab,지식봄,UC-JrY3OsVEKmi3qgSVZ1r8A,75300,1,"n(최신 3편, 미성숙)",9y2g6w52YMQ,https://www.youtube.com/shorts/9y2g6w52YMQ,방진 매트 시공 전후 철판의 소음 차이,31000,3.1만,,신기한 도구·동물(재업로드),✗,SNS 클립,n
channel_shorts_tab,지식봄,UC-JrY3OsVEKmi3qgSVZ1r8A,75300,2,"n(최신 3편, 미성숙)",r5Qb5F_CHfg,https://www.youtube.com/shorts/r5Qb5F_CHfg,"톱니바퀴 몇개로 구현한 작은 우주, 텔루리온",93000,9.3만,,신기한 도구·동물(재업로드),✗,SNS 클립,n
channel_shorts_tab,지식봄,UC-JrY3OsVEKmi3qgSVZ1r8A,75300,3,"n(최신 3편, 미성숙)",19wvFWp_LUc,https://www.youtube.com/shorts/19wvFWp_LUc,드론에 스카이 콩콩을 단 하이브리드 드론,810000,81만,,신기한 도구·동물(재업로드),✗,SNS 클립,y
channel_shorts_tab,지식봄,UC-JrY3OsVEKmi3qgSVZ1r8A,75300,4,y,NOXLfq2fqdA,https://www.youtube.com/shorts/NOXLfq2fqdA,13억이 45만 원으로? 세상에서 가장 비싼 폐달러 기념품,850000,85만,2026-10-07,신기한 도구·동물(재업로드),✗,SNS 클립,y
channel_shorts_tab,지식봄,UC-JrY3OsVEKmi3qgSVZ1r8A,75300,5,y,0ostMzfqPJc,https://www.youtube.com/shorts/0ostMzfqPJc,"구강 내 트랙패드 기술의 결정체, 어그멘탈 마우스패드",38000,3.8만,,신기한 도구·동물(재업로드),✗,SNS 클립,n
channel_shorts_tab,지식봄,UC-JrY3OsVEKmi3qgSVZ1r8A,75300,6,y,O-QRiB_kvvI,https://www.youtube.com/shorts/O-QRiB_kvvI,에너지를 아끼기 위한 악어의 도둑기생,130000,13만,,신기한 도구·동물(재업로드),✗,SNS 클립,y
channel_shorts_tab,지식봄,UC-JrY3OsVEKmi3qgSVZ1r8A,75300,7,y,ezaaF7gJ2nE,https://www.youtube.com/shorts/ezaaF7gJ2nE,사냥감을 물고 유영하는 악어의 진짜 목적,1950000,195만,,신기한 도구·동물(재업로드),✗,SNS 클립,y
channel_shorts_tab,지식봄,UC-JrY3OsVEKmi3qgSVZ1r8A,75300,8,y,pr30NxmxOUI,https://www.youtube.com/shorts/pr30NxmxOUI,균열 없이 수축하는 집의 빈틈을 막는 탄성 폼,1690000,169만,,신기한 도구·동물(재업로드),✗,SNS 클립,y
channel_shorts_tab,지식봄,UC-JrY3OsVEKmi3qgSVZ1r8A,75300,9,y,45WZCQNzAus,https://www.youtube.com/shorts/45WZCQNzAus,불꽃 없이 찌든 녹을 제거하는 공구,4400000,440만,,신기한 도구·동물(재업로드),✗,SNS 클립,y
channel_shorts_tab,지식봄,UC-JrY3OsVEKmi3qgSVZ1r8A,75300,10,y,orSN2yEQWN4,https://www.youtube.com/shorts/orSN2yEQWN4,덴마크 유치원에서 진흙탕에 점프하는 이유,33000,3.3만,,신기한 도구·동물(재업로드),✗,SNS 클립,n
channel_shorts_tab,지식봄,UC-JrY3OsVEKmi3qgSVZ1r8A,75300,11,y,vzXT4LxeFIc,https://www.youtube.com/shorts/vzXT4LxeFIc,프리다이빙 후 블랙아웃과 맞서 싸우는 다이버,36000,3.6만,,신기한 도구·동물(재업로드),✗,SNS 클립,n
channel_shorts_tab,지식봄,UC-JrY3OsVEKmi3qgSVZ1r8A,75300,12,y,LhyNOg3xYl0,https://www.youtube.com/shorts/LhyNOg3xYl0,"옛날 사람들이 돌로 변한 망부석 전설을 왜 믿었던 이유, 파레이돌리아",35000,3.5만,,신기한 도구·동물(재업로드),✗,SNS 클립,n
channel_shorts_tab,지식봄,UC-JrY3OsVEKmi3qgSVZ1r8A,75300,13,y,Rkp4kI0rc9g,https://www.youtube.com/shorts/Rkp4kI0rc9g,포장과 각인까지 완벽한 실버바 속에 숨겨진 구리의 진실,28000,2.8만,,신기한 도구·동물(재업로드),✗,SNS 클립,n
channel_shorts_tab,지식봄,UC-JrY3OsVEKmi3qgSVZ1r8A,75300,14,y,d9ZUerVhzzA,https://www.youtube.com/shorts/d9ZUerVhzzA,베테랑 배관공이 90도 직각 파이프를 안쓰는 이유,120000,12만,,신기한 도구·동물(재업로드),✗,SNS 클립,y
channel_shorts_tab,지식봄,UC-JrY3OsVEKmi3qgSVZ1r8A,75300,15,y,x-O-5Jx4SRA,https://www.youtube.com/shorts/x-O-5Jx4SRA,무선 청소기와 PVC 배관이 만든 유체역학 말벌 함정,110000,11만,,신기한 도구·동물(재업로드),✗,SNS 클립,y
channel_shorts_tab,지식봄,UC-JrY3OsVEKmi3qgSVZ1r8A,75300,16,y,4H3_QoNhikA,https://www.youtube.com/shorts/4H3_QoNhikA,"학자들의 사고 흐름을 지켜주는, 옥스퍼드대 슬라이딩 칠판",130000,13만,,신기한 도구·동물(재업로드),✗,SNS 클립,y
channel_shorts_tab,지식봄,UC-JrY3OsVEKmi3qgSVZ1r8A,75300,17,y,v4Pm9HI2YPc,https://www.youtube.com/shorts/v4Pm9HI2YPc,생존 본능과 공학 기술이 맞붙은 물리적 현상,270000,27만,,신기한 도구·동물(재업로드),✗,SNS 클립,y
channel_shorts_tab,지식봄,UC-JrY3OsVEKmi3qgSVZ1r8A,75300,18,y,Jc65TWFhkwk,https://www.youtube.com/shorts/Jc65TWFhkwk,휴지 한 장이 마찰력을 이길 때 벌어지는 일,520000,52만,2026-09-18,신기한 도구·동물(재업로드),✗,SNS 클립,y
channel_shorts_tab,방긋,UC02G2-XNlZ7gv0y2bV4iklA,46200,1,"n(최신 3편, 미성숙)",fi3saHApF7k,https://www.youtube.com/shorts/fi3saHApF7k,엄마 퇴근하자마자 졸졸 따라다니는 아기 물개ㅋㅋ,702,702,,공정 만족(재업로드),✗,SNS 클립,n
channel_shorts_tab,방긋,UC02G2-XNlZ7gv0y2bV4iklA,46200,2,"n(최신 3편, 미성숙)",tMBeObe5tTk,https://www.youtube.com/shorts/tMBeObe5tTk,장난치던 아기 염소 둘이 결국 박치기 대결까지? 해 질 때까지 안 끝나는 각 ㅋㅋ,1000,1천,,공정 만족(재업로드),✗,SNS 클립,n
channel_shorts_tab,방긋,UC02G2-XNlZ7gv0y2bV4iklA,46200,3,"n(최신 3편, 미성숙)",1DRoMDVTf8c,https://www.youtube.com/shorts/1DRoMDVTf8c,소파 밑에서 매복하던 아기냥이들의 사냥 실력? 결국 몸통 박치기로 끝냄 ㅋㅋ,1000,1천,,공정 만족(재업로드),✗,SNS 클립,n
channel_shorts_tab,방긋,UC02G2-XNlZ7gv0y2bV4iklA,46200,4,y,ZArJDF4H-LM,https://www.youtube.com/shorts/ZArJDF4H-LM,책장에서 피아노까지 흰냥이의 비밀작전? 처음부터 장난치러 온 거 아님? ㅋㅋ,801,801,2026-10-06,공정 만족(재업로드),✗,SNS 클립,n
channel_shorts_tab,방긋,UC02G2-XNlZ7gv0y2bV4iklA,46200,5,y,RfkVzSI6I1M,https://www.youtube.com/shorts/RfkVzSI6I1M,눈 오는 날 혼자 신난 북극곰의 최후? 눈덩이한테 결국 항복 ㅋㅋ,1400,1.4천,,공정 만족(재업로드),✗,SNS 클립,n
channel_shorts_tab,방긋,UC02G2-XNlZ7gv0y2bV4iklA,46200,6,y,AQ07U9q1Aag,https://www.youtube.com/shorts/AQ07U9q1Aag,염소 두 마리가 박치기를 했더니 10초째 안 끝나는 결투? 결국 서서 졸고 있음 ㅋㅋ,2200,2.2천,,공정 만족(재업로드),✗,SNS 클립,n
channel_shorts_tab,방긋,UC02G2-XNlZ7gv0y2bV4iklA,46200,7,y,nppAOiwMTB0,https://www.youtube.com/shorts/nppAOiwMTB0,골목에서 레슬링 붙은 아기냥이 둘의 최후? 결국 둘 다 체력 0 ㅋㅋ,1100,1.1천,,공정 만족(재업로드),✗,SNS 클립,n
channel_shorts_tab,방긋,UC02G2-XNlZ7gv0y2bV4iklA,46200,8,y,J3G00va_2Ns,https://www.youtube.com/shorts/J3G00va_2Ns,피자 박스를 열었더니 댕댕이가 갑자기 콘서트를? 참다 참다 터진 아우우~ ㅋㅋ,1100,1.1천,,공정 만족(재업로드),✗,SNS 클립,n
channel_shorts_tab,방긋,UC02G2-XNlZ7gv0y2bV4iklA,46200,9,y,8OJdRcAsw6Q,https://www.youtube.com/shorts/8OJdRcAsw6Q,드라마 우영우 속 그 절 진짜 이름은? 제주 한라산 650m 관음사,837,837,,공정 만족(재업로드),✗,SNS 클립,n
channel_shorts_tab,방긋,UC02G2-XNlZ7gv0y2bV4iklA,46200,10,y,TzZfRjIypDw,https://www.youtube.com/shorts/TzZfRjIypDw,부산 자갈치시장 건물 안만 보면 절반만 본 거예요? 실내 수조부터 바깥 길가 좌판까지,1100,1.1천,,공정 만족(재업로드),✗,SNS 클립,n
channel_shorts_tab,방긋,UC02G2-XNlZ7gv0y2bV4iklA,46200,11,y,PfRycbtS2-E,https://www.youtube.com/shorts/PfRycbtS2-E,서울 광장시장 '광장'이 넓은 마당이 아니다? 1905년 첫 상설시장 이름의 진짜 뜻,886,886,,공정 만족(재업로드),✗,SNS 클립,n
channel_shorts_tab,방긋,UC02G2-XNlZ7gv0y2bV4iklA,46200,12,y,S4NANkXzz48,https://www.youtube.com/shorts/S4NANkXzz48,"서천 장항스카이워크 10월엔 몇 시까지? 입장 마감 오후 4시 반, 15m 솔숲 하늘길",1000,1천,,공정 만족(재업로드),✗,SNS 클립,n
channel_shorts_tab,방긋,UC02G2-XNlZ7gv0y2bV4iklA,46200,13,y,aqWDziblVkg,https://www.youtube.com/shorts/aqWDziblVkg,올가을 놓치면 1년 기다리는 꽃길 5곳 🌸 지금부터 제철,1500,1.5천,,공정 만족(재업로드),✗,SNS 클립,n
channel_shorts_tab,방긋,UC02G2-XNlZ7gv0y2bV4iklA,46200,14,y,aEZYxXqNehE,https://www.youtube.com/shorts/aEZYxXqNehE,방콕 길거리 음식 처음이면 뭐부터? 망고밥부터 로띠까지 순서 정리,954,954,,공정 만족(재업로드),✗,SNS 클립,n
channel_shorts_tab,방긋,UC02G2-XNlZ7gv0y2bV4iklA,46200,15,y,3jS0Aui2qnQ,https://www.youtube.com/shorts/3jS0Aui2qnQ,"그 대하, 진짜 대하 맞나요? 🦐 흰다리새우 구별법 3가지",1400,1.4천,,공정 만족(재업로드),✗,SNS 클립,n
channel_shorts_tab,방긋,UC02G2-XNlZ7gv0y2bV4iklA,46200,16,y,tUfJmwhVaU0,https://www.youtube.com/shorts/tUfJmwhVaU0,군산 당일치기 코스 이대로만 가세요 🍞 이성당부터 철길마을까지,293,293,,공정 만족(재업로드),✗,SNS 클립,n
channel_shorts_tab,방긋,UC02G2-XNlZ7gv0y2bV4iklA,46200,17,y,EtfNMIYYRUU,https://www.youtube.com/shorts/EtfNMIYYRUU,언덕 위 풍차가 있는 대전 전망 명소｜대동하늘공원 🌇,220,220,,공정 만족(재업로드),✗,SNS 클립,n
channel_shorts_tab,방긋,UC02G2-XNlZ7gv0y2bV4iklA,46200,18,y,tVHqoL3PHyA,https://www.youtube.com/shorts/tVHqoL3PHyA,가을 전어·대하 제대로 먹으러 가는 축제 5곳 🦐🐟,1300,1.3천,2026-09-27,공정 만족(재업로드),✗,SNS 클립,n
channel_shorts_tab,레트로비디오,UCOswvYAxqd1xYBRRL6GqUQA,2550,1,"n(최신 3편, 미성숙)",XO32qU7jrjs,https://www.youtube.com/shorts/XO32qU7jrjs,1980년대 이태원,21000,2.1만,,그 시절 레트로 영상,○(공공누리 자료로),옛 영상·사진,n
channel_shorts_tab,레트로비디오,UCOswvYAxqd1xYBRRL6GqUQA,2550,2,"n(최신 3편, 미성숙)",aFItVkfgKUo,https://www.youtube.com/shorts/aFItVkfgKUo,1980년대 서울의 일상,21000,2.1만,,그 시절 레트로 영상,○(공공누리 자료로),옛 영상·사진,n
channel_shorts_tab,레트로비디오,UCOswvYAxqd1xYBRRL6GqUQA,2550,3,"n(최신 3편, 미성숙)",QG6kRfFBH8o,https://www.youtube.com/shorts/QG6kRfFBH8o,1970년대 고향으로 가는 길,1200,1.2천,,그 시절 레트로 영상,○(공공누리 자료로),옛 영상·사진,n
channel_shorts_tab,레트로비디오,UCOswvYAxqd1xYBRRL6GqUQA,2550,4,y,ngtSAe1uB1g,https://www.youtube.com/shorts/ngtSAe1uB1g,1970년대 흑백에서 컬러로,23000,2.3만,2026-02-11,그 시절 레트로 영상,○(공공누리 자료로),옛 영상·사진,n
channel_shorts_tab,레트로비디오,UCOswvYAxqd1xYBRRL6GqUQA,2550,5,y,TiaMwT0ejYU,https://www.youtube.com/shorts/TiaMwT0ejYU,1980년대 여러분은 어떤 기억을 가지고 있나요,330000,33만,,그 시절 레트로 영상,○(공공누리 자료로),옛 영상·사진,y
channel_shorts_tab,레트로비디오,UCOswvYAxqd1xYBRRL6GqUQA,2550,6,y,_lqIwCmP1G4,https://www.youtube.com/shorts/_lqIwCmP1G4,20세기의 마지막 1999년,4600,4.6천,,그 시절 레트로 영상,○(공공누리 자료로),옛 영상·사진,n
channel_shorts_tab,레트로비디오,UCOswvYAxqd1xYBRRL6GqUQA,2550,7,y,xcreBSxPxgo,https://www.youtube.com/shorts/xcreBSxPxgo,아날로그의 마지막 90년대 모습,72000,7.2만,,그 시절 레트로 영상,○(공공누리 자료로),옛 영상·사진,n
channel_shorts_tab,레트로비디오,UCOswvYAxqd1xYBRRL6GqUQA,2550,8,y,C-ebrmagUxY,https://www.youtube.com/shorts/C-ebrmagUxY,1970년대 모습,390000,39만,,그 시절 레트로 영상,○(공공누리 자료로),옛 영상·사진,y
channel_shorts_tab,레트로비디오,UCOswvYAxqd1xYBRRL6GqUQA,2550,9,y,huVWGb-TpmY,https://www.youtube.com/shorts/huVWGb-TpmY,70년대 한국의 모습 / Scenery of the 70s in south korea,110000,11만,,그 시절 레트로 영상,○(공공누리 자료로),옛 영상·사진,y
channel_shorts_tab,레트로비디오,UCOswvYAxqd1xYBRRL6GqUQA,2550,10,y,-9CcDDeYuR4,https://www.youtube.com/shorts/-9CcDDeYuR4,1990년대 서울 / 1990s in seoul. south korea,47000,4.7만,,그 시절 레트로 영상,○(공공누리 자료로),옛 영상·사진,n
channel_shorts_tab,레트로비디오,UCOswvYAxqd1xYBRRL6GqUQA,2550,11,y,yLtHasilG24,https://www.youtube.com/shorts/yLtHasilG24,70년대 도시와 시골 아이들 / Korea's Rural and Urban Kids in the 70s,12000,1.2만,,그 시절 레트로 영상,○(공공누리 자료로),옛 영상·사진,n
channel_shorts_tab,레트로비디오,UCOswvYAxqd1xYBRRL6GqUQA,2550,12,y,J7rjH1N1SBw,https://www.youtube.com/shorts/J7rjH1N1SBw,1960년대 격동의 시절 대한민국 / Turbulent South Korea in the 1960s,14000,1.4만,,그 시절 레트로 영상,○(공공누리 자료로),옛 영상·사진,n
channel_shorts_tab,레트로비디오,UCOswvYAxqd1xYBRRL6GqUQA,2550,13,y,luOUe7sxBDc,https://www.youtube.com/shorts/luOUe7sxBDc,응답하라 1980년대 서울 / Seoul in Korea in the 1980s,88000,8.8만,,그 시절 레트로 영상,○(공공누리 자료로),옛 영상·사진,n
channel_shorts_tab,레트로비디오,UCOswvYAxqd1xYBRRL6GqUQA,2550,14,y,zEimbmUpDLM,https://www.youtube.com/shorts/zEimbmUpDLM,이거 알면 국민학교 세대 / Korea's Old Toys,6100,6.1천,,그 시절 레트로 영상,○(공공누리 자료로),옛 영상·사진,n
channel_shorts_tab,레트로비디오,UCOswvYAxqd1xYBRRL6GqUQA,2550,15,y,sGLTeMN_2BI,https://www.youtube.com/shorts/sGLTeMN_2BI,70년대 초반 서울 / Seoul in the early '70s,240000,24만,,그 시절 레트로 영상,○(공공누리 자료로),옛 영상·사진,y
channel_shorts_tab,레트로비디오,UCOswvYAxqd1xYBRRL6GqUQA,2550,16,y,FXJAUeUxjtc,https://www.youtube.com/shorts/FXJAUeUxjtc,"부산의 80년대 모습 / The 1980s in Busan, Korea",72000,7.2만,,그 시절 레트로 영상,○(공공누리 자료로),옛 영상·사진,n
channel_shorts_tab,레트로비디오,UCOswvYAxqd1xYBRRL6GqUQA,2550,17,y,-o51ylrWXfQ,https://www.youtube.com/shorts/-o51ylrWXfQ,"인천의 80년대 모습 / The 80s of Incheon, Korea",26000,2.6만,,그 시절 레트로 영상,○(공공누리 자료로),옛 영상·사진,n
channel_shorts_tab,레트로비디오,UCOswvYAxqd1xYBRRL6GqUQA,2550,18,y,HIus1pFcyyo,https://www.youtube.com/shorts/HIus1pFcyyo,반 세기도 더 지난 청계천의 모습 / Cheonggyecheon Stream from 50 years ago and now,6100,6.1천,2026-01-06,그 시절 레트로 영상,○(공공누리 자료로),옛 영상·사진,n
channel_shorts_tab,에뉴즈,UCmaTY5oOa5g9C_RGRm4_Yrw,5310,1,"n(최신 3편, 미성숙)",IkRXPwl-zSs,https://www.youtube.com/shorts/IkRXPwl-zSs,천상의 맛? #영상툰 #썰툰 #웹툰,14000,1.4만,,영상툰(웹툰 컷 애니),△,자체 웹툰 그림,n
channel_shorts_tab,에뉴즈,UCmaTY5oOa5g9C_RGRm4_Yrw,5310,2,"n(최신 3편, 미성숙)",1HkGqandtfQ,https://www.youtube.com/shorts/1HkGqandtfQ,당신은 이 방에서 나갈 수 있나요? #영상툰 #썰툰 #웹툰,7900,7.9천,,영상툰(웹툰 컷 애니),△,자체 웹툰 그림,n
channel_shorts_tab,에뉴즈,UCmaTY5oOa5g9C_RGRm4_Yrw,5310,3,"n(최신 3편, 미성숙)",j6ICyrzDN8s,https://www.youtube.com/shorts/j6ICyrzDN8s,자매 특 #영상툰 #썰툰 #웹툰,35000,3.5만,,영상툰(웹툰 컷 애니),△,자체 웹툰 그림,n
channel_shorts_tab,에뉴즈,UCmaTY5oOa5g9C_RGRm4_Yrw,5310,4,y,g0JEIvzVLRg,https://www.youtube.com/shorts/g0JEIvzVLRg,범인은 누구? #영상툰 #썰툰 #웹툰,24000,2.4만,2026-08-28,영상툰(웹툰 컷 애니),△,자체 웹툰 그림,n
channel_shorts_tab,에뉴즈,UCmaTY5oOa5g9C_RGRm4_Yrw,5310,5,y,davpx5vPbs0,https://www.youtube.com/shorts/davpx5vPbs0,여기 다시는 안 가... #영상툰 #웹툰 #애니메이션 #썰툰,410000,41만,,영상툰(웹툰 컷 애니),△,자체 웹툰 그림,y
channel_shorts_tab,에뉴즈,UCmaTY5oOa5g9C_RGRm4_Yrw,5310,6,y,TXV_96pzH50,https://www.youtube.com/shorts/TXV_96pzH50,갑자기 모르는 여자가 따질 때 #영상툰 #썰툰 #웹툰,660000,66만,,영상툰(웹툰 컷 애니),△,자체 웹툰 그림,y
channel_shorts_tab,에뉴즈,UCmaTY5oOa5g9C_RGRm4_Yrw,5310,7,y,yQ7yURCswYg,https://www.youtube.com/shorts/yQ7yURCswYg,평생 한솥만 먹고 월 천만원 vs #영상툰 #썰툰,24000,2.4만,,영상툰(웹툰 컷 애니),△,자체 웹툰 그림,n
channel_shorts_tab,에뉴즈,UCmaTY5oOa5g9C_RGRm4_Yrw,5310,8,y,a6tmyL6pICU,https://www.youtube.com/shorts/a6tmyL6pICU,한입만 달라는 친구 퇴치법 #영상툰 #썰툰 #웹툰,27000,2.7만,,영상툰(웹툰 컷 애니),△,자체 웹툰 그림,n
channel_shorts_tab,에뉴즈,UCmaTY5oOa5g9C_RGRm4_Yrw,5310,9,y,2XSX4_r9ILM,https://www.youtube.com/shorts/2XSX4_r9ILM,광복을 눈 앞에 두고 눈을 감은 청년이 있었습니다.,9600,9.6천,,영상툰(웹툰 컷 애니),△,자체 웹툰 그림,n
channel_shorts_tab,에뉴즈,UCmaTY5oOa5g9C_RGRm4_Yrw,5310,10,y,HoCDbA7NQqA,https://www.youtube.com/shorts/HoCDbA7NQqA,#만약에 지나가는 사람이.. #영상툰 #썰툰 #웹툰,21000,2.1만,,영상툰(웹툰 컷 애니),△,자체 웹툰 그림,n
channel_shorts_tab,에뉴즈,UCmaTY5oOa5g9C_RGRm4_Yrw,5310,11,y,FLNh20_lBRs,https://www.youtube.com/shorts/FLNh20_lBRs,더위에 녹은 한국인 특 #영상툰 #썰툰 #여름,42000,4.2만,,영상툰(웹툰 컷 애니),△,자체 웹툰 그림,n
channel_shorts_tab,에뉴즈,UCmaTY5oOa5g9C_RGRm4_Yrw,5310,12,y,bTMqd-bSIMo,https://www.youtube.com/shorts/bTMqd-bSIMo,#만약에 과거로 문자를 보낼 수 있으면?  #영상툰 #썰툰,75000,7.5만,,영상툰(웹툰 컷 애니),△,자체 웹툰 그림,n
channel_shorts_tab,에뉴즈,UCmaTY5oOa5g9C_RGRm4_Yrw,5310,13,y,dKHHUocYy00,https://www.youtube.com/shorts/dKHHUocYy00,오늘 길 가다.. #영상툰 #썰툰,52000,5.2만,,영상툰(웹툰 컷 애니),△,자체 웹툰 그림,n
channel_shorts_tab,에뉴즈,UCmaTY5oOa5g9C_RGRm4_Yrw,5310,14,y,cKRj3q8mzxI,https://www.youtube.com/shorts/cKRj3q8mzxI,남자들 몸무게 진짜 모르는 듯 #영상툰 #썰툰,8500,8.5천,,영상툰(웹툰 컷 애니),△,자체 웹툰 그림,n
channel_shorts_tab,에뉴즈,UCmaTY5oOa5g9C_RGRm4_Yrw,5310,15,y,rvHIb8rqxEY,https://www.youtube.com/shorts/rvHIb8rqxEY,요즘 많이 보인다는 의뢰인,4700,4.7천,,영상툰(웹툰 컷 애니),△,자체 웹툰 그림,n
channel_shorts_tab,에뉴즈,UCmaTY5oOa5g9C_RGRm4_Yrw,5310,16,y,QZ9nfjDij6Q,https://www.youtube.com/shorts/QZ9nfjDij6Q,딸이 아빠와 싸우고 준 것,7800,7.8천,,영상툰(웹툰 컷 애니),△,자체 웹툰 그림,n
channel_shorts_tab,에뉴즈,UCmaTY5oOa5g9C_RGRm4_Yrw,5310,17,y,FJvbzZKfI-w,https://www.youtube.com/shorts/FJvbzZKfI-w,아버지 죄송해요..!  #개그 #각종유머 #웃긴영상 #4컷만화,5900,5.9천,,영상툰(웹툰 컷 애니),△,자체 웹툰 그림,n
channel_shorts_tab,에뉴즈,UCmaTY5oOa5g9C_RGRm4_Yrw,5310,18,y,SVXEFcLLzC8,https://www.youtube.com/shorts/SVXEFcLLzC8,그 곳에 이게 붙어있었다..!!  #개그 #각종유머 #4컷만화,28000,2.8만,2026-07-30,영상툰(웹툰 컷 애니),△,자체 웹툰 그림,n
channel_shorts_tab,MR.훈,UC1Xuv96cTQ0ptl9q-XSA5xA,286000,1,"n(최신 3편, 미성숙)",DVEt1RmClps,https://www.youtube.com/shorts/DVEt1RmClps,다이어트 할 사람?!! #shorts,35000,3.5만,,3D 캐릭터 상황극,✗,3D 아바타,n
channel_shorts_tab,MR.훈,UC1Xuv96cTQ0ptl9q-XSA5xA,286000,2,"n(최신 3편, 미성숙)",8LLl2r5sdrE,https://www.youtube.com/shorts/8LLl2r5sdrE,건강 검진 받으러 와! #shorts,39000,3.9만,,3D 캐릭터 상황극,✗,3D 아바타,n
channel_shorts_tab,MR.훈,UC1Xuv96cTQ0ptl9q-XSA5xA,286000,3,"n(최신 3편, 미성숙)",dYJ_KNDAHg4,https://www.youtube.com/shorts/dYJ_KNDAHg4,이게 친구...? #shorts,68000,6.8만,,3D 캐릭터 상황극,✗,3D 아바타,n
channel_shorts_tab,MR.훈,UC1Xuv96cTQ0ptl9q-XSA5xA,286000,4,y,byKR6fGyBH8,https://www.youtube.com/shorts/byKR6fGyBH8,엄마의 존재 이유  #shorts,130000,13만,2026-09-18,3D 캐릭터 상황극,✗,3D 아바타,y
channel_shorts_tab,MR.훈,UC1Xuv96cTQ0ptl9q-XSA5xA,286000,5,y,oSJIRTOuuFw,https://www.youtube.com/shorts/oSJIRTOuuFw,태권도를 배우고 싶습니다!!!!  #shorts,270000,27만,,3D 캐릭터 상황극,✗,3D 아바타,y
channel_shorts_tab,MR.훈,UC1Xuv96cTQ0ptl9q-XSA5xA,286000,6,y,pGjNmhcl2pQ,https://www.youtube.com/shorts/pGjNmhcl2pQ,"나 ""묻고"" 싶은게 있  #shorts",330000,33만,,3D 캐릭터 상황극,✗,3D 아바타,y
channel_shorts_tab,MR.훈,UC1Xuv96cTQ0ptl9q-XSA5xA,286000,7,y,KR1dqS8HjMk,https://www.youtube.com/shorts/KR1dqS8HjMk,휘핑크림 빼달라며!!  #shorts,440000,44만,,3D 캐릭터 상황극,✗,3D 아바타,y
channel_shorts_tab,MR.훈,UC1Xuv96cTQ0ptl9q-XSA5xA,286000,8,y,Pj-mLDmfEOE,https://www.youtube.com/shorts/Pj-mLDmfEOE,한달안에 3천만원 버는법 알려드림 (댓글에서) #shorts,77000,7.7만,,3D 캐릭터 상황극,✗,3D 아바타,n
channel_shorts_tab,MR.훈,UC1Xuv96cTQ0ptl9q-XSA5xA,286000,9,y,sxhrb2dT3-0,https://www.youtube.com/shorts/sxhrb2dT3-0,내가 입양아라니?!!!   #shorts,410000,41만,,3D 캐릭터 상황극,✗,3D 아바타,y
channel_shorts_tab,MR.훈,UC1Xuv96cTQ0ptl9q-XSA5xA,286000,10,y,ok8LVDY5e5k,https://www.youtube.com/shorts/ok8LVDY5e5k,풍선 100개면 어디든 갈 수 있어!! #shorts,580000,58만,,3D 캐릭터 상황극,✗,3D 아바타,y
channel_shorts_tab,MR.훈,UC1Xuv96cTQ0ptl9q-XSA5xA,286000,11,y,yy8yDPLKY4o,https://www.youtube.com/shorts/yy8yDPLKY4o,필요 없는거 집어 넣으라며! #shorts,580000,58만,,3D 캐릭터 상황극,✗,3D 아바타,y
channel_shorts_tab,MR.훈,UC1Xuv96cTQ0ptl9q-XSA5xA,286000,12,y,u29HvgGEwNs,https://www.youtube.com/shorts/u29HvgGEwNs,"""숨은"" 그림 찾기! #shorts",790000,79만,,3D 캐릭터 상황극,✗,3D 아바타,y
channel_shorts_tab,MR.훈,UC1Xuv96cTQ0ptl9q-XSA5xA,286000,13,y,SGEtsSj-F9I,https://www.youtube.com/shorts/SGEtsSj-F9I,후니 꼭 복수 한다!!!!!! #shorts,100000,10만,,3D 캐릭터 상황극,✗,3D 아바타,y
channel_shorts_tab,MR.훈,UC1Xuv96cTQ0ptl9q-XSA5xA,286000,14,y,dNqTY7RzaPg,https://www.youtube.com/shorts/dNqTY7RzaPg,내 노래 실력 어똔데?! #shorts,260000,26만,,3D 캐릭터 상황극,✗,3D 아바타,y
channel_shorts_tab,MR.훈,UC1Xuv96cTQ0ptl9q-XSA5xA,286000,15,y,aoLM6FpJ3j8,https://www.youtube.com/shorts/aoLM6FpJ3j8,웃어 웃어 친한 척 해 #shorts,490000,49만,,3D 캐릭터 상황극,✗,3D 아바타,y
channel_shorts_tab,MR.훈,UC1Xuv96cTQ0ptl9q-XSA5xA,286000,16,y,Ta9zGJDGBac,https://www.youtube.com/shorts/Ta9zGJDGBac,남자들아 이것이 매너남이다!!!! #shorts,440000,44만,,3D 캐릭터 상황극,✗,3D 아바타,y
channel_shorts_tab,MR.훈,UC1Xuv96cTQ0ptl9q-XSA5xA,286000,17,y,PWRLxcqD6Ws,https://www.youtube.com/shorts/PWRLxcqD6Ws,후나 어디있어!!! #shorts,350000,35만,,3D 캐릭터 상황극,✗,3D 아바타,y
channel_shorts_tab,MR.훈,UC1Xuv96cTQ0ptl9q-XSA5xA,286000,18,y,khNd5HC3mAA,https://www.youtube.com/shorts/khNd5HC3mAA,힘들어 하는 친구한테 해보자! #shorts,100000,10만,2026-06-18,3D 캐릭터 상황극,✗,3D 아바타,y
playboard_weekly_all,DoubleBite,UCEjyzcaxd15QtJWlP4-VMWw,3290000,,,1mBk5_PyXNQ,https://www.youtube.com/shorts/1mBk5_PyXNQ,No Oil vs Oil,62644497,주간 증가분(누적 하한),2026-08-03,,,,y
playboard_weekly_all,"870,000",UCRVJiXOntnP87a21y7L0VtQ,3,,,L00GjAtv-BE,https://www.youtube.com/shorts/L00GjAtv-BE,The girl ate all the apples 🍎😊,55419638,주간 증가분(누적 하한),2026-07-20,,,,y
playboard_weekly_all,workmanager0,UCsgTXjREutihVFj88lEVc2w,35200,,,LkveY_DgAv4,https://www.youtube.com/shorts/LkveY_DgAv4,대형 추를 이용한 지반 강화 동다짐 공법 현장 #worker #process #compaction #crane #construction,55201935,주간 증가분(누적 하한),2026-07-30,,,,y
playboard_weekly_all,박다혜dahye,UCqcJO4Ce5zjyO9ohCp00nuA,1480000,,,_AfXoFO3XBs,https://www.youtube.com/shorts/_AfXoFO3XBs,소주과일 석류과일🍓! #한호흡챌린지 근데 누구세요..?,88271726,주간 증가분(누적 하한),2026-08-05,,,,y
playboard_weekly_all,"35,200,000",UCkLNHZZsC3LKdUAroKNwOOw,6,,,YFu7xNinLBk,https://www.youtube.com/shorts/YFu7xNinLBk,Who Can Save Her Cooking?🚑💀🍵,48626057,주간 증가분(누적 하한),2026-07-17,,,,y
playboard_weekly_all,박다혜dahye,UCqcJO4Ce5zjyO9ohCp00nuA,1480000,,,1J1Im4dxDqg,https://www.youtube.com/shorts/1J1Im4dxDqg,이 정도면 성공??? #한호흡챌린지,42476148,주간 증가분(누적 하한),2026-07-12,,,,y
playboard_weekly_all,저승이와 친구들,UCFZNmOPjyuxo6RnhqdKZbCw,1590000,,,X3YCaeg0j-U,https://www.youtube.com/shorts/X3YCaeg0j-U,저승사자 vs 천사(1편),41182065,주간 증가분(누적 하한),2026-07-31,,,,y
playboard_weekly_all,김프로KIMPRO,UCiVs2pnGW5mLIc1jS2nxhjg,135000000,,,riVzUWoTS8I,https://www.youtube.com/shorts/riVzUWoTS8I,콜라를 뜨겁게 하면 생기는 일,37361818,주간 증가분(누적 하한),2026-07-22,,,,y
playboard_weekly_all,수투듀오,UCgvyDd0nJMS75atfnOYM00Q,273000,,,h0dOO1PaPSg,https://www.youtube.com/shorts/h0dOO1PaPSg,멧챠 카멜레온,33686934,주간 증가분(누적 하한),2026-07-28,,,,y
playboard_weekly_all,Gorilland,UCcmcZmmqMgE7_HbaRuUpduw,828000,,,Tn2MZxFHAI8,https://www.youtube.com/shorts/Tn2MZxFHAI8,Alex에게 여러 가지를 떨어뜨려 봤어요!,32957184,주간 증가분(누적 하한),2026-08-02,,,,y
playboard_weekly_all,김프로KIMPRO,UCiVs2pnGW5mLIc1jS2nxhjg,135000000,,,OhpRM_bGkgw,https://www.youtube.com/shorts/OhpRM_bGkgw,It's me😆 kkubi x Like Nastya x KIMPRO,31482588,주간 증가분(누적 하한),2026-07-11,,,,y
playboard_weekly_all,Smart cat life,UCvWl7xwa1nJ-YF0ht2ZWcrA,157000,,,kQ621_OQvJQ,https://www.youtube.com/shorts/kQ621_OQvJQ,이런 아이템 놓치면 후회해! 😱/복 많은 고양이 #cat #꿀템 #cute,34188820,주간 증가분(누적 하한),2026-08-03,,,,y
playboard_weekly_all,"870,000",UCRVJiXOntnP87a21y7L0VtQ,14,,,3ydNFGcTA2k,https://www.youtube.com/shorts/3ydNFGcTA2k,The girl thought she saw Haaland 😂❤️,29658368,주간 증가분(누적 하한),2026-08-04,,,,y
playboard_weekly_all,너의픽은?,UCfEvQxOLRkyaN-FMNePdM7A,78800,,,Ubh2x_wvMiw,https://www.youtube.com/shorts/Ubh2x_wvMiw,잭프루트 나무에서 휴식을 취하는 쥐 종류의 모습 #farming #farmlife #livestock #sloth #wildlife,53306601,주간 증가분(누적 하한),2026-07-12,,,,y
playboard_weekly_all,"35,200,000",UCkLNHZZsC3LKdUAroKNwOOw,16,,,FtT1zugyZuU,https://www.youtube.com/shorts/FtT1zugyZuU,Someone save her cooking!🚑💀🥘,27557715,주간 증가분(누적 하한),2026-07-02,,,,y
playboard_weekly_all,DoubleBite,UCEjyzcaxd15QtJWlP4-VMWw,3290000,,,-0PYEeCKTao,https://www.youtube.com/shorts/-0PYEeCKTao,Water vs Sand,26099627,주간 증가분(누적 하한),2026-08-07,,,,y
playboard_weekly_all,Gorilland,UCcmcZmmqMgE7_HbaRuUpduw,828000,,,kBye-EaFyXY,https://www.youtube.com/shorts/kBye-EaFyXY,알렉스에게 여러 가지를 떨어뜨려 봤습니다,25896762,주간 증가분(누적 하한),2026-07-22,,,,y
playboard_weekly_all,코코비 - 인기 동요・동화,UCCrtIh_OLOrKhD57GLOG9_g,1820000,,,uqGkOC5h7To,https://www.youtube.com/shorts/uqGkOC5h7To,핑크 vs 블랙 크레용 색칠 대결💗 #shorts,25309921,주간 증가분(누적 하한),2026-07-18,,,,y
playboard_weekly_all,박다혜dahye,UCqcJO4Ce5zjyO9ohCp00nuA,1480000,,,N-BApD_t5qk,https://www.youtube.com/shorts/N-BApD_t5qk,소주과일 석류과일🍏 이 정도면 성공??,25212433,주간 증가분(누적 하한),2026-06-26,,,,y
playboard_weekly_all,DoubleBite,UCEjyzcaxd15QtJWlP4-VMWw,3290000,,,T9Ggf25cdaE,https://www.youtube.com/shorts/T9Ggf25cdaE,Butter vs Oil (Part 2),23727919,주간 증가분(누적 하한),2026-07-01,,,,y
playboard_weekly_all,"870,000",UCRVJiXOntnP87a21y7L0VtQ,3,,,PF6utDeTIfY,https://www.youtube.com/shorts/PF6utDeTIfY,Haaland Scared a Girl! 👻😂,74235529,주간 증가분(누적 하한),2026-08-07,,,,y
playboard_weekly_all,"870,000",UCRVJiXOntnP87a21y7L0VtQ,4,,,Mprc2wsr9xg,https://www.youtube.com/shorts/Mprc2wsr9xg,The girl dyed Haaland's hair ⚽️❤️,39730955,주간 증가분(누적 하한),2026-08-11,,,,y
playboard_weekly_all,저승이와 친구들,UCFZNmOPjyuxo6RnhqdKZbCw,1590000,,,45mwjc0DAUo,https://www.youtube.com/shorts/45mwjc0DAUo,저승사자 vs 천사 (3편),37206905,주간 증가분(누적 하한),2026-08-07,,,,y
playboard_weekly_all,저승이와 친구들,UCFZNmOPjyuxo6RnhqdKZbCw,1590000,,,gih5ySxYjaQ,https://www.youtube.com/shorts/gih5ySxYjaQ,저승사자 vs 천사 (5편),33897884,주간 증가분(누적 하한),2026-08-14,,,,y
playboard_weekly_all,"35,200,000",UCkLNHZZsC3LKdUAroKNwOOw,8,,,5ZQOZJv7wgE,https://www.youtube.com/shorts/5ZQOZJv7wgE,#shorts,32951817,주간 증가분(누적 하한),2026-08-15,,,,y
playboard_weekly_all,오!연하 Oh!yeonha,UCbpRgaHobmLkYwC5R-6uRrg,1800000,,,0Emw4axqJ0k,https://www.youtube.com/shorts/0Emw4axqJ0k,몸이 따로따로 움직이는 로봇댄스?! 요즘 핫한 이유가 있다 ㄷㄷㄷ #dance #reaction,25584695,주간 증가분(누적 하한),2026-07-14,,,,y
playboard_weekly_all,"35,200,000",UCkLNHZZsC3LKdUAroKNwOOw,13,,,s0ZluR9-OJg,https://www.youtube.com/shorts/s0ZluR9-OJg,He thinks his machine is faster🍎😂,24144529,주간 증가분(누적 하한),2026-08-11,,,,y
playboard_weekly_all,계향쓰 GH'S,UCdrBnBNLsN4_cH32HWbr9qg,28200000,,,jtVBWzECMyg,https://www.youtube.com/shorts/jtVBWzECMyg,To My Best Friend.. - ANIMAL HOSPITAL | ROBLOX ANIMATION,23526140,주간 증가분(누적 하한),2026-08-11,,,,y
playboard_weekly_all,귀여워하는건본능인듯,UCldlevZ_84IKvXVPiv56oMQ,31400,,,vVHf4-oDhXs,https://www.youtube.com/shorts/vVHf4-oDhXs,치과의사 앵무새ㅋㅋ,30883781,주간 증가분(누적 하한),2026-08-07,,,,y
playboard_weekly_all,아톰 sky,UC8lLOpwezh85CzK-gjn0wqw,214000,,,Sd1qRYddcmw,https://www.youtube.com/shorts/Sd1qRYddcmw,개와 고양이,24250914,주간 증가분(누적 하한),2026-04-02,,,,y
playboard_weekly_all,k_table 케이테이블,UCNW7kUwhpfjqZEG8I5cFe4A,2070000,,,WgVwD2XqSm0,https://www.youtube.com/shorts/WgVwD2XqSm0,Rainbow Crepe in Bangkok | Thailand Street Food  🌈#RainbowCrepe #StreetFood #StreetFood  #foodie,22844153,주간 증가분(누적 하한),2026-04-15,,,,y
playboard_weekly_all,줌픽,UCye-xebdxHRHRSWcZWghm8Q,41800,,,F_toLpWW-Ws,https://www.youtube.com/shorts/F_toLpWW-Ws,🔥 3초만에 인싸됐다!,19673926,주간 증가분(누적 하한),2026-04-25,,,,y
playboard_weekly_all,"35,200,000",UCkLNHZZsC3LKdUAroKNwOOw,17,,,IUidQeRPlRY,https://www.youtube.com/shorts/IUidQeRPlRY,When the pillow wipes off her makeup😱😭,23122243,주간 증가분(누적 하한),2026-08-12,,,,y
playboard_weekly_all,DoggyZ,UCguSTWR77ClGXJGJgGSkbhg,304000,,,g6jtxfYK7ak,https://www.youtube.com/shorts/g6jtxfYK7ak,Nokia Just Landed in Australia Rn 😭,68829663,주간 증가분(누적 하한),2026-08-17,,,,y
playboard_weekly_all,뽀로로(Pororo),UCPUeGC_AL-OnDQORKhRm6iA,7990000,,,-C6zSIz7Pko,https://www.youtube.com/shorts/-C6zSIz7Pko,뽀로로와 친구들이 돌로 변했어요!!!!!!! #뽀로로 #pororo #shorts #kids,43114954,주간 증가분(누적 하한),2026-07-04,,,,y
playboard_weekly_all,DoggyZ,UCguSTWR77ClGXJGJgGSkbhg,304000,,,p3SqJhJOuOs,https://www.youtube.com/shorts/p3SqJhJOuOs,#cocacola,35923889,주간 증가분(누적 하한),2026-08-16,,,,y
playboard_weekly_all,Detailing Lab,UC7DkvXWEv-RzJ84nxiLszvw,66700,,,G6z-Gl2i5H8,https://www.youtube.com/shorts/G6z-Gl2i5H8,#worker,32992180,주간 증가분(누적 하한),2026-08-14,,,,y
playboard_weekly_all,곰푸딩,UC90-9N01RTy7tNP5Bi1C6Og,45900,,,aK58MXREfmA,https://www.youtube.com/shorts/aK58MXREfmA,재택근무 허리 통증 끝! 모션데스크 & 회전 등받이 의자 꿀조합 💻,32231271,주간 증가분(누적 하한),2026-08-14,,,,y
playboard_weekly_all,방긋,UC02G2-XNlZ7gv0y2bV4iklA,46200,,,gs4C6_shdSM,https://www.youtube.com/shorts/gs4C6_shdSM,재활용 지붕 시공 : 타이어 고무를 겹쳐 물이 흐르는 면을 구성하는 원리,28636546,주간 증가분(누적 하한),2026-08-18,,,,y
playboard_weekly_all,DoggyZ,UCguSTWR77ClGXJGJgGSkbhg,304000,,,23z6n48mBkw,https://www.youtube.com/shorts/23z6n48mBkw,Pepsi Cooked Coke Too Hard 😭,25468151,주간 증가분(누적 하한),2026-08-21,,,,y
playboard_weekly_all,추석 들판,UC-6GO-hrtZDpMWWuDNEvWnw,42400,,,vCmplAnFWq8,https://www.youtube.com/shorts/vCmplAnFWq8,슬라이드 해머 장작쪼개기 리뷰 & 시연: 도끼 없이 장작을 쪼개는 방법 관성 장작쪼개기,24694931,주간 증가분(누적 하한),2026-07-15,,,,y
playboard_weekly_all,DoggyZ,UCguSTWR77ClGXJGJgGSkbhg,304000,,,i7F-FShqR1U,https://www.youtube.com/shorts/i7F-FShqR1U,#cocacola,23006885,주간 증가분(누적 하한),2026-08-13,,,,y
playboard_weekly_all,안녕! 치앙마이 | annyeong.chiangmai,UCZjroZ0qZ03EPQwZi1pghHA,121000,,,8LScP6M8EAo,https://www.youtube.com/shorts/8LScP6M8EAo,도마뱀과 재밌게 노는 방법 #sketch #도마뱀 뱀,22441417,주간 증가분(누적 하한),2026-08-18,,,,y
playboard_weekly_all,저승이와 친구들,UCFZNmOPjyuxo6RnhqdKZbCw,1590000,,,v7g3oDJ8HUU,https://www.youtube.com/shorts/v7g3oDJ8HUU,저승사자 vs 천사 (7편),93662507,주간 증가분(누적 하한),2026-08-21,,,,y
playboard_weekly_all,DoggyZ,UCguSTWR77ClGXJGJgGSkbhg,304000,,,tdS3RRolFBQ,https://www.youtube.com/shorts/tdS3RRolFBQ,Even Nokia Approved Coca-Cola 🗿,44917079,주간 증가분(누적 하한),2026-08-22,,,,y
playboard_weekly_all,DoggyZ,UCguSTWR77ClGXJGJgGSkbhg,304000,,,HqCigkRV-Wg,https://www.youtube.com/shorts/HqCigkRV-Wg,#cocacola,31903550,주간 증가분(누적 하한),2026-08-24,,,,y
playboard_weekly_all,랄부탁,UCf1r4jfmz6m0GPZ-l-oRvPQ,20200,,,XbaBiNPI8Sc,https://www.youtube.com/shorts/XbaBiNPI8Sc,수중 경화 실란트를 활용한 플라스틱 드럼통 긴급 누수 보수 #worker #process #waterproof #repair #sealant,29497921,주간 증가분(누적 하한),2026-08-24,,,,y
playboard_weekly_all,New Farmer's Journal,UCtBOjxdR6U_yNo7w2ic_M9g,647000,,,4AA-X8ahLIA,https://www.youtube.com/shorts/4AA-X8ahLIA,갯벌에서 낚시도구로 물고기 잡기: 전통과 현대의 만남,28000260,주간 증가분(누적 하한),2026-08-21,,,,y
playboard_weekly_all,DoggyZ,UCguSTWR77ClGXJGJgGSkbhg,304000,,,MGU1srGJ47I,https://www.youtube.com/shorts/MGU1srGJ47I,Pringles Just Cooked Lay's 💀,27942556,주간 증가분(누적 하한),2026-08-25,,,,y
playboard_weekly_all,DoggyZ,UCguSTWR77ClGXJGJgGSkbhg,304000,,,HkjcaoFESvs,https://www.youtube.com/shorts/HkjcaoFESvs,#cocacola,25579114,주간 증가분(누적 하한),2026-08-23,,,,y
playboard_weekly_all,BiteFlix,UClsvy5Rr4puFo1i6VTr9gyw,1130000,,,K_6ks4-Mq98,https://www.youtube.com/shorts/K_6ks4-Mq98,오레오 간식 @BayashiTV_ @ohiofinalboss,24241422,주간 증가분(누적 하한),2026-08-19,,,,y
playboard_weekly_all,DoggyZ,UCguSTWR77ClGXJGJgGSkbhg,304000,,,6NAFaj8PCRE,https://www.youtube.com/shorts/6NAFaj8PCRE,#cocacola,23834187,주간 증가분(누적 하한),2026-08-26,,,,y
playboard_weekly_all,"6,450,000",UCj2RJkSyo6Ud2_nWQAhdsrw,14,,,Snpt7oqfzP4,https://www.youtube.com/shorts/Snpt7oqfzP4,Lil bro yelling at the family 💀 #shorts #robloxanimation #roblox #fypp #memes,23089719,주간 증가분(누적 하한),2026-08-23,,,,y
playboard_weekly_all,minday (Tok Tok Tok),UC8kcoNVywmSIz779MZjGsWQ,1380000,,,x-WudUbeSTI,https://www.youtube.com/shorts/x-WudUbeSTI,바세린이 또 늘어났다 .. #바세린,21968850,주간 증가분(누적 하한),2026-08-22,,,,y
playboard_weekly_all,랭킹김,UCIX0_86eNPB44e3LXQvxoAA,707000,,,5HmSjNxp-yk,https://www.youtube.com/shorts/5HmSjNxp-yk,역대급 시원한 얼음 깨기 랭킹 TOP7 #랭킹 #쇼츠 #웃긴영상,21400951,주간 증가분(누적 하한),2026-05-03,,,,y
playboard_weekly_all,저승이와 친구들,UCFZNmOPjyuxo6RnhqdKZbCw,1590000,,,OUrKdd1iTi0,https://www.youtube.com/shorts/OUrKdd1iTi0,저승사자 vs 천사 (8편),20330336,주간 증가분(누적 하한),2026-08-26,,,,y
playboard_weekly_all,DoggyZ,UCguSTWR77ClGXJGJgGSkbhg,304000,,,aU42lwFqgFs,https://www.youtube.com/shorts/aU42lwFqgFs,Lay's Want to Become a Nokia 💀,34854225,주간 증가분(누적 하한),2026-09-01,,,,y
playboard_weekly_all,내친구 코리리_MY FRIEND KORIRI,UCrRFnxPnra1_6o_jZX9otkg,329000,,,9puSdYiVero,https://www.youtube.com/shorts/9puSdYiVero,코리리 동요 | 응가송 💩  | 코리리와 함께 응가하러 가요! | 신나는 어린이 인기 동요,32149159,주간 증가분(누적 하한),2026-08-28,,,,y
playboard_weekly_all,오!연하 Oh!yeonha,UCbpRgaHobmLkYwC5R-6uRrg,1800000,,,ME3_hAyoZsY,https://www.youtube.com/shorts/ME3_hAyoZsY,손가락으로 추는 디기디기춤?! 이 남자의 퍼포먼스에 빠질 것 같아요.. #digidigi #dance #reaction,31952318,주간 증가분(누적 하한),2026-08-28,,,,y
playboard_weekly_all,minday (Tok Tok Tok),UC8kcoNVywmSIz779MZjGsWQ,1380000,,,PAXe09mDBLI,https://www.youtube.com/shorts/PAXe09mDBLI,🩷 🤎 💛 💚 💙 #포섬,29526423,주간 증가분(누적 하한),2026-08-31,,,,y
playboard_weekly_all,"197,000",UCkChzkW48nj-SNMw_PgdjsQ,7,,,0C7SRgUfpLQ,https://www.youtube.com/shorts/0C7SRgUfpLQ,대왕 만두 말랑이 잠금해제?,28463106,주간 증가분(누적 하한),2026-08-29,,,,y
playboard_weekly_all,minday (Tok Tok Tok),UC8kcoNVywmSIz779MZjGsWQ,1380000,,,5Uj2phhnD-4,https://www.youtube.com/shorts/5Uj2phhnD-4,친구에게 바세린 가르치기,24645491,주간 증가분(누적 하한),2026-09-04,,,,y
playboard_weekly_all,gong jang,UCeGl8D0RPdKc9342ltoEkkQ,33300,,,qJovHOkOrwQ,https://www.youtube.com/shorts/qJovHOkOrwQ,대형 볼트와 너트로 만드는 맞춤형 용접 지그 DIY #worker #process #welding #weldingtools #diy,20233338,주간 증가분(누적 하한),2026-08-30,,,,y
playboard_weekly_all,"35,200,000",UCkLNHZZsC3LKdUAroKNwOOw,12,,,HQ3OGvadZms,https://www.youtube.com/shorts/HQ3OGvadZms,He tried testing her🫙🔝🤔,19415797,주간 증가분(누적 하한),2026-08-29,,,,y
playboard_weekly_all,New Farmer's Journal,UCtBOjxdR6U_yNo7w2ic_M9g,647000,,,I6peq5GGMGA,https://www.youtube.com/shorts/I6peq5GGMGA,얼음 밑에서 송사리 잡기: 한 겨울 농사의 지혜,19313841,주간 증가분(누적 하한),2026-08-27,,,,y
playboard_weekly_all,랭킹공,UC2oP74F0FiE1jWQPy31YUVw,385000,,,cSiJ2XC2Uug,https://www.youtube.com/shorts/cSiJ2XC2Uug,역대급 웃긴 격투 모먼트 랭킹 TOP6 #랭킹 #쇼츠 #웃긴영상,16475740,주간 증가분(누적 하한),2026-08-30,,,,y
playboard_weekly_all,Funtix Korean,UCW_yAbUNrD5q2d86wXyDjLg,110000,,,F-myW9WszBE,https://www.youtube.com/shorts/F-myW9WszBE,"컬러 대결! 골드 vs 핑크, 어느 쪽이 승자일까?",16088150,주간 증가분(누적 하한),2026-09-04,,,,y
playboard_weekly_all,강달달,UC5GEIXkb1S8msefQtTiwXsQ,285000,,,MaLQRdI8MRI,https://www.youtube.com/shorts/MaLQRdI8MRI,5초 안에 찾아보세요! ⏰,16052957,주간 증가분(누적 하한),2026-08-30,,,,y
playboard_weekly_all,개그씨름 해피+,UCmCHhVXJ3uexg9atiU2JNtg,1210000,,,xLHBiI4BobU,https://www.youtube.com/shorts/xLHBiI4BobU,#waterpark #ninjawarriorcourse #水上アスレチック #워터파크,14246887,주간 증가분(누적 하한),2026-08-28,,,,y
playboard_weekly_all,리뷰한수,UCev5yPzp9SLn0r6r93iQwJw,42300,,,a187U3SCGBo,https://www.youtube.com/shorts/a187U3SCGBo,오토바이 체인에 숟가락과 양초를 설치하면 생기는 놀라운 변화,27769561,주간 증가분(누적 하한),2026-08-12,,,,y
playboard_weekly_all,Stoney Choi,UCbwccxERsA8vUT6UGM5WZFA,5060000,,,pUMNV2LoD4U,https://www.youtube.com/shorts/pUMNV2LoD4U,Sea Grapes #challenge,20730535,주간 증가분(누적 하한),2026-09-06,,,,y
playboard_weekly_all,계향쓰 GH'S,UCdrBnBNLsN4_cH32HWbr9qg,28200000,,,mrXvg-PL6m0,https://www.youtube.com/shorts/mrXvg-PL6m0,HOW TO TREAT A PATIENT - ANIMAL HOSPITAL | ROBLOX ANIMATION,18209887,주간 증가분(누적 하한),2026-09-07,,,,y
playboard_weekly_all,김프로KIMPRO,UCiVs2pnGW5mLIc1jS2nxhjg,135000000,,,DLVCQZ5OEIA,https://www.youtube.com/shorts/DLVCQZ5OEIA,#김프로,15710180,주간 증가분(누적 하한),2026-02-26,,,,y
playboard_weekly_all,卵オタク,UCu1ovKQMZ5UiZABgA_1SouA,42000,,,NIkd_MHTEe0,https://www.youtube.com/shorts/NIkd_MHTEe0,虎の檻に飛び込んだ犬飼育員を救うための死闘,15541274,주간 증가분(누적 하한),2026-09-03,,,,y
playboard_weekly_all,옥수수,UCXsmrohIMOBIVZyesWGRB2Q,121000,,,Ww9V6cuCtGg,https://www.youtube.com/shorts/Ww9V6cuCtGg,눈으로 보고도 못 믿는 순간들 (Mind-Blowing Moments You Can't Believe),13146121,주간 증가분(누적 하한),2026-05-24,,,,y
playboard_weekly_all,Daud Kim,UCZvmd8vkAM_oMC_f90vWfag,8310000,,,rBQQDRQa8_k,https://www.youtube.com/shorts/rBQQDRQa8_k,Just for fun 😂,24410981,주간 증가분(누적 하한),2026-09-09,,,,y
playboard_weekly_all,김프로KIMPRO,UCiVs2pnGW5mLIc1jS2nxhjg,135000000,,,B0t38wFwqTs,https://www.youtube.com/shorts/B0t38wFwqTs,엄마의 아이스크림을 몰래 먹고 싶어요,12282648,주간 증가분(누적 하한),2026-09-09,,,,y
playboard_weekly_all,minday (Tok Tok Tok),UC8kcoNVywmSIz779MZjGsWQ,1380000,,,Cg3Oeg3wZBA,https://www.youtube.com/shorts/Cg3Oeg3wZBA,다 같이 바세린,77724270,주간 증가분(누적 하한),2026-09-15,,,,y
playboard_weekly_all,ShotWorks,UCs3GTTa3eMcbX8zmSo6dMZg,257000,,,Uq_efR1oqaY,https://www.youtube.com/shorts/Uq_efR1oqaY,망치 하나로 진행하는 전통 방식의 파이프 고정 공정 #worker #process #hammer #pipe #installation,25495861,주간 증가분(누적 하한),2026-07-23,,,,y
playboard_weekly_all,ShotWorks,UCs3GTTa3eMcbX8zmSo6dMZg,257000,,,pwDkxm5hXlg,https://www.youtube.com/shorts/pwDkxm5hXlg,양식장 물 빼기 및 어류 수확을 위한 둑 파내기 수량 제어 기술 #worker #process #fishfarm #dam #machinery,23099517,주간 증가분(누적 하한),2026-07-28,,,,y
playboard_weekly_all,"467,000",UC_MGm9fzR17Fz41uHpJ6MqA,8,,,ilXLQ7wMzBU,https://www.youtube.com/shorts/ilXLQ7wMzBU,디지몬 아구몬이 나타나는 순간 🧡,21581876,주간 증가분(누적 하한),2026-09-13,,,,y
playboard_weekly_all,저승이와 친구들,UCFZNmOPjyuxo6RnhqdKZbCw,1590000,,,AbM8faxDQLk,https://www.youtube.com/shorts/AbM8faxDQLk,저승사자 vs 천사 (14편),19822994,주간 증가분(누적 하한),2026-09-16,,,,y
playboard_weekly_all,코코비 - 인기 동요・동화,UCCrtIh_OLOrKhD57GLOG9_g,1820000,,,4c-691f-aPs,https://www.youtube.com/shorts/4c-691f-aPs,엄마 아빠가 게임 속에 갇혔어!😱 #shorts,14463030,주간 증가분(누적 하한),2026-09-12,,,,y
playboard_weekly_all,순삭슈퍼,UCIStwI5QfU0nMefh-4owjLg,61500,,,sK7ARfNF3es,https://www.youtube.com/shorts/sK7ARfNF3es,수동 크랭크 지그를 돌려 아연 도금 철사를 지그재그로 꼬아 펜스 그물망을 만드는 전통 와이어 메쉬 제작 공정 #worker #process #tools #craftsmanship,14281376,주간 증가분(누적 하한),2026-07-15,,,,y
playboard_weekly_all,김프로KIMPRO,UCiVs2pnGW5mLIc1jS2nxhjg,135000000,,,5lWm5npQ0cc,https://www.youtube.com/shorts/5lWm5npQ0cc,공중에서 멈추고 싶어요,13925686,주간 증가분(누적 하한),2025-09-18,,,,y
playboard_weekly_all,한국소아암재단,UCxHe91EoyaxPfXoJ3Cg9GCQ,766,,,USMExdL87CI,https://www.youtube.com/shorts/USMExdL87CI,"내일,꿈 캠페인(숏츠 영상)",13495894,주간 증가분(누적 하한),2026-09-18,,,,y
playboard_weekly_all,安国智慧树幼儿,UCL0GXYhZyLzi6i2wP7LAsEA,26300,,,kzRrL8SPtXA,https://www.youtube.com/shorts/kzRrL8SPtXA,老师跳舞叫孩子起床#幼儿教育 #亲子教育#幼儿园里欢乐多 #万能的幼师,12863954,주간 증가분(누적 하한),2026-06-15,,,,y
playboard_weekly_all,심리야놀자,UCPa8eYHB7MjyVGhuGQm574g,68600,,,66VbMV0Fr8o,https://www.youtube.com/shorts/66VbMV0Fr8o,시어머니가 들어오자마자 이불 속으로 숨어버린 며느리,12800544,주간 증가분(누적 하한),2026-07-28,,,,y
playboard_weekly_all,김프로KIMPRO,UCiVs2pnGW5mLIc1jS2nxhjg,135000000,,,IxumJgN6jdI,https://www.youtube.com/shorts/IxumJgN6jdI,음식을 낭비하지 마세요,65721104,주간 증가분(누적 하한),2025-08-23,,,,y
playboard_weekly_all,BiteFlix,UClsvy5Rr4puFo1i6VTr9gyw,1130000,,,UCNhv8ARea0,https://www.youtube.com/shorts/UCNhv8ARea0,Buldak Pasta🍝vs Movie Intro🔥IB:  ‪@BayashiTV_‬    | Clip:  ‪@LionfieldMusic‬,34480693,주간 증가분(누적 하한),2026-09-21,,,,y
playboard_weekly_all,리아차차 LiaChaCha! - 인기동요,UCN8FNNx1f-pe_sXRtkQ1jCw,858000,,,Fi1E25whE_M,https://www.youtube.com/shorts/Fi1E25whE_M,알록달록한 워터볼! 💦🔴🟢🔵🟡 | Pop the Colorful Balls #리아차차 #shorts #liachacha #color,40203443,주간 증가분(누적 하한),2026-02-11,,,,y
playboard_weekly_all,my찐찌 Douyin Makeup,UCckDy-3DD0bd9PiSjLwSAQA,1270000,,,NX12PW1jiR8,https://www.youtube.com/shorts/NX12PW1jiR8,요즘 틱톡에서 유행하는 블러셔 올바르게 바르는 법 #makeuptutorial #makeup,19886464,주간 증가분(누적 하한),2026-09-21,,,,y
playboard_weekly_all,비상금마스터,UCRHK6_tyg8WDy__gHkohV8A,1090000,,,MYuir3G1YM8,https://www.youtube.com/shorts/MYuir3G1YM8,मोटू ने बनाया चिंटू के लिए उड़ने वाला हेलीकॉप्टर🤯! ‪@CrazyXYZ‬ #viral #shorts,19218078,주간 증가분(누적 하한),2024-02-10,,,,y
playboard_weekly_all,구름유머,UCiZ2Zu9tEt8XSZAaMeW6cGQ,70400,,,W_qCR9wx6Sc,https://www.youtube.com/shorts/W_qCR9wx6Sc,사람같은 나무늘보 ㅋㅋㅋ,19007417,주간 증가분(누적 하한),2026-07-29,,,,y
playboard_weekly_all,LG Global,UC2SIWgqcys7Gcb6JxsFTm1Q,483000,,,Sf06qyqY-xU,https://www.youtube.com/shorts/Sf06qyqY-xU,LG 워시타워 AI로 일상의 여유를 찾으세요 | Life's Good | LG,16973892,주간 증가분(누적 하한),2026-08-21,,,,y
playboard_weekly_all,"870,000",UCRVJiXOntnP87a21y7L0VtQ,14,,,-1HsBYviJ1g,https://www.youtube.com/shorts/-1HsBYviJ1g,The guy got into a pool made of lipstick 💄😂,16076223,주간 증가분(누적 하한),2026-09-24,,,,y
playboard_weekly_all,저승이와 친구들,UCFZNmOPjyuxo6RnhqdKZbCw,1590000,,,o6UFy3rsmZg,https://www.youtube.com/shorts/o6UFy3rsmZg,저승사자 vs 천사 (15편),14251688,주간 증가분(누적 하한),2026-09-21,,,,y
playboard_weekly_all,콩순이 Kongsuni,UC3sCmmMaM383cjv1jNdiU2w,6000000,,,GGVsrrWVRw0,https://www.youtube.com/shorts/GGVsrrWVRw0,콩콩! 색깔 팝잇을 밟으며 뛰어봐요!!😁ㅣ콩순이랑 배워요 시즌2ㅣ#색칠 #색칠놀이 #색깔 #색깔놀이,13297025,주간 증가분(누적 하한),2026-03-29,,,,y
playboard_weekly_all,김프로KIMPRO,UCiVs2pnGW5mLIc1jS2nxhjg,135000000,,,h0ghFXOtBhM,https://www.youtube.com/shorts/h0ghFXOtBhM,Watching Too Much Spider-Man 😂❤️🕷,19577308,주간 증가분(누적 하한),2026-09-27,,,,y
playboard_weekly_all,팜다이어리,UCYIDWyIcaw_KnC9hjyrp_lg,26300,,,N-jI5XT6qlU,https://www.youtube.com/shorts/N-jI5XT6qlU,소가 움직이자 축사 문이 사람 쪽으로,11699661,주간 증가분(누적 하한),2026-09-21,,,,y
playboard_weekly_all,즐겁개 함께해옹,UCgBUQm7UaEewj6EQLTlPvZA,235000,,,wavY2XMGunQ,https://www.youtube.com/shorts/wavY2XMGunQ,매일 싸움거는 강아지에게 주인 훈육보다.. 더 무서운 것,11631357,주간 증가분(누적 하한),2026-09-17,,,,y
playboard_weekly_all,귀여움할당제,UCDq8DReBjIVxkzPaWReSzkw,58700,,,vxauQDUVbFE,https://www.youtube.com/shorts/vxauQDUVbFE,평화로운 육아? 제 사전엔 없습니다 2탄,9915664,주간 증가분(누적 하한),2026-09-22,,,,y
playboard_weekly_all,김프로KIMPRO,UCiVs2pnGW5mLIc1jS2nxhjg,135000000,,,7sVUGpx9waw,https://www.youtube.com/shorts/7sVUGpx9waw,#김프로,19561377,주간 증가분(누적 하한),2024-09-05,,,,y
playboard_weekly_all,남진 Douyin Makeup,UClcSZi2W0ju8Aeo1XDxqB_A,4790000,,,my4I5OW-Qvg,https://www.youtube.com/shorts/my4I5OW-Qvg,피부 미백에 미친자의 개하얘진 방법... #shorts,16486390,주간 증가분(누적 하한),2026-06-06,,,,y
playboard_weekly_all,호기! 핑크퐁 - 놀면서 배워요,UCJlNBdRJPnxsHjdaTNEqmOg,5570000,,,Qop0yEA81FM,https://www.youtube.com/shorts/Qop0yEA81FM,으악! 좀비 호기다! 🧟 #할로윈 #shorts,14977312,주간 증가분(누적 하한),2026-09-22,,,,y
playboard_weekly_all,키키팝팝 - 냥냥! 멍멍! 키즈 인기 동요,UCIu-nhU37Tiqj-KjppUJ7Hg,130000,,,K0zh4mESWW8,https://www.youtube.com/shorts/K0zh4mESWW8,"😱 ""질투질투 질투가 나"" 😭 그래도 내 동생 사랑해! 💕 #shorts #키키팝팝",14612786,주간 증가분(누적 하한),2026-09-27,,,,y
playboard_weekly_all,Dana Kim,UCMOXGS8IdhGd77_iNRi_dRQ,125000,,,XU51a5o4vdk,https://www.youtube.com/shorts/XU51a5o4vdk,What about in your country?😂 Korean parents be like..🇰🇷 #korea #korean,14021143,주간 증가분(누적 하한),2026-09-26,,,,y
playboard_weekly_all,DoggyZ,UCguSTWR77ClGXJGJgGSkbhg,304000,,,YuFgWB1iso4,https://www.youtube.com/shorts/YuFgWB1iso4,LEGO Really Chose That Name 😭,12952138,주간 증가분(누적 하한),2026-10-01,,,,y
playboard_weekly_all,오!연하 Oh!yeonha,UCbpRgaHobmLkYwC5R-6uRrg,1800000,,,9qR-UHAvuOg,https://www.youtube.com/shorts/9qR-UHAvuOg,바다 앞에서 한호흡챌린지?! 이번엔 끝까지 성공할 수 있을까 ㅋㅋㅋ #dahye #한호흡챌린지 #reaction,12717978,주간 증가분(누적 하한),2026-09-29,,,,y
playboard_weekly_all,김프로KIMPRO,UCiVs2pnGW5mLIc1jS2nxhjg,135000000,,,KJ0967ksPz0,https://www.youtube.com/shorts/KJ0967ksPz0,제대로 부어 주세요,12346108,주간 증가분(누적 하한),2026-10-03,,,,y
playboard_weekly_all,페비쵸비,UCrWQXiNnlyFutDGLJSAFDaw,147000,,,buw90NHIUDU,https://www.youtube.com/shorts/buw90NHIUDU,결혼하고 싶게 만드는 영상                                                                   #도로롱 #페비 #플로로 #구구가가,12134639,주간 증가분(누적 하한),2026-09-28,,,,y
playboard_weekly_comedy,SEUNGJAENIM 승재님,UC3VtfhlySbsmb_O7yImh35Q,474000,,,jVHYOHsLlUs,https://www.youtube.com/shorts/jVHYOHsLlUs,자기방어,7588444,주간 증가분(누적 하한),2026-05-30,,,,y
playboard_weekly_comedy,개그씨름 해피+,UCmCHhVXJ3uexg9atiU2JNtg,1210000,,,MwgCPJiBuNo,https://www.youtube.com/shorts/MwgCPJiBuNo,She absolutely crushed this water obstacle course! 🤯🏆 #WaterObstacleCourse,7462165,주간 증가분(누적 하한),2026-07-18,,,,y
playboard_weekly_comedy,키융 Keeyong,UCBxqdpITZJ_n_QImRwsDm6g,3270000,,,g-UN3fU35T8,https://www.youtube.com/shorts/g-UN3fU35T8,너는 나를 믿을 수 없어 #shorts,6870258,주간 증가분(누적 하한),2026-07-23,,,,y
playboard_weekly_comedy,FUNNYHOUZ,UCa8wSM8ycJAK64MLHwkosAQ,41000,,,wVlLzWH31X0,https://www.youtube.com/shorts/wVlLzWH31X0,오열하는 나영석 숨쉬듯 웃기는 윤경호 #윤경호 #나영석 #예능 #코미디,6654030,주간 증가분(누적 하한),2026-08-02,,,,y
playboard_weekly_comedy,아기두지,UCJpTwqq95piG3uKy1xSiZ4g,55700,,,9KEVnBTP4mk,https://www.youtube.com/shorts/9KEVnBTP4mk,올리브영이 너무 어려운 러시아 남자들,5949983,주간 증가분(누적 하한),2026-08-04,,,,y
playboard_weekly_comedy,일분일초,UCF24NMvY6K0wUUaRR2jscQA,464000,,,kVvWBVipstU,https://www.youtube.com/shorts/kVvWBVipstU,현재 나락 갈 뻔했다는 홀란드 근황,5777167,주간 증가분(누적 하한),2026-07-31,,,,y
playboard_weekly_comedy,Олег Ким,UCNcnpXLLeDXL8MAxJULtqzA,3150000,,,W0OPkb7m0_c,https://www.youtube.com/shorts/W0OPkb7m0_c,Тан Юйси расчёсывает младшую сестру,5667000,주간 증가분(누적 하한),2026-08-05,,,,y
playboard_weekly_comedy,아보카도지사,UCZpS1rX1FfNeu4JF-RDsjMg,52900,,,qHgMqHXf1L0,https://www.youtube.com/shorts/qHgMqHXf1L0,폼 미쳤다는 바이크 세차 방법,4978354,주간 증가분(누적 하한),2026-07-06,,,,y
playboard_weekly_comedy,쇼츠라이트,UC3atRu_fOKNvSSTlvjQ0tnA,59900,,,9QnGVuVMm5o,https://www.youtube.com/shorts/9QnGVuVMm5o,짬밥이 거의 부장급인 신인가수 ㅋㅋㅋㅋㅋㅋ,4933410,주간 증가분(누적 하한),2026-07-30,,,,y
playboard_weekly_comedy,모르면개손해,UCpBpsIYfgEe2s-zazZ643xw,366000,,,3FLxcz03uNI,https://www.youtube.com/shorts/3FLxcz03uNI,개강부터 기강 잡던 교수님의 정체,4929646,주간 증가분(누적 하한),2026-08-02,,,,y
playboard_weekly_comedy,지식줄고양,UCPDKAhacqpqmP7aXWem3_Jg,927000,,,R0RelIIvBtA,https://www.youtube.com/shorts/R0RelIIvBtA,와인잔을 뒤집지 않고 전부 마시면 10만원 (나한테),4710221,주간 증가분(누적 하한),2026-08-02,,,,y
playboard_weekly_comedy,개뜬금개,UCddDjy6GhAMAYePUG5kHAug,31600,,,uxB4kr0gubc,https://www.youtube.com/shorts/uxB4kr0gubc,이효리가 어색해 하는 유일한 상대 ㅋㅋㅋ,4489487,주간 증가분(누적 하한),2026-07-31,,,,y
playboard_weekly_comedy,Олег Ким,UCNcnpXLLeDXL8MAxJULtqzA,3150000,,,YGdzQ72BlZU,https://www.youtube.com/shorts/YGdzQ72BlZU,Гэ Мочжао отвлекают,4486695,주간 증가분(누적 하한),2026-08-04,,,,y
playboard_weekly_comedy,일분일초,UCF24NMvY6K0wUUaRR2jscQA,464000,,,8le_fR4NWMc,https://www.youtube.com/shorts/8le_fR4NWMc,보도블럭만 보고 위치를 추적한 유튜버,4424338,주간 증가분(누적 하한),2026-08-03,,,,y
playboard_weekly_comedy,마블링,UCdp6cBoQXV_XWMDf4amCC8Q,56100,,,x_hrRoTkrz0,https://www.youtube.com/shorts/x_hrRoTkrz0,마블 제작진이 톰 홀랜드에게만 거짓말 한 이유,4066722,주간 증가분(누적 하한),2026-06-05,,,,y
playboard_weekly_comedy,Олег Ким,UCNcnpXLLeDXL8MAxJULtqzA,3150000,,,FlvSdaz8otw,https://www.youtube.com/shorts/FlvSdaz8otw,Тан Юйси ищет младшую сестру,3959298,주간 증가분(누적 하한),2026-08-06,,,,y
playboard_weekly_comedy,존잼덕쿠,UCHcoII1sWHXhatIoEZRyp8g,4860,,,0P3XA0LsEGg,https://www.youtube.com/shorts/0P3XA0LsEGg,한때 논란이었던 유세윤 배우의 면치기 #유세윤 #예능 #예능레전드,3956498,주간 증가분(누적 하한),2026-08-03,,,,y
playboard_weekly_comedy,Олег Ким,UCNcnpXLLeDXL8MAxJULtqzA,3150000,,,Qthquo-G7Ow,https://www.youtube.com/shorts/Qthquo-G7Ow,Лао Шижэнь хочет борща,3753168,주간 증가분(누적 하한),2026-08-03,,,,y
playboard_weekly_comedy,애니타임 스토리,UCf6rOn9oohstgyGGpmP_hyQ,31200,,,Pn7lDVvcU3w,https://www.youtube.com/shorts/Pn7lDVvcU3w,애스_배달하러 갔다가 수어로 길 찾은 썰 #청설 #홍경 #수어,3688696,주간 증가분(누적 하한),2026-08-01,,,,y
playboard_weekly_comedy,Олег Ким,UCNcnpXLLeDXL8MAxJULtqzA,3150000,,,8bcgCRWzxh0,https://www.youtube.com/shorts/8bcgCRWzxh0,"Чжоу Чжоу прокатилась на горке, часть первая",7737763,주간 증가분(누적 하한),2026-08-10,,,,y
playboard_weekly_comedy,말랑박스,UCagSSh4tXxrZ1p8VCqDt9JQ,83500,,,sktZcDJcIfE,https://www.youtube.com/shorts/sktZcDJcIfE,공포의 목욕시간 ㅋㅋㅋ,7282770,주간 증가분(누적 하한),2026-08-07,,,,y
playboard_weekly_comedy,헐 진짜?,UCtQ42Tl5KEq-khfGYFlLj4Q,31100,,,4AtIkgHx8d4,https://www.youtube.com/shorts/4AtIkgHx8d4,450일 동안 피자 먹은 청년,6330123,주간 증가분(누적 하한),2026-08-10,,,,y
playboard_weekly_comedy,지식줄고양,UCPDKAhacqpqmP7aXWem3_Jg,927000,,,aCRvQq4nOn4,https://www.youtube.com/shorts/aCRvQq4nOn4,바닷가에선 이거 꼭 해야 한다던데 (우리 가족만),5013011,주간 증가분(누적 하한),2026-08-09,,,,y
playboard_weekly_comedy,Олег Ким,UCNcnpXLLeDXL8MAxJULtqzA,3150000,,,Ip__fq4UErI,https://www.youtube.com/shorts/Ip__fq4UErI,Тан Юйси собрала фрукты,4916074,주간 증가분(누적 하한),2026-08-12,,,,y
playboard_weekly_comedy,일분일초,UCF24NMvY6K0wUUaRR2jscQA,464000,,,boILykahMB0,https://www.youtube.com/shorts/boILykahMB0,1000만 유튜버도 놀란 삼성 초고가 폰 내구성,4846828,주간 증가분(누적 하한),2026-08-11,,,,y
playboard_weekly_comedy,Олег Ким,UCNcnpXLLeDXL8MAxJULtqzA,3150000,,,Y3nVPWUEC0k,https://www.youtube.com/shorts/Y3nVPWUEC0k,Цзай Цзай получила бесплатный ужин,4626494,주간 증가분(누적 하한),2026-08-09,,,,y
playboard_weekly_comedy,Олег Ким,UCNcnpXLLeDXL8MAxJULtqzA,3150000,,,cbqTI50NsBw,https://www.youtube.com/shorts/cbqTI50NsBw,Ван Дэфа везет своих сестёр,4134323,주간 증가분(누적 하한),2026-08-09,,,,y
playboard_weekly_comedy,헐 진짜?,UCtQ42Tl5KEq-khfGYFlLj4Q,31100,,,Mze9fXFnUAQ,https://www.youtube.com/shorts/Mze9fXFnUAQ,아빠 앞에서 하면 안 되는 행동,3650697,주간 증가분(누적 하한),2026-08-11,,,,y
playboard_weekly_comedy,키융 Keeyong,UCBxqdpITZJ_n_QImRwsDm6g,3270000,,,v5D4pStztaU,https://www.youtube.com/shorts/v5D4pStztaU,난 내 리코더를 사랑해 #shorts,3352648,주간 증가분(누적 하한),2026-08-14,,,,y
playboard_weekly_comedy,더모먼트,UCtnDB2FIZZev0szx4Wnbqyg,8440,,,yVldCdXiC8M,https://www.youtube.com/shorts/yVldCdXiC8M,20년전에도 레전드였던 장도연,3272877,주간 증가분(누적 하한),2026-08-06,,,,y
playboard_weekly_comedy,예능꿀냥,UCS6A5YoiSXKuMvx6EwNM9kg,20900,,,FC0niQtsCwc,https://www.youtube.com/shorts/FC0niQtsCwc,이제 김남길 얼굴만 봐도 웃김ㅋㅋㅋ #김남길 #전미도 #비비고,3266029,주간 증가분(누적 하한),2026-08-13,,,,y
playboard_weekly_comedy,샤크상품,UCJagmllMQRbSOzqYubSuR1w,8700,,,4WiioHABLuc,https://www.youtube.com/shorts/4WiioHABLuc,7억원 투자를 한순간에 판단으로 날려버린 이유,3174221,주간 증가분(누적 하한),2026-08-12,,,,y
playboard_weekly_comedy,Олег Ким,UCNcnpXLLeDXL8MAxJULtqzA,3150000,,,Ee80qTyLZ4Y,https://www.youtube.com/shorts/Ee80qTyLZ4Y,Сяо Кала учит младшего брата не пить колу,3142806,주간 증가분(누적 하한),2026-08-12,,,,y
playboard_weekly_comedy,Олег Ким,UCNcnpXLLeDXL8MAxJULtqzA,3150000,,,57nQhJyI66s,https://www.youtube.com/shorts/57nQhJyI66s,Младшая сестра Тан Юйси зарабатывает лояльность мамы,3021760,주간 증가분(누적 하한),2026-08-10,,,,y
playboard_weekly_comedy,지식줄고양,UCPDKAhacqpqmP7aXWem3_Jg,927000,,,QSNtH-AbfAM,https://www.youtube.com/shorts/QSNtH-AbfAM,복숭아의 뽀얀 속살 (이거 진짜 될까?),3014663,주간 증가분(누적 하한),2026-08-12,,,,y
playboard_weekly_comedy,Олег Ким,UCNcnpXLLeDXL8MAxJULtqzA,3150000,,,teIcCXWZZC4,https://www.youtube.com/shorts/teIcCXWZZC4,"Чжоу Чжоу прокатилась на горке, часть вторая",2964948,주간 증가분(누적 하한),2026-08-11,,,,y
playboard_weekly_comedy,Олег Ким,UCNcnpXLLeDXL8MAxJULtqzA,3150000,,,pvrn5LS5YCs,https://www.youtube.com/shorts/pvrn5LS5YCs,"Чжоу Чжоу принесла домой матрас для тренировок, часть первая",2959811,주간 증가분(누적 하한),2026-08-12,,,,y
playboard_weekly_comedy,Олег Ким,UCNcnpXLLeDXL8MAxJULtqzA,3150000,,,x_BhqCsUg6w,https://www.youtube.com/shorts/x_BhqCsUg6w,Янь Чжэнь хочет покушать,8238091,주간 증가분(누적 하한),2026-08-16,,,,y
playboard_weekly_comedy,Олег Ким,UCNcnpXLLeDXL8MAxJULtqzA,3150000,,,gYj4CA6YJDQ,https://www.youtube.com/shorts/gYj4CA6YJDQ,"Чжоу Чжоу вернулась в бассейн, часть вторая",7295309,주간 증가분(누적 하한),2026-08-18,,,,y
playboard_weekly_comedy,지식줄고양,UCPDKAhacqpqmP7aXWem3_Jg,927000,,,yrsze5ciiSk,https://www.youtube.com/shorts/yrsze5ciiSk,가짜 판별법이라길래 해봤는데 놀라운 결과가 나왔습니다 ㄷㄷ,6423170,주간 증가분(누적 하한),2026-08-18,,,,y
playboard_weekly_comedy,Олег Ким,UCNcnpXLLeDXL8MAxJULtqzA,3150000,,,xNfqOy7Y6A4,https://www.youtube.com/shorts/xNfqOy7Y6A4,Лю Шици на фестивале воды,6049126,주간 증가분(누적 하한),2026-08-17,,,,y
playboard_weekly_comedy,키융 Keeyong,UCBxqdpITZJ_n_QImRwsDm6g,3270000,,,EJ4vf8BZhII,https://www.youtube.com/shorts/EJ4vf8BZhII,내 어린이용 칫솔을 사랑해 #shorts,5393909,주간 증가분(누적 하한),2026-08-20,,,,y
playboard_weekly_comedy,키융 Keeyong,UCBxqdpITZJ_n_QImRwsDm6g,3270000,,,Fl1_5W8WH-8,https://www.youtube.com/shorts/Fl1_5W8WH-8,난 내 할아버지를 사랑해 #shorts,4086540,주간 증가분(누적 하한),2026-08-19,,,,y
playboard_weekly_comedy,SEUNGJAENIM 승재님,UC3VtfhlySbsmb_O7yImh35Q,474000,,,D_7PMRHruOw,https://www.youtube.com/shorts/D_7PMRHruOw,lmao😂 ‪@BeatboxJCOP‬,3978465,주간 증가분(누적 하한),2026-08-13,,,,y
playboard_weekly_comedy,시니어왕왕,UC7VTUX-fAI9so6liIMEKL4g,17700,,,7XFpvfksu4c,https://www.youtube.com/shorts/7XFpvfksu4c,잘생긴 사람 봤을 때 나도 모르게 나오는 찐반응,3876854,주간 증가분(누적 하한),2026-08-12,,,,y
playboard_weekly_comedy,밈슐랭guide,UCjMyadoeP4Gj0EL1z1W9D7Q,51600,,,IlP1uAgQK-c,https://www.youtube.com/shorts/IlP1uAgQK-c,2PM 닉쿤 왕따설의 진실,3851513,주간 증가분(누적 하한),2026-07-31,,,,y
playboard_weekly_comedy,깃털유머,UCBtHH4sZ7t0M5UYd6vWVqTA,858000,,,q-RFX-QC90g,https://www.youtube.com/shorts/q-RFX-QC90g,와.. 이걸 어떻게 구했냐 ㅋㅋㅋㅋㅋㅋㅋ,3391647,주간 증가분(누적 하한),2026-08-15,,,,y
playboard_weekly_comedy,osomartyn,UCHSCPMMcTmHnFFczqZwOcgQ,151000,,,wzXzeUAK2nE,https://www.youtube.com/shorts/wzXzeUAK2nE,우리가 끝낼 기회조차 갖기 전에 끝나버렸어요 #웃음 #재미 #일상브이로그 #유머 #관점 #웃긴영상 #시골생활,3326203,주간 증가분(누적 하한),2026-08-13,,,,y
playboard_weekly_comedy,키융 Keeyong,UCBxqdpITZJ_n_QImRwsDm6g,3270000,,,P3sAm4_Hrbg,https://www.youtube.com/shorts/P3sAm4_Hrbg,난 내 공주님 칫솔을 사랑해 #shorts,3203505,주간 증가분(누적 하한),2026-08-21,,,,y
playboard_weekly_comedy,아보카도지사,UCZpS1rX1FfNeu4JF-RDsjMg,52900,,,kFdVBtwNCUs,https://www.youtube.com/shorts/kFdVBtwNCUs,어머 깜짝이야,3176602,주간 증가분(누적 하한),2026-07-31,,,,y
playboard_weekly_comedy,허송세월(SHORTS FUNNY),UCozHQ7ja5o6_DJok7vrNHxA,24600,,,ok3sMmg77EU,https://www.youtube.com/shorts/ok3sMmg77EU,1초후.. 낚인 건 엄청난 월척?? 🤣 #memes #fishing #gag #funnyvideo,3655851,주간 증가분(누적 하한),2026-08-05,,,,y
playboard_weekly_comedy,Олег Ким,UCNcnpXLLeDXL8MAxJULtqzA,3150000,,,OKr3g1eMwLA,https://www.youtube.com/shorts/OKr3g1eMwLA,Цинь Цинь на рынке,8752809,주간 증가분(누적 하한),2026-08-24,,,,y
playboard_weekly_comedy,아아한잔,UCB182u-4lXYNHRgOwKe0NUg,92400,,,9RuNch7PmP4,https://www.youtube.com/shorts/9RuNch7PmP4,이클립스에 사이다를 부었더니..,8297452,주간 증가분(누적 하한),2026-08-26,,,,y
playboard_weekly_comedy,これ何,UCD-wVVfgHpCD3_w4wcrxnMg,40599,,,48qmDqrOgig,https://www.youtube.com/shorts/48qmDqrOgig,トランクに押し込まれた友達を救ったまさかの神対応 #shorts #誘拐未遂 #衝撃映像,6479845,주간 증가분(누적 하한),2026-08-26,,,,y
playboard_weekly_comedy,Short Dopamine,UCc2yFZuH9ZfB6PbI3AVkLsA,50199,,,IwuL6X3I0ZQ,https://www.youtube.com/shorts/IwuL6X3I0ZQ,너무 더워서 고장 나버린 동물들 모음,6312492,주간 증가분(누적 하한),2026-08-25,,,,y
playboard_weekly_comedy,Олег Ким,UCNcnpXLLeDXL8MAxJULtqzA,3150000,,,a4x-aRvrfNs,https://www.youtube.com/shorts/a4x-aRvrfNs,Чэнь Дапан показывает мастер-класс,6136018,주간 증가분(누적 하한),2026-08-22,,,,y
playboard_weekly_comedy,Олег Ким,UCNcnpXLLeDXL8MAxJULtqzA,3150000,,,_Ase-cwG8ls,https://www.youtube.com/shorts/_Ase-cwG8ls,Чжоу Ян хочет арбуз,5774003,주간 증가분(누적 하한),2026-08-25,,,,y
playboard_weekly_comedy,차원장,UC6HrDUkhRfPIkpdvfv1wBkA,2440000,,,_XmGmiglX0Y,https://www.youtube.com/shorts/_XmGmiglX0Y,그리워 | 동물병원 | 차원장 로블록스 애니메이션,5137807,주간 증가분(누적 하한),2026-08-24,,,,y
playboard_weekly_comedy,Олег Ким,UCNcnpXLLeDXL8MAxJULtqzA,3150000,,,cYT4qrUE3qM,https://www.youtube.com/shorts/cYT4qrUE3qM,Младшая сестра Тан Юйси хочет тортик,4578561,주간 증가분(누적 하한),2026-08-24,,,,y
playboard_weekly_comedy,썰만개,UCG_MayNg28hEugGzggrFkAg,21400,,,JElfNUb7s18,https://www.youtube.com/shorts/JElfNUb7s18,전 남친들 앞에서 보여준 제니의 소름 돋는 무대 매너 ㄷㄷ #제니 #블랙핑크 #jennie,3965366,주간 증가분(누적 하한),2026-08-24,,,,y
playboard_weekly_comedy,댕소리,UCXeaFl6jdypguoAiCD4UojA,101000,,,pxM-zkRRWcQ,https://www.youtube.com/shorts/pxM-zkRRWcQ,강형욱도 처음 보는 견종 #강형욱,3866518,주간 증가분(누적 하한),2026-08-23,,,,y
playboard_weekly_comedy,평양냉면,UC8QdDi9llqSdU90xRWzSJQw,44900,,,JQ1LKq8WsJU,https://www.youtube.com/shorts/JQ1LKq8WsJU,어째선지 ‘눈물나는’ 한국인의 위치 추적 어플?ㅋㅋㅋ아이고..,3667865,주간 증가분(누적 하한),2026-08-25,,,,y
playboard_weekly_comedy,Олег Ким,UCNcnpXLLeDXL8MAxJULtqzA,3150000,,,Pe-JEyl2oQ8,https://www.youtube.com/shorts/Pe-JEyl2oQ8,Младшая сестра Тан Юйси хочет накраситься,3602074,주간 증가분(누적 하한),2026-08-25,,,,y
playboard_weekly_comedy,금쪽이클라스,UCs9Pv_2v7iqNPLeT8kkq-sA,16000,,,gU_kwO5WdTs,https://www.youtube.com/shorts/gU_kwO5WdTs,전복 직전 30톤 트럭을 밀어 살린 트럭,14062367,주간 증가분(누적 하한),2026-08-24,,,,y
playboard_weekly_comedy,콩자반,UCyf4q13Nz0XhsjZ0RO7zAPw,22400,,,mGHs1NhvqNk,https://www.youtube.com/shorts/mGHs1NhvqNk,오프리쉬 신고하면 벌어지는 일,3537746,주간 증가분(누적 하한),2026-08-24,,,,y
playboard_weekly_comedy,리얼월드,UCVhl4dtYBSCLUWwzlWq6wpA,33200,,,J_H6SPT9VRQ,https://www.youtube.com/shorts/J_H6SPT9VRQ,몸 값￼ 1위 투수의 필수 루틴,3422117,주간 증가분(누적 하한),2026-08-21,,,,y
playboard_weekly_comedy,컨츄리스토리 (Country Story),UCHjtJMcmvefvO7BQhKItkfw,28100,,,HOc1HEIttvM,https://www.youtube.com/shorts/HOc1HEIttvM,난폭운전 커플의 최후,8455036,주간 증가분(누적 하한),2026-08-29,,,,y
playboard_weekly_comedy,썰로별,UCtI10h_MLO1DHNa2JPKg8dA,97800,,,JirGHbvZV4s,https://www.youtube.com/shorts/JirGHbvZV4s,후진국이 발전하기 어려운 이유,5931138,주간 증가분(누적 하한),2026-08-31,,,,y
playboard_weekly_comedy,윤정한 너로 정한다,UCeeEjvHE2Ah1IUhgdQNFOGg,55800,,,_0jR0Bd1PhY,https://www.youtube.com/shorts/_0jR0Bd1PhY,실시간으로 불안형이 되는 세븐틴 디노,5079899,주간 증가분(누적 하한),2026-08-23,,,,y
playboard_weekly_comedy,숏박스,UC1B6SalAoiJD7eHfMUA9QrA,4030000,,,h9h3GwYDV_w,https://www.youtube.com/shorts/h9h3GwYDV_w,노래방 진상 주의보,4346830,주간 증가분(누적 하한),2026-08-30,,,,y
playboard_weekly_comedy,Олег Ким,UCNcnpXLLeDXL8MAxJULtqzA,3150000,,,6wnNn28Y7A8,https://www.youtube.com/shorts/6wnNn28Y7A8,Най Сюндэ встала на весы,4279656,주간 증가분(누적 하한),2026-09-01,,,,y
playboard_weekly_comedy,키융 Keeyong,UCBxqdpITZJ_n_QImRwsDm6g,3270000,,,63943Ybw-p4,https://www.youtube.com/shorts/63943Ybw-p4,난 빵 없는 콘도그를 사랑해 #shorts,3326433,주간 증가분(누적 하한),2026-09-02,,,,y
playboard_weekly_comedy,더모먼트,UCtnDB2FIZZev0szx4Wnbqyg,8440,,,BYYUbYOlOkI,https://www.youtube.com/shorts/BYYUbYOlOkI,고우림과 김연아의 연애부터 결혼까지,3294569,주간 증가분(누적 하한),2026-09-01,,,,y
playboard_weekly_comedy,예능꿀냥,UCS6A5YoiSXKuMvx6EwNM9kg,20900,,,a3YPi3boCQU,https://www.youtube.com/shorts/a3YPi3boCQU,얼굴이 너무 예쁘면 생기는 일 #김지영 #배성재 #미연 #카더가든 #장성규 #고준희,3254754,주간 증가분(누적 하한),2026-08-12,,,,y
playboard_weekly_comedy,썰만개,UCG_MayNg28hEugGzggrFkAg,21400,,,0Qe9I05usmI,https://www.youtube.com/shorts/0Qe9I05usmI,고척돔 5만 명 단체로 뇌정지 오게 만든 충격적인 블랙핑크 지수 무대 ㄷㄷ,3247670,주간 증가분(누적 하한),2026-09-03,,,,y
playboard_weekly_comedy,천만영화,UCNZXbvpXA537nIMRG0EJI_w,19200,,,_M-MWU3sl-M,https://www.youtube.com/shorts/_M-MWU3sl-M,격식 차리지 않는 상견례가 보기 좋은 이유 #스케치코미디,3218247,주간 증가분(누적 하한),2026-08-31,,,,y
playboard_weekly_comedy,사투리갬성,UCkDKCXXPip-rff3ikbe1zjg,86400,,,ROIuaqeFja4,https://www.youtube.com/shorts/ROIuaqeFja4,기장님이 스타가 된 이유 ㅋㅋ,8979493,주간 증가분(누적 하한),2026-09-03,,,,y
playboard_weekly_comedy,지식줄고양,UCPDKAhacqpqmP7aXWem3_Jg,927000,,,S3-TrXcc9wI,https://www.youtube.com/shorts/S3-TrXcc9wI,요즘 일본애들이 공부 잘하는 이유 (아님),3155865,주간 증가분(누적 하한),2026-09-02,,,,y
playboard_weekly_comedy,가나쌍둥이GHANATWINS,UC9sKsado8YOC8J52g6yu4Tw,667000,,,Z6bbi5onR5Q,https://www.youtube.com/shorts/Z6bbi5onR5Q,이런 꿈 꾸고 있다,3119238,주간 증가분(누적 하한),2026-01-25,,,,y
playboard_weekly_comedy,개판일분전,UCQdcvlJsjw2SCUF6e4-w-zw,24500,,,UV7eFR16kgE,https://www.youtube.com/shorts/UV7eFR16kgE,스파이더 센서가 발동되면 TOP5,2994695,주간 증가분(누적 하한),2026-08-29,,,,y
playboard_weekly_comedy,WOOJUN,UCMqTPBIcrhhrbtkoUBndUHg,1170000,,,twLD3HwR0Ws,https://www.youtube.com/shorts/twLD3HwR0Ws,남자라면 이렇게 먹어야지,9253929,주간 증가분(누적 하한),2026-09-06,,,,y
playboard_weekly_comedy,썰만개,UCG_MayNg28hEugGzggrFkAg,21400,,,UdRgr4q02dI,https://www.youtube.com/shorts/UdRgr4q02dI,블랙핑크 제니 말 한마디에 글로벌 잭팟 터졌다는 한국 중소기업 ㄷㄷ,5786391,주간 증가분(누적 하한),2026-09-07,,,,y
playboard_weekly_comedy,지식줄고양,UCPDKAhacqpqmP7aXWem3_Jg,927000,,,k5Kkyh3sSgs,https://www.youtube.com/shorts/k5Kkyh3sSgs,일본에서 먹은 계란이 가짜였다길래 직접 구워봤습니다 ㄷㄷ,4646939,주간 증가분(누적 하한),2026-09-05,,,,y
playboard_weekly_comedy,별헤는쏭,UC8kUhnLhegPKhYljZ3MXr4g,22200,,,_WLN4wnVbF8,https://www.youtube.com/shorts/_WLN4wnVbF8,아들아 오랜만에 시소 함 타자 ㅋㅋ,4392335,주간 증가분(누적 하한),2026-09-03,,,,y
playboard_weekly_comedy,콩만이,UCG0ahKU9wEtCmp_IoJapg9A,51000,,,hZ-L5IbWfqY,https://www.youtube.com/shorts/hZ-L5IbWfqY,대본도 필요 없었던 전설의 식당,3969950,주간 증가분(누적 하한),2026-09-07,,,,y
playboard_weekly_comedy,말랑박스,UCagSSh4tXxrZ1p8VCqDt9JQ,83500,,,N3ufqdPjQEs,https://www.youtube.com/shorts/N3ufqdPjQEs,공포의 무림 소녀 ㄷㄷ,3960344,주간 증가분(누적 하한),2026-09-05,,,,y
playboard_weekly_comedy,개뜬금개,UCddDjy6GhAMAYePUG5kHAug,31600,,,alLa5vbKSig,https://www.youtube.com/shorts/alLa5vbKSig,웃는 얼굴로 딜 박는 원이 TOP9 ㅋㅋㅋ,3953999,주간 증가분(누적 하한),2026-09-05,,,,y
playboard_weekly_comedy,리센느냐?,UCCDXUDsPt2rRaeRPFVzWB2w,5250,,,jQ2zEcPizpQ,https://www.youtube.com/shorts/jQ2zEcPizpQ,원이가 러브어택을 칼같이 들어갈 수 있는 이유,3923180,주간 증가분(누적 하한),2026-09-07,,,,y
playboard_weekly_comedy,코코픽cocopic,UCqusjnEQDrjmNSJ_3Nag-6g,13799,,,tkNdiW8p9mk,https://www.youtube.com/shorts/tkNdiW8p9mk,친구들 노가다로 만든 뮤비 수준,4093931,주간 증가분(누적 하한),2026-09-08,,,,y
playboard_weekly_comedy,랭킹끝판왕,UCo76LFRqimsZ6LjSlt8ALSQ,122000,,,DlZomjOZdGw,https://www.youtube.com/shorts/DlZomjOZdGw,소리를 확인하지 마세요 😭😭,3217531,주간 증가분(누적 하한),2026-08-20,,,,y
playboard_weekly_comedy,몬지알지,UCd_SdaxUfwY9jP2tJTrTOcA,28500,,,eZGCmejUZxE,https://www.youtube.com/shorts/eZGCmejUZxE,원래 다 이렇게 해? #스킨십 #사랑 #연애 #공감 #웹드라마,3204366,주간 증가분(누적 하한),2026-09-08,,,,y
playboard_weekly_comedy,썰만개,UCG_MayNg28hEugGzggrFkAg,21400,,,pam9Qbbl5MY,https://www.youtube.com/shorts/pam9Qbbl5MY,녹음실 반응부터 미쳤다는 블랙핑크 제니 레전드 랩 수준 ㄷㄷ,3146333,주간 증가분(누적 하한),2026-09-09,,,,y
playboard_weekly_comedy,듣는귀,UCetTkqCfHTYaV0jHpMVzVsQ,101000,,,ybXwVLSosJM,https://www.youtube.com/shorts/ybXwVLSosJM,고추기름만 담긴 줄 알았던 그릇의 반전,3061860,주간 증가분(누적 하한),2026-09-06,,,,y
playboard_weekly_comedy,강뜨거,UCf7w1jA8Yi7BccjFuo0I2dg,719000,,,rcmy7JjedBg,https://www.youtube.com/shorts/rcmy7JjedBg,아니 이걸 성공했네,2941462,주간 증가분(누적 하한),2026-09-07,,,,y
playboard_weekly_comedy,별헤는쏭,UC8kUhnLhegPKhYljZ3MXr4g,22200,,,1lMbJh0n_d4,https://www.youtube.com/shorts/1lMbJh0n_d4,아 인스타 광고 보고 샀는데,10463090,주간 증가분(누적 하한),2026-09-13,,,,y
playboard_weekly_comedy,WOOJUN,UCMqTPBIcrhhrbtkoUBndUHg,1170000,,,suiFoP2Vwhk,https://www.youtube.com/shorts/suiFoP2Vwhk,남자라면 초콜렛 이렇게 나눠 먹음,7092312,주간 증가분(누적 하한),2026-09-14,,,,y
playboard_weekly_comedy,WOOJUN,UCMqTPBIcrhhrbtkoUBndUHg,1170000,,,NekckVna2ws,https://www.youtube.com/shorts/NekckVna2ws,남자라면 아이스크림 이렇게 나눠 먹음,6998413,주간 증가분(누적 하한),2026-09-13,,,,y
playboard_weekly_comedy,말랑박스,UCagSSh4tXxrZ1p8VCqDt9JQ,83500,,,6s_hlYERLeE,https://www.youtube.com/shorts/6s_hlYERLeE,애플이 디스하자 삼성 반응 ㅋㅋㅋ,4485956,주간 증가분(누적 하한),2026-09-12,,,,y
playboard_weekly_comedy,시니어왕왕,UC7VTUX-fAI9so6liIMEKL4g,17700,,,gL9qmwMlmes,https://www.youtube.com/shorts/gL9qmwMlmes,5살 차이 커플이 8년 연애하면 생기는 몽글몽글한 변화,4399321,주간 증가분(누적 하한),2026-09-13,,,,y
playboard_weekly_comedy,Burn It Up [번잇업],UC0knEymds_rP-MKAeoev_jw,22700,,,Vf6b7iHYcZ0,https://www.youtube.com/shorts/Vf6b7iHYcZ0,이어질 인연은 반드시 이어진다,4249089,주간 증가분(누적 하한),2026-09-14,,,,y
playboard_weekly_comedy,후킹타임,UCy9E4kNl8-de0PdRjm4jaJw,50400,,,PmC1fxDKERg,https://www.youtube.com/shorts/PmC1fxDKERg,무시받던 흙수저 전학생이 금수저 애착인형 되는 법,4118678,주간 증가분(누적 하한),2026-09-16,,,,y
playboard_weekly_comedy,Олег Ким,UCNcnpXLLeDXL8MAxJULtqzA,3150000,,,sWKgiL58zmo,https://www.youtube.com/shorts/sWKgiL58zmo,Гао Цзэюй показал невероятный скилл,4019853,주간 증가분(누적 하한),2026-09-11,,,,y
playboard_weekly_comedy,Олег Ким,UCNcnpXLLeDXL8MAxJULtqzA,3150000,,,jkZ90AiV0KE,https://www.youtube.com/shorts/jkZ90AiV0KE,Тан Юйси показала секрет фокуса с бумагой,3656278,주간 증가분(누적 하한),2026-09-16,,,,y
playboard_weekly_comedy,イェリン어징🔥,UC1oIsxvZvi7szMuSYw-Y5dg,113000,,,NjW08U6UCC8,https://www.youtube.com/shorts/NjW08U6UCC8,눈치보여서 못 하겠어,3424740,주간 증가분(누적 하한),2026-08-30,,,,y
playboard_weekly_comedy,해외유머갤러리,UCH-t-wxfWjO_XnLG_pP8yqw,50800,,,h5kBOSMgqLU,https://www.youtube.com/shorts/h5kBOSMgqLU,리센느랑 꾸대표가 살이 찔 수밖에 없었던 진짜 이유ㅋㅋㅋㅋ,3119748,주간 증가분(누적 하한),2026-09-13,,,,y
playboard_weekly_comedy,셀럽방송국,UCQGBUp557F4FnT7lc162jAA,75700,,,VXykbxveOkw,https://www.youtube.com/shorts/VXykbxveOkw,영혼 없던 편의점 알바 퇴근하자마자 달라짐,2919136,주간 증가분(누적 하한),2026-09-15,,,,y
playboard_weekly_comedy,리센느냐?,UCCDXUDsPt2rRaeRPFVzWB2w,5250,,,0ijuXlscX3Q,https://www.youtube.com/shorts/0ijuXlscX3Q,미나미가 갑자기 시선을 피한 이유,2855925,주간 증가분(누적 하한),2026-09-17,,,,y
playboard_weekly_comedy,피코탕,UCu-xn8DJUpT8JdG06Ts0anA,115000,,,9cs1vBexlrA,https://www.youtube.com/shorts/9cs1vBexlrA,요즘 미국에서 미친듯이 토론중인 피자 먹는 법,2810150,주간 증가분(누적 하한),2026-09-11,,,,y
playboard_weekly_comedy,코코픽cocopic,UCqusjnEQDrjmNSJ_3Nag-6g,13799,,,2fJCJLI9V7c,https://www.youtube.com/shorts/2fJCJLI9V7c,물 양 따라 이름 싹 바뀌는 커피 라인업,7091308,주간 증가분(누적 하한),2026-09-20,,,,y
playboard_weekly_comedy,개뜬금개,UCddDjy6GhAMAYePUG5kHAug,31600,,,iBVhOW6YR78,https://www.youtube.com/shorts/iBVhOW6YR78,뭔가 이상한 원이의 운전연수 TOP5 ㅋㅋㅋ,5501288,주간 증가분(누적 하한),2026-09-11,,,,y
playboard_weekly_comedy,금쪽이클라스,UCs9Pv_2v7iqNPLeT8kkq-sA,16000,,,sNDlXXCDIAE,https://www.youtube.com/shorts/sNDlXXCDIAE,대형 면허 딴 마누라의 주행 연습,5174450,주간 증가분(누적 하한),2026-09-17,,,,y
playboard_weekly_comedy,sirliarxiv,UCpo4YPYrkLoB8rR4gZJWt5A,56500,,,jDEHyjq9GGg,https://www.youtube.com/shorts/jDEHyjq9GGg,2-QISM. Like komment qoldiring,4140742,주간 증가분(누적 하한),2026-09-20,,,,y
playboard_weekly_comedy,해외유머갤러리,UCH-t-wxfWjO_XnLG_pP8yqw,50800,,,cXLlx1oKBqo,https://www.youtube.com/shorts/cXLlx1oKBqo,팬인 거 알고 0.1초 만에 경계 해제된 여돌,4130479,주간 증가분(누적 하한),2026-09-22,,,,y
playboard_weekly_comedy,별헤는쏭,UC8kUhnLhegPKhYljZ3MXr4g,22200,,,tF4fbEVtnMY,https://www.youtube.com/shorts/tF4fbEVtnMY,러시아의 1호선 ㅋㅋ,3931927,주간 증가분(누적 하한),2026-09-17,,,,y
playboard_weekly_comedy,낭만박상환,UC6yEsiYQjnLve24g34lVa1w,1200000,,,DT-eIHXMAuc,https://www.youtube.com/shorts/DT-eIHXMAuc,수명 버리고 돈 얻기,2960395,주간 증가분(누적 하한),2026-09-20,,,,y
playboard_weekly_comedy,밈바라,UCe0DPc7Bb4S2rxPb3dZlr2w,91700,,,456d9t82KS4,https://www.youtube.com/shorts/456d9t82KS4,앵무새의 행동에 너무 놀라버린 이유,2957266,주간 증가분(누적 하한),2026-06-04,,,,y
playboard_weekly_comedy,FUNNYHOUZ,UCa8wSM8ycJAK64MLHwkosAQ,41000,,,FTVm62gHBnc,https://www.youtube.com/shorts/FTVm62gHBnc,무표정으로 숨쉬듯이 웃기는 이준혁 군대썰ㅋㅋ #꼰대희 #이준혁,3066185,주간 증가분(누적 하한),2026-09-23,,,,y
playboard_weekly_comedy,sirliarxiv,UCpo4YPYrkLoB8rR4gZJWt5A,56500,,,7gpYb8EF4M8,https://www.youtube.com/shorts/7gpYb8EF4M8,1-QISM Jacob bulog’idagi fojea,2917415,주간 증가분(누적 하한),2026-09-19,,,,y
playboard_weekly_comedy,별헤는쏭,UC8kUhnLhegPKhYljZ3MXr4g,22200,,,PzKloCeO2FU,https://www.youtube.com/shorts/PzKloCeO2FU,영상 녹화가 ㄹㅇ중요한 이유,2873122,주간 증가분(누적 하한),2026-09-21,,,,y
playboard_weekly_comedy,별헤는쏭,UC8kUhnLhegPKhYljZ3MXr4g,22200,,,yAdNZ58MSWM,https://www.youtube.com/shorts/yAdNZ58MSWM,이렐궁 잘 들어갔농 ㅋㅋ,2800128,주간 증가분(누적 하한),2026-09-25,,,,y
playboard_weekly_comedy,개뜬금개,UCddDjy6GhAMAYePUG5kHAug,31600,,,r7ADF_eUvJ8,https://www.youtube.com/shorts/r7ADF_eUvJ8,삼촌들과 티키타카하는 원이 TOP18 ㅋㅋㅋ,2781883,주간 증가분(누적 하한),2026-09-22,,,,y
playboard_weekly_comedy,잼롱도르,UCeUAaEyMBO2HOWX5qR1u4Cw,16200,,,5X0XN-Xjy6Q,https://www.youtube.com/shorts/5X0XN-Xjy6Q,레알 마드리드 공홈에 박제된 이강인,2729581,주간 증가분(누적 하한),2026-09-21,,,,y
playboard_weekly_comedy,WOOJUN,UCMqTPBIcrhhrbtkoUBndUHg,1170000,,,qvgZPNr-0V0,https://www.youtube.com/shorts/qvgZPNr-0V0,남자라면 아이스크림 이렇게 나눠야지,7634184,주간 증가분(누적 하한),2026-10-02,,,,y
playboard_weekly_comedy,짤이슈,UCGuH-o6mXw810z4ilylTX4w,25200,,,raPhlmXnoM0,https://www.youtube.com/shorts/raPhlmXnoM0,부모의 평소 표정이 중요한 이유,4064596,주간 증가분(누적 하한),2026-09-26,,,,y
playboard_weekly_comedy,사투리갬성,UCkDKCXXPip-rff3ikbe1zjg,86400,,,l0_Mk54uuZk,https://www.youtube.com/shorts/l0_Mk54uuZk,어쩐지 비싸더라 ㅋㅋㅋㅋ,4017138,주간 증가분(누적 하한),2026-09-27,,,,y
playboard_weekly_comedy,썰만개,UCG_MayNg28hEugGzggrFkAg,21300,,,JxDpzNA2w2o,https://www.youtube.com/shorts/JxDpzNA2w2o,라이브 생방 중 음원 사고를 발견한 블랙핑크 제니의 소름 돋는 멘탈 ㄷㄷ,3731333,주간 증가분(누적 하한),2026-09-28,,,,y
playboard_weekly_comedy,킥맨,UCNuV0xlRxpCGUjc0RYUg_iA,122000,,,daycbsgh8jg,https://www.youtube.com/shorts/daycbsgh8jg,홈캠에서 아빠목소리를 들은 댕댕이들 2탄,2909744,주간 증가분(누적 하한),2026-09-30,,,,y
playboard_weekly_comedy,Dummyworld,UCATFsl5jjaCudpygGpQtchQ,1560000,,,fSgsxI1lwk8,https://www.youtube.com/shorts/fSgsxI1lwk8,GIGA GOJO vs The Backrooms,2738635,주간 증가분(누적 하한),2026-09-27,,,,y
playboard_weekly_comedy,별헤는쏭,UC8kUhnLhegPKhYljZ3MXr4g,22200,,,tc0tNyt3hkk,https://www.youtube.com/shorts/tc0tNyt3hkk,세상에서 제일 겁먹은 비명 소리,2736340,주간 증가분(누적 하한),2026-09-28,,,,y
playboard_weekly_comedy,지식줄고양,UCPDKAhacqpqmP7aXWem3_Jg,927000,,,yGrZDMYsQjc,https://www.youtube.com/shorts/yGrZDMYsQjc,요즘 일본에서 유행이라는 주량확인패치,2731982,주간 증가분(누적 하한),2026-10-03,,,,y
playboard_weekly_comedy,썰로별,UCtI10h_MLO1DHNa2JPKg8dA,97800,,,kqM2NeDDk5E,https://www.youtube.com/shorts/kqM2NeDDk5E,졸렬잎을 부수러 온 아카츠키 나루토,2721189,주간 증가분(누적 하한),2026-09-29,,,,y
playboard_weekly_comedy,유병재,UCHw9p667e9l0qoYfY8calaA,1940000,,,cRAajsO8bWc,https://www.youtube.com/shorts/cRAajsO8bWc,명장면 재연 실패,2695757,주간 증가분(누적 하한),2026-09-30,,,,y
playboard_weekly_comedy,리센느냐?,UCCDXUDsPt2rRaeRPFVzWB2w,5200,,,9sd2cUEHJog,https://www.youtube.com/shorts/9sd2cUEHJog,공연 직전 리센느가 당황한 이유,2620081,주간 증가분(누적 하한),2026-09-01,,,,y
playboard_weekly_comedy,샤워하다 든 생각,UC9C0okwfugM--Q2m_mjpzKg,4980,,,U9e0qNV5ouc,https://www.youtube.com/shorts/U9e0qNV5ouc,레드 레이 튜닝하는 리센느 원이,2437659,주간 증가분(누적 하한),2026-09-29,,,,y
playboard_weekly_comedy,강뜨거,UCf7w1jA8Yi7BccjFuo0I2dg,719000,,,yvk9Nh4s4YI,https://www.youtube.com/shorts/yvk9Nh4s4YI,이거 부가서비스 맞나요?,2385175,주간 증가분(누적 하한),2026-09-28,,,,y
playboard_weekly_comedy,리얼월드,UCVhl4dtYBSCLUWwzlWq6wpA,33200,,,W22J4wFqn2I,https://www.youtube.com/shorts/W22J4wFqn2I,차원이 다른 소울 본고장의 바이브,2259351,주간 증가분(누적 하한),2026-09-22,,,,y
playboard_weekly_entertainment,"35,200,000",UCkLNHZZsC3LKdUAroKNwOOw,9,,,wVjxLPSfr60,https://www.youtube.com/shorts/wVjxLPSfr60,Her cooking needs saving🚑💀🍲,18171625,주간 증가분(누적 하한),2026-06-27,,,,y
playboard_weekly_entertainment,"35,200,000",UCkLNHZZsC3LKdUAroKNwOOw,10,,,7ikdpmatW_o,https://www.youtube.com/shorts/7ikdpmatW_o,When you miss your slim GF🥲🙃,16903050,주간 증가분(누적 하한),2026-08-06,,,,y
playboard_weekly_entertainment,Sunnyzzy,UClacsYJ-MBXegWw5roojbnA,623000,,,Q4Sr17Jcgsg,https://www.youtube.com/shorts/Q4Sr17Jcgsg,Buldak vs Ramen 🔥 (1% - 1000%),16719365,주간 증가분(누적 하한),2026-08-02,,,,y
playboard_weekly_entertainment,"875,000",UCRVJiXOntnP87a21y7L0VtQ,12,,,Dp3KpPgujs0,https://www.youtube.com/shorts/Dp3KpPgujs0,The man cut Haaland's hair ⚽️😱,16522831,주간 증가분(누적 하한),2026-08-06,,,,y
playboard_weekly_entertainment,강남각,UChlCeNugfBnjqtv2UvYiXYA,74600,,,z7H2VbERY_0,https://www.youtube.com/shorts/z7H2VbERY_0,사탕수수 착즙기 흙먼지 차단 콘크리트 바닥 작업 #worker #process #farm #equipment #construction,13490504,주간 증가분(누적 하한),2026-08-04,,,,y
playboard_weekly_entertainment,"875,000",UCRVJiXOntnP87a21y7L0VtQ,14,,,qFZ9dyLemVA,https://www.youtube.com/shorts/qFZ9dyLemVA,The girl chose the guy with blue hair 😂💙,13003943,주간 증가분(누적 하한),2026-07-07,,,,y
playboard_weekly_entertainment,심심한우드스탁,UCuDLhpsGFiMK90EGDDe_psA,75800,,,nHtGstRtmZ0,https://www.youtube.com/shorts/nHtGstRtmZ0,어린 딸이 치와와랑 친해지는 과정,12725067,주간 증가분(누적 하한),2026-07-08,,,,y
playboard_weekly_entertainment,"35,200,000",UCkLNHZZsC3LKdUAroKNwOOw,16,,,YNwnmE-azDE,https://www.youtube.com/shorts/YNwnmE-azDE,Trouble while dyeing his hair purple😱💜,12521490,주간 증가분(누적 하한),2026-07-10,,,,y
playboard_weekly_entertainment,"35,200,000",UCkLNHZZsC3LKdUAroKNwOOw,17,,,wR3fENo3UP4,https://www.youtube.com/shorts/wR3fENo3UP4,A Revenge 15 Years in the Making😿🤝,12494567,주간 증가분(누적 하한),2026-08-01,,,,y
playboard_weekly_entertainment,춤추는곰돌의 랜덤댄스,UCLb86cLe-V30XbnQ8g1L_2A,4210000,,,AY4F9IOwRnY,https://www.youtube.com/shorts/AY4F9IOwRnY,20초 digidigi 승우 성공?#춤추는곰돌 #춤추는곰돌의랜덤댄스  #춤추는곰돌의타이머댄스 #afstarz #dance #music #10초 #타이머 #20초 #digidigi,12372121,주간 증가분(누적 하한),2026-07-28,,,,y
playboard_weekly_entertainment,"875,000",UCRVJiXOntnP87a21y7L0VtQ,19,,,P1NLa1Mhtss,https://www.youtube.com/shorts/P1NLa1Mhtss,The girl thinks everything she sees is Haaland 😂❤️,11444404,주간 증가분(누적 하한),2026-08-05,,,,y
playboard_weekly_entertainment,먹기전에,UC0jzoaqj1jAsdTOM94qKZMg,60500,,,JH8maZ69RjE,https://www.youtube.com/shorts/JH8maZ69RjE,어라 문이 열려있었네,10712847,주간 증가분(누적 하한),2026-08-04,,,,y
playboard_weekly_entertainment,"35,200,000",UCkLNHZZsC3LKdUAroKNwOOw,"window.__NUXT__=(function(abcdefghijklmnopqrstuvwxyzABCDEFGHIJKLMNOPQRSTUVWXYZ_$aaabacadaeafagahaiajakalamanaoapaqarasatauavawaxayazaAaBaCaDaEaFaGaHaIaJaKaLaMaNaOaPaQaRaSaTaUaVaWaXaYaZa_a$babbbcbdbebfbgbhbibjbkblbmbnbobpbqbrbsbtbubvbwbxbybzbAbBbCbDbEbFbGbHbI){u.id=4;u.tag=a;u.label=a;w.id=20;w.tag=""viewed"";w.label=a;w.labelWordId=""videoChartIndexDimension.viewed"";x.id=3;x.tag=""weekly"";x.label=""주간"";X.code=""KR"";X.name=""한국"";X.readableCode=""south-korea"";X.currencyCode=""KRW"";X.weight=3;return {layout:""default""data:[{indexType:uindexTarget:vindexDimension:wcountry:XperiodType:xperiod:dperiods:[]nowListLoading:bnowStructureLoading:b}{}]fetch:{""data-v-1efe36af:0"":{periods:[17905536001789948800178934400017887392001788134400178752960017869248001786320000d178511040017845056001783900800178329600017826912001782086400178148160017808768001780272000177966720017790624001778457600177785280017772480001776643200177603840017754336001774828800177422400017736192001773014400]nowListLoading:bnowStructureLoading:baggStartAt:daggEndAt:YcreatedAt:ZindexType:uindexTarget:vindexDimension:wcountry:XperiodType:xperiod:d}""data-v-277d2a55:0"":{chartTopic:aaggStartAt:daggEndAt:YcreatedAt:ZchartVideoId:aexportError:ainitialProp:{indexDimension:windexType:uindexTarget:vperiodType:x}pushState:{error:apending:btimestamp:1791604601852}page:_total:2108list:[{itemId:""L00GjAtv-BE""period:dchannelId:""UCRVJiXOntnP87a21y7L0VtQ""playCount:0playFluc:55419638likeCount:0likeFluc:320034commentCount:0commentFluc:234index:{rank:_rankFluc:679}channel:{channelId:""UCRVJiXOntnP87a21y7L0VtQ""name:""Mert Boo""subscriberCount:875000profileImagePath:""https:\u002F\u002Fi.playboard.app\u002Fp\u002FZk7C_5DZHNjbHyRR301dNp7eiuiZjGsoScGpRL7kh5WSILyiZXraAPVsuQWv5VBgYomAwGkAgQ""type:adescription:aprofileImageUri:abannerUri:acountry:acategory:aplayCount:adonationAmount:aavgWeeklyVideos:aavgWeeklyLiveStreams:aavgWeeklyPremieres:aavgPlayCount:aplayRate:alikeRate:alikeShare:acommentRate:aliveStreamAvgViewer:aliveStreamMaxViewer:aspreadVelocity:aadSpreadVelocity:aoriginalSpreadVelocity:avideoCount:avideoUpdatedAt:aadCount:aadUpdatedAt:aliveStreamCount:aliveStreamUpdatedAt:apremierCount:apremierUpdatedAt:acustomKeywords:aoriginalKeywords:avideoKeywords:akeywords:alinks:aisDeepScanQualified:aisRe",,,IqbgdBj2Gd8,https://www.youtube.com/shorts/IqbgdBj2Gd8,She made the world’s toughest steak🥩🌎,10250973,주간 증가분(누적 하한),2026-08-08,,,,y
playboard_weekly_entertainment,저승이와 친구들,UCFZNmOPjyuxo6RnhqdKZbCw,1590000,,,dj22Kc4Uors,https://www.youtube.com/shorts/dj22Kc4Uors,이걸 눈감고 한다고?ㄷㄷ,18656179,주간 증가분(누적 하한),2026-07-28,,,,y
playboard_weekly_entertainment,유백합 kkubi99,UCz8gf4PK1Qth50lLHdvTCcA,23900000,,,1Aa4y0PhIys,https://www.youtube.com/shorts/1Aa4y0PhIys,귀여워 | Reacts,18215468,주간 증가분(누적 하한),2026-08-16,,,,y
playboard_weekly_entertainment,저승이와 친구들,UCFZNmOPjyuxo6RnhqdKZbCw,1590000,,,RbuCPmgOt8Y,https://www.youtube.com/shorts/RbuCPmgOt8Y,이건 진짜 못 참지 ㅋㅋㅋ,16452094,주간 증가분(누적 하한),2026-04-28,,,,y
playboard_weekly_entertainment,DoggyZ,UCguSTWR77ClGXJGJgGSkbhg,304000,,,8HLsa3ZucgE,https://www.youtube.com/shorts/8HLsa3ZucgE,Pepsi Finally Got Their Revenge 😂,14506668,주간 증가분(누적 하한),2026-08-18,,,,y
playboard_weekly_entertainment,저승이와 친구들,UCFZNmOPjyuxo6RnhqdKZbCw,1590000,,,ep_yD0ofDlM,https://www.youtube.com/shorts/ep_yD0ofDlM,저승사자 vs 천사 (4편),14051107,주간 증가분(누적 하한),2026-08-12,,,,y
playboard_weekly_entertainment,"875,000",UCRVJiXOntnP87a21y7L0VtQ,20,,,IpU9Pv4pAps,https://www.youtube.com/shorts/IpU9Pv4pAps,The man can't stop thinking about Haaland ⚽️❤️,13239220,주간 증가분(누적 하한),2026-08-16,,,,y
playboard_weekly_entertainment,DoggyZ,UCguSTWR77ClGXJGJgGSkbhg,304000,,,eM_HRSp4iE0,https://www.youtube.com/shorts/eM_HRSp4iE0,#cocacola,11600162,주간 증가분(누적 하한),2026-08-19,,,,y
playboard_weekly_entertainment,DoggyZ,UCguSTWR77ClGXJGJgGSkbhg,304000,,,jD5npcwN3Os,https://www.youtube.com/shorts/jD5npcwN3Os,Pringles and Lay's Collab 🤝,19912717,주간 증가분(누적 하한),2026-08-28,,,,y
playboard_weekly_entertainment,Sweet Vibe Dance,UCSmlBahjEKOHibmhetI2ilw,654000,,,2xhSQGNHut8,https://www.youtube.com/shorts/2xhSQGNHut8,Sweet Vibe Dance 🧋🔥Smooth Moves in a Bubble Tea Shop | 1872,18231439,주간 증가분(누적 하한),2026-08-02,,,,y
playboard_weekly_entertainment,PumBlox,UC9AAQI-YacFmKkrS-F3FpYQ,195000,,,S63_Ahnn-pQ,https://www.youtube.com/shorts/S63_Ahnn-pQ,WATCH YOUR STEP,12613616,주간 증가분(누적 하한),2026-08-28,,,,y
playboard_weekly_entertainment,저승이와 친구들,UCFZNmOPjyuxo6RnhqdKZbCw,1590000,,,Hp23LmKGAXE,https://www.youtube.com/shorts/Hp23LmKGAXE,저승사자 vs 천사 (9편),12181080,주간 증가분(누적 하한),2026-08-28,,,,y
playboard_weekly_entertainment,벽돌할아버지 Brick grandpa,UC8OkNwhd354exprrLVejvnw,1240000,,,zjB_FQVaUAQ,https://www.youtube.com/shorts/zjB_FQVaUAQ,1억 조회수가 나온 디기디기 댄스?!,13056972,주간 증가분(누적 하한),2026-08-16,,,,y
playboard_weekly_entertainment,PangPang Kids,UCZcZYxkcsy0avaagFUe473A,3410000,,,IPCQm2nAYSw,https://www.youtube.com/shorts/IPCQm2nAYSw,Don't forget to rinse your mouth as the last step of brushing your teeth!,10891007,주간 증가분(누적 하한),2024-11-23,,,,y
playboard_weekly_entertainment,제노 플래쉬,UCKsJ7kENUMxpZo22m27l9KA,89700,,,hezNslSoE5w,https://www.youtube.com/shorts/hezNslSoE5w,예상보다 너무 잘 춰서 놀란 뜻밖의 BAD 챌린지,10173514,주간 증가분(누적 하한),2026-08-30,,,,y
playboard_weekly_entertainment,아이돌탐정,UCHvxPNyZctDF65F8ahlgpYA,45300,,,eDnz_zxhh1w,https://www.youtube.com/shorts/eDnz_zxhh1w,무대 도중 카메라맨과 눈이 마주친 '장원영'이 한 행동,8969242,주간 증가분(누적 하한),2026-08-29,,,,y
playboard_weekly_entertainment,벽돌할아버지 Brick grandpa,UC8OkNwhd354exprrLVejvnw,1240000,,,xahUqxODw0E,https://www.youtube.com/shorts/xahUqxODw0E,디기디기 조합 댄스?!,8959164,주간 증가분(누적 하한),2026-08-17,,,,y
playboard_weekly_entertainment,오늘의스타,UCewVuRJkld40EMDaIF4n1Xg,147000,,,GGBwzexIb4Q,https://www.youtube.com/shorts/GGBwzexIb4Q,멀쩡한 국보급 얼굴 놔두고 괜히 손댔다가 역변해버린 스타 TOP7 #연예계이슈 #연예인 #이슈 #랭킹,8459932,주간 증가분(누적 하한),2026-08-31,,,,y
playboard_weekly_entertainment,유백합 kkubi99,UCz8gf4PK1Qth50lLHdvTCcA,23900000,,,419N00AS_LI,https://www.youtube.com/shorts/419N00AS_LI,방귀 소리 증폭🎤 | Reacts,8195964,주간 증가분(누적 하한),2025-09-26,,,,y
playboard_weekly_entertainment,BiteFlix,UClsvy5Rr4puFo1i6VTr9gyw,1130000,,,7Fmh1iPcwpE,https://www.youtube.com/shorts/7Fmh1iPcwpE,불닭 파스타 vs 영화 인트로 IB @BayashiTV_ @Lionfield,9768372,주간 증가분(누적 하한),2026-07-25,,,,y
playboard_weekly_entertainment,히릿커플 [Hirit couple],UCYUIGnPT-m613dlL1y3Stug,160000,,,zEx_KWkKAsw,https://www.youtube.com/shorts/zEx_KWkKAsw,냉장고를 열어보니 ㄷㄷ..,11752447,주간 증가분(누적 하한),2026-09-03,,,,y
playboard_weekly_entertainment,랭킹김,UCIX0_86eNPB44e3LXQvxoAA,707000,,,FjpLxP6tsj0,https://www.youtube.com/shorts/FjpLxP6tsj0,개웃긴 약먹는 아기 반응 랭킹 TOP7 #랭킹 #쇼츠 #웃긴영상,10797306,주간 증가분(누적 하한),2026-04-28,,,,y
playboard_weekly_entertainment,침착맨,UCUj6rrhMTR9pipbAWBAMvUQ,3280000,,,LYXe9yi9XKk,https://www.youtube.com/shorts/LYXe9yi9XKk,이선민 막담,10316511,주간 증가분(누적 하한),2026-09-09,,,,y
playboard_weekly_entertainment,ttokhee똑히,UCkV1JYPo60j85B7RTYTVQQg,29000,,,fp_MslOba2I,https://www.youtube.com/shorts/fp_MslOba2I,Pov: 내가 상상한 직장인,9984682,주간 증가분(누적 하한),2026-09-06,,,,y
playboard_weekly_entertainment,BiteFlix,UClsvy5Rr4puFo1i6VTr9gyw,1130000,,,CKicNh9lCgk,https://www.youtube.com/shorts/CKicNh9lCgk,불닭 vs 영화 인트로 (2부) 🔥🍜,9656245,주간 증가분(누적 하한),2026-09-03,,,,y
playboard_weekly_entertainment,조이밤 Joy_Bamm,UC2p1nohpGOnK7u_3JgDpvog,10300000,,,t7BhYF7Unpw,https://www.youtube.com/shorts/t7BhYF7Unpw,🍒+🍉Watermelon Cherry Squishy DIY with Nano Tape! #말랑이 #실리콘 테이프,9622762,주간 증가분(누적 하한),2025-01-04,,,,y
playboard_weekly_entertainment,저승이와 친구들,UCFZNmOPjyuxo6RnhqdKZbCw,1590000,,,IqGyKdfVZQA,https://www.youtube.com/shorts/IqGyKdfVZQA,바다에서 마주친 존재 ㄷㄷ,9490284,주간 증가분(누적 하한),2026-05-19,,,,y
playboard_weekly_entertainment,하위 포식자,UCNCpaf2lvEYIugLWS5vMfew,128000,,,14gc4T9XG58,https://www.youtube.com/shorts/14gc4T9XG58,모두가 사랑에 빠진 아기 코끼리의 반전 정체,8863875,주간 증가분(누적 하한),2026-06-11,,,,y
playboard_weekly_entertainment,야르시대,UC79lw4VEODEpOIn2-TiYozw,33200,,,TGscrObdfvU,https://www.youtube.com/shorts/TGscrObdfvU,포기하고 싶을 때 봐야하는 영상 1위,8363837,주간 증가분(누적 하한),2026-09-07,,,,y
playboard_weekly_entertainment,PangPang Kids,UCZcZYxkcsy0avaagFUe473A,3410000,,,UvIGAiP6MKo,https://www.youtube.com/shorts/UvIGAiP6MKo,I Just Say “You Go First!”  When We’re Together with Friends and Family,7963332,주간 증가분(누적 하한),2026-08-23,,,,y
playboard_weekly_entertainment,호기! 핑크퐁 - 놀면서 배워요,UCJlNBdRJPnxsHjdaTNEqmOg,5580000,,,3O-0fERBcIk,https://www.youtube.com/shorts/3O-0fERBcIk,데굴데굴🔴🟠🟡🟢🔵🟣 #shorts,7401215,주간 증가분(누적 하한),2026-05-02,,,,y
playboard_weekly_entertainment,"875,000",UCRVJiXOntnP87a21y7L0VtQ,9,,,GqpyUJz9UmQ,https://www.youtube.com/shorts/GqpyUJz9UmQ,그 소녀는 마리오를 먹었다 🍄⭐,11460103,주간 증가분(누적 하한),2026-06-03,,,,y
playboard_weekly_entertainment,Sweet Vibe Dance,UCSmlBahjEKOHibmhetI2ilw,654000,,,ME72-UtZEtQ,https://www.youtube.com/shorts/ME72-UtZEtQ,Sweet Vibe Dance 🧋🔥Smooth Moves in a Bubble Tea Shop | 2059,9208212,주간 증가분(누적 하한),2026-08-18,,,,y
playboard_weekly_entertainment,RealGojo eats,UCehpX7WwYIhPsrWoSTDc6Rg,201000,,,NkBXOS3XZRY,https://www.youtube.com/shorts/NkBXOS3XZRY,1% to 100% Giant BULDAK Sausage Mukbang 🌭🔥,8899851,주간 증가분(누적 하한),2026-09-12,,,,y
playboard_weekly_entertainment,Wipha ASMR,UC-EZ760a6lW0y8-oqpx6DJQ,77600,,,LcLqWVcjaI0,https://www.youtube.com/shorts/LcLqWVcjaI0,Satisfying with unboxing barbie doll and pink toilet WiphaASMR #doll #barbiedoll #barbie,8237522,주간 증가분(누적 하한),2026-02-26,,,,y
playboard_weekly_entertainment,이번역은케이팝스테이션입니다,UCNIrLS_FaaWyqsr7_mS9PFQ,4400,,,BCSv6sSe3Uc,https://www.youtube.com/shorts/BCSv6sSe3Uc,야쿠자 집단이 목숨걸고 지키는 아이,7791012,주간 증가분(누적 하한),2026-09-13,,,,y
playboard_weekly_entertainment,아이돌캐치,UCVY7EG8YTR4NF89SUK2lg0Q,16400,,,-I5Fu1ILdg8,https://www.youtube.com/shorts/-I5Fu1ILdg8,최산 때려야 하는데 못 때리는 양세찬·하하,6607323,주간 증가분(누적 하한),2026-09-13,,,,y
playboard_weekly_entertainment,이순간,UCxP2ZBT9gqdChvHfLOfXkQw,11200,,,V18FmiWxlTk,https://www.youtube.com/shorts/V18FmiWxlTk,재롱잔치에 등장한 의외의 프로스킬,6412325,주간 증가분(누적 하한),2026-09-14,,,,y
playboard_weekly_entertainment,옥상평상,UCnlWtK0c3y99KhhKavcAwjA,58200,,,zFTY65nYXnE,https://www.youtube.com/shorts/zFTY65nYXnE,타격감 지리는 이상준 모음  | 코미디빅리그,8314517,주간 증가분(누적 하한),2026-09-20,,,,y
playboard_weekly_entertainment,아이돌캐치,UCVY7EG8YTR4NF89SUK2lg0Q,16400,,,teFjBf4T7Ls,https://www.youtube.com/shorts/teFjBf4T7Ls,다들 애먹던 스위치에 김연경이 나선 이유,7615923,주간 증가분(누적 하한),2026-09-22,,,,y
playboard_weekly_entertainment,"875,000",UCRVJiXOntnP87a21y7L0VtQ,18,,,ILQg1kvQg8E,https://www.youtube.com/shorts/ILQg1kvQg8E,The man slid down all the colorful slides 🛝😂,7015521,주간 증가분(누적 하한),2026-09-23,,,,y
playboard_weekly_entertainment,BiteFlix,UClsvy5Rr4puFo1i6VTr9gyw,1130000,,,4lY0I-7ONwQ,https://www.youtube.com/shorts/4lY0I-7ONwQ,🌶️ 불닭 요리: 1초 vs 100시간 🔥,6905062,주간 증가분(누적 하한),2026-09-20,,,,y
playboard_weekly_entertainment,옥상평상,UCnlWtK0c3y99KhhKavcAwjA,58200,,,dqh18s0IIIo,https://www.youtube.com/shorts/dqh18s0IIIo,쏠 수 있어! | 코미디빅리그,6642095,주간 증가분(누적 하한),2026-09-18,,,,y
playboard_weekly_entertainment,저승이와 친구들,UCFZNmOPjyuxo6RnhqdKZbCw,1590000,,,5WWQZKOEZoQ,https://www.youtube.com/shorts/5WWQZKOEZoQ,저승사자 vs 천사 (16편),6523165,주간 증가분(누적 하한),2026-09-23,,,,y
playboard_weekly_entertainment,쩌쩌의모험,UCI8SROmdZUHQhgrCJwlbeqQ,714000,,,-JSWURyjXf0,https://www.youtube.com/shorts/-JSWURyjXf0,쩌쩌의 계획ㅋㅋㅋ,11347961,주간 증가분(누적 하한),2026-05-08,,,,y
playboard_weekly_entertainment,Plan3,UCrlzgjrKUa3AlrfSZTBG2fg,2950000,,,2WcV40hHbUw,https://www.youtube.com/shorts/2WcV40hHbUw,What it really means to be Color Blind ‪@2bd2bth‬,9485640,주간 증가분(누적 하한),2026-09-26,,,,y
playboard_weekly_entertainment,저승이와 친구들,UCFZNmOPjyuxo6RnhqdKZbCw,1590000,,,tsC0ptQCiD0,https://www.youtube.com/shorts/tsC0ptQCiD0,저승사자 vs 천사 (17편),8824831,주간 증가분(누적 하한),2026-09-30,,,,y
playboard_weekly_entertainment,"35,200,000",UCkLNHZZsC3LKdUAroKNwOOw,17,,,bjvK2zDc2pU,https://www.youtube.com/shorts/bjvK2zDc2pU,This is their first meeting😱🐷 #shorts #funny,8458854,주간 증가분(누적 하한),2025-12-31,,,,y
playboard_weekly_entertainment,쩌쩌의모험,UCI8SROmdZUHQhgrCJwlbeqQ,714000,,,TBsOAosDuXo,https://www.youtube.com/shorts/TBsOAosDuXo,엄마 앞에서 절대 못웃는 이유ㅋㅋ,8081109,주간 증가분(누적 하한),2026-06-27,,,,y
playboard_weekly_entertainment,존예핑,UCzVvsyV1HntQ30s4GJBxvcA,19600,,,I0WOUlsPflA,https://www.youtube.com/shorts/I0WOUlsPflA,얼마나 좋은지 감도 안옴,7308912,주간 증가분(누적 하한),2026-10-01,,,,y
playboard_weekly_film,톰토미 [TOMTOMI] - 인기 동요・동화,UCvNGDjkxo4H0DfbyL_djc6Q,920000,,,x4nX0Gu9gJY,https://www.youtube.com/shorts/x4nX0Gu9gJY,도와줘요! 버팔로가 쫓아온다! | 열 꼬마 친구들 | 열 꼬마 인디언 | 인기 동요 | #톰토미 #shorts,9776319,주간 증가분(누적 하한),2026-08-01,,,,y
playboard_weekly_film,톰토미 [TOMTOMI] - 인기 동요・동화,UCvNGDjkxo4H0DfbyL_djc6Q,920000,,,keanDRc2OKo,https://www.youtube.com/shorts/keanDRc2OKo,🐻‍❄️🐾그림자를 맞춰봐요! | #톰토미 #shorts,7800136,주간 증가분(누적 하한),2026-06-22,,,,y
playboard_weekly_film,마샤와 곰,UCPDp0wLWyDx6XVYWRIjI2Kw,4070000,,,Fy5rp43Dt5k,https://www.youtube.com/shorts/Fy5rp43Dt5k,오! 작은 고슴도치야! 🤫🙈 #shorts #마샤와곰 #mashaandthebear #숨바꼭질 #kids #cartoon #kidscartoons #shortsfeed,6693586,주간 증가분(누적 하한),2025-11-09,,,,y
playboard_weekly_film,안곰TV,UCeY3m_ngsWYOQ65KDEFep0g,1760000,,,DcLlYITHiFw,https://www.youtube.com/shorts/DcLlYITHiFw,[안곰툰] Queen never cry,6082167,주간 증가분(누적 하한),2024-12-14,,,,y
playboard_weekly_film,안곰TV,UCeY3m_ngsWYOQ65KDEFep0g,1760000,,,Hg-pz0RPbIQ,https://www.youtube.com/shorts/Hg-pz0RPbIQ,[안곰툰] 야르송🥵,5210483,주간 증가분(누적 하한),2026-07-18,,,,y
playboard_weekly_film,샬론티,UCFYg13kVuwM2vO1ASSpsrnA,402000,,,tuYO7DCO3OQ,https://www.youtube.com/shorts/tuYO7DCO3OQ,쿠킹덤 - Meccha Chameleon,5030147,주간 증가분(누적 하한),2026-08-04,,,,y
playboard_weekly_film,𝔇𝔞𝔪𝔞𝔤𝔢𝔡 𝔜,UCKXqVVDmul0lKHpi8xA7-bw,550000,,,59e1c48SxcE,https://www.youtube.com/shorts/59e1c48SxcE,퇴마사 나타 (Ne Zha 1 edit),5646731,주간 증가분(누적 하한),2026-01-24,,,,y
playboard_weekly_film,ひとくちえいが,UCtvbzTLoRD9A00EdfT0zwBw,17100,,,i-q18Ivixm0,https://www.youtube.com/shorts/i-q18Ivixm0,本物の殺人鬼が誰も信じてくれない,4765199,주간 증가분(누적 하한),2026-08-03,,,,y
playboard_weekly_film,고누리,UCs0P4GrXEumyYn-d8ASrGlA,3380000,,,AzATQeDQKuM,https://www.youtube.com/shorts/AzATQeDQKuM,총보다 활이 무서운 진짜 이유 💀,4572765,주간 증가분(누적 하한),2026-08-04,,,,y
playboard_weekly_film,감놔라,UCXcEoSTJDdt4t6otvikM_xA,13200,,,JGDgP2TPlCI,https://www.youtube.com/shorts/JGDgP2TPlCI,애드립에 찐으로 뿜은 마동석 #마동석,4542810,주간 증가분(누적 하한),2026-08-02,,,,y
playboard_weekly_film,무비체인,UC0m6ygdHkY8T8y3U3eyQoOQ,489000,,,8vBT0ajH4J4,https://www.youtube.com/shorts/8vBT0ajH4J4,톰 홀랜드 인성이 돋보인 브랜드 뉴 데이 행사장,4451165,주간 증가분(누적 하한),2026-08-04,,,,y
playboard_weekly_film,반짝반짝 달님이 Dalimi_Animation,UCXB3QDMncTKZFsGrd11zviw,3840000,,,Al5L8K6UPhE,https://www.youtube.com/shorts/Al5L8K6UPhE,나도 아기 돌보고 싶어요!👶🍼ㅣ달님이 | 노래 | 율동 | 키즈 | 뮤지컬 | 반짝반짝 달님이 #cartoon,5693645,주간 증가분(누적 하한),2026-07-25,,,,y
playboard_weekly_film,안곰TV,UCeY3m_ngsWYOQ65KDEFep0g,1760000,,,LTwM-s9bq68,https://www.youtube.com/shorts/LTwM-s9bq68,[안곰툰] 술래 농락하는 멧챠카멜레온ㅋㅋ,4295551,주간 증가분(누적 하한),2026-07-25,,,,y
playboard_weekly_film,마샤와 곰,UCPDp0wLWyDx6XVYWRIjI2Kw,4070000,,,4YoBVsILN_A,https://www.youtube.com/shorts/4YoBVsILN_A,새해 복 많이 받으세요! 🎄 #shorts #마샤와곰 #mashaandthebear #크리스마스 소동 #kids #cartoon,5351991,주간 증가분(누적 하한),2024-12-28,,,,y
playboard_weekly_film,XANE,UCAW7Qd-C_M7CHxfnTet8M0A,2990000,,,EKQ2rUM3J5w,https://www.youtube.com/shorts/EKQ2rUM3J5w,THE WORLD CUP AND BRAZIL🇧🇷💔 #brazil #countryhumans  #worldcup #worldcup2026,4134656,주간 증가분(누적 하한),2026-07-20,,,,y
playboard_weekly_film,dsand 디샌드,UC5f7SMkMhIwMBAujIdt79zg,10600000,,,Vxmdgel5h14,https://www.youtube.com/shorts/Vxmdgel5h14,121.5 - 붕괴: 스타레일 프로모션!!🤩😳✨✨ | #myghostfriend #animation #shorts #dsand #anime #cute,4046562,주간 증가분(누적 하한),2026-07-15,,,,y
playboard_weekly_film,진짜 잠깐만,UCLChexBTEyyWwTAkbPymNNg,355000,,,9Ik0N4rLjLQ,https://www.youtube.com/shorts/9Ik0N4rLjLQ,폭염에 정줄 놓은 미국인들을 구원한 다이슨 손풍기,4039169,주간 증가분(누적 하한),2026-08-06,,,,y
playboard_weekly_film,오콘키즈,UCTibPQDoQUvx_OLrTaN492w,2820000,,,T7Bbam9pb6s,https://www.youtube.com/shorts/T7Bbam9pb6s,[슈퍼잭] 배고파송 댄스 챌린지,4137951,주간 증가분(누적 하한),2023-05-20,,,,y
playboard_weekly_film,꾸르맛,UCUhDzlKZTse34MW5SkLcfKw,7600,,,Na_G9WZEmLE,https://www.youtube.com/shorts/Na_G9WZEmLE,마음 다잡고 공무원이 된 전직 타짜를 건드린 선배들 #타짜원아이드잭,3858954,주간 증가분(누적 하한),2026-07-30,,,,y
playboard_weekly_film,감놔라,UCXcEoSTJDdt4t6otvikM_xA,13200,,,urPNXVEX5yY,https://www.youtube.com/shorts/urPNXVEX5yY,찐으로 까먹은거 아니냐는 마동석 #마동석,3832958,주간 증가분(누적 하한),2026-08-03,,,,y
playboard_weekly_film,메롱이,UCSkKzA2uLvEd3Y9Gfj_tq3g,411000,,,TutsqKD-Qss,https://www.youtube.com/shorts/TutsqKD-Qss,메차쿠차 카멜레온,8359737,주간 증가분(누적 하한),2026-08-11,,,,y
playboard_weekly_film,무비의 순간,UC7wVFAGVBqUzZ58RMiu6rtQ,10100,,,j0zXW8WvMTU,https://www.youtube.com/shorts/j0zXW8WvMTU,가해자 부모 참교육 제대로 박아버린 레전드 판사님 #신사장프로젝트 #참교육 #드라마추천,5030559,주간 증가분(누적 하한),2026-08-07,,,,y
playboard_weekly_film,숨은명화찾기,UCIyAMR-WNHrGUGhRCJdzNlg,39100,,,ac9qM_IahyE,https://www.youtube.com/shorts/ac9qM_IahyE,추억돋는 새학기 풍경,4848463,주간 증가분(누적 하한),2026-08-08,,,,y
playboard_weekly_film,낚시터,UCks0LFgtpFKyn_rR3zj21xQ,188000,,,S9DVwNhBB4A,https://www.youtube.com/shorts/S9DVwNhBB4A,특별한 방에서 본연의 소리 듣기,4691929,주간 증가분(누적 하한),2026-08-10,,,,y
playboard_weekly_film,국뽕탐지견,UCDwtFr8p3vfgZY-83lP5LYQ,7940,,,XFe3v3E0inw,https://www.youtube.com/shorts/XFe3v3E0inw,고기만 먹는 외국인을 본 사장님의 행동,4666286,주간 증가분(누적 하한),2026-08-09,,,,y
playboard_weekly_film,톰토미 [TOMTOMI] - 인기 동요・동화,UCvNGDjkxo4H0DfbyL_djc6Q,920000,,,gzOofJswFaA,https://www.youtube.com/shorts/gzOofJswFaA,위험한 백상아리가 나타났다! | 바다 경찰 범고래 | 인기 동요 | #톰토미 #shorts,4050348,주간 증가분(누적 하한),2026-08-05,,,,y
playboard_weekly_film,막장썰롱,UCFBGq2tuUQLL3g7-kmgj5Iw,76800,,,7V2evKOeLr8,https://www.youtube.com/shorts/7V2evKOeLr8,나보다 친정 식구들이랑 더 친한 남편 ㅋㅋ  #shorts,4036096,주간 증가분(누적 하한),2026-08-06,,,,y
playboard_weekly_film,엄마 까투리,UChW2I5w3bUDi8rgLfjosVrg,1530000,,,re0To-65PYI,https://www.youtube.com/shorts/re0To-65PYI,엄마 까투리 | Shorts | 꽁지 구급차가 출발합니다! #엄마까투리 #katuri,4015955,주간 증가분(누적 하한),2026-08-06,,,,y
playboard_weekly_film,리틀신비🎵 | 키즈 율동 동요,UCbXvj_H3xn3J0j-9Fh75Z3w,2240000,,,tdnIzK7IAhI,https://www.youtube.com/shorts/tdnIzK7IAhI,⚠신기한 엘리베이터⚠ 꼭 필요한 버튼만 눌러야지! 😣ㅣ어린이 동요 | 안전깨비송ㅣ엘리베이터 승강기 안전 | 리틀신비 인기동요ㅣLittleShinbi,3526738,주간 증가분(누적 하한),2025-01-04,,,,y
playboard_weekly_film,Dra무비,UCE1q2t9X0WWJfmrN5qRjCcA,8150,,,IaN_YpvSSJY,https://www.youtube.com/shorts/IaN_YpvSSJY,막장인생 용역깡패가 사장님이자 형을 대하는 방법 #양익준 #정만식 #똥파리 #영화,3433503,주간 증가분(누적 하한),2026-08-09,,,,y
playboard_weekly_film,무드뷰,UCBwEeDK2QRE34d54Do9jIaw,56000,,,E8uvL1DL2Tg,https://www.youtube.com/shorts/E8uvL1DL2Tg,사랑해서 거짓말하던 남친의 최후,3435713,주간 증가분(누적 하한),2026-08-13,,,,y
playboard_weekly_film,폭스토리,UCQTqKcCkodd7tiRrAzlqo-A,216000,,,hKeRG-x2L3c,https://www.youtube.com/shorts/hKeRG-x2L3c,실시간 인기 급상승 중인 불량연애 막내 타이짱,3234385,주간 증가분(누적 하한),2026-08-10,,,,y
playboard_weekly_film,ODS,UCXour4_Dw-ZM2xvCQfleRBQ,521000,,,MT7C1MpDUGU,https://www.youtube.com/shorts/MT7C1MpDUGU,나라별 깜짝 프로포즈 😍💖,3233265,주간 증가분(누적 하한),2026-08-11,,,,y
playboard_weekly_film,진짜 잠깐만,UCLChexBTEyyWwTAkbPymNNg,355000,,,dsily0A1jPw,https://www.youtube.com/shorts/dsily0A1jPw,무인도에서 가장 유용한 의외의 물건,3201594,주간 증가분(누적 하한),2026-08-09,,,,y
playboard_weekly_film,톰토미 [TOMTOMI] - 인기 동요・동화,UCvNGDjkxo4H0DfbyL_djc6Q,920000,,,eTN-Nn5kcV8,https://www.youtube.com/shorts/eTN-Nn5kcV8,악어가 쫓아온다~| 열꼬마 친구들 | 인기 동요 | #톰토미 #shorts,3167761,주간 증가분(누적 하한),2026-07-25,,,,y
playboard_weekly_film,ひとくちえいが,UCtvbzTLoRD9A00EdfT0zwBw,17100,,,BV1tv2VVjss,https://www.youtube.com/shorts/BV1tv2VVjss,障害のある子を持つ親の本音,3133510,주간 증가분(누적 하한),2026-08-07,,,,y
playboard_weekly_film,시네마라이프,UCPJJD_aBIUWdRo62Pe3cS_A,32300,,,98wKCxmKhIg,https://www.youtube.com/shorts/98wKCxmKhIg,3만볼트가 흐르는 감옥에서 완벽하게 탈출하는 방법,6968456,주간 증가분(누적 하한),2026-08-18,,,,y
playboard_weekly_film,미르,UCD0vf4rcYRjnl2kYekNwt3A,28000,,,e-zRHaf9iyQ,https://www.youtube.com/shorts/e-zRHaf9iyQ,이게 진정한 인간 빅맥 ㅋㅋㅋ,5852069,주간 증가분(누적 하한),2026-08-16,,,,y
playboard_weekly_film,은무비,UCyK297S_YMYrp2BKs3wO2sA,4230,,,iXlqTDhsEkg,https://www.youtube.com/shorts/iXlqTDhsEkg,최민수가 단골 카페 사장 한마디에 분노한 이유,4753290,주간 증가분(누적 하한),2026-08-20,,,,y
playboard_weekly_film,짤시네마,UCRb9buyr1IW1yPB4RlQYa-A,23300,,,ZagoXN14IWU,https://www.youtube.com/shorts/ZagoXN14IWU,누구나 한 번은 꼭 만나게 되는 사람,4723719,주간 증가분(누적 하한),2026-08-11,,,,y
playboard_weekly_film,ODS,UCXour4_Dw-ZM2xvCQfleRBQ,521000,,,AvubpH-ID8s,https://www.youtube.com/shorts/AvubpH-ID8s,🥳나라별 생일파티 서프라이즈🎂,4476219,주간 증가분(누적 하한),2026-08-18,,,,y
playboard_weekly_film,순간숏,UC1q8agqMtjihHwZwiTNMQfw,21300,,,7VErHE8F3-Q,https://www.youtube.com/shorts/7VErHE8F3-Q,화장실 갈 때마다 지옥을 보는 남자,4313191,주간 증가분(누적 하한),2026-08-14,,,,y
playboard_weekly_film,"1,950,000",UCz2KbgTUwirkfmHDT44009w,13,,,ph98w81K7pg,https://www.youtube.com/shorts/ph98w81K7pg,[체리툰] Terranova meme,4023305,주간 증가분(누적 하한),2026-08-14,,,,y
playboard_weekly_film,무비닷,UCGLaQEe0PBNZzvIW_uwkJrA,43700,,,eczRu-scRpc,https://www.youtube.com/shorts/eczRu-scRpc,대사 없이 사랑을 표현하는 배우 #박보검 #원더랜드,3900230,주간 증가분(누적 하한),2026-08-16,,,,y
playboard_weekly_film,굿피플즈,UCjF-6fNbNndenXNV5AlstLA,29000,,,eyGAumrzsoo,https://www.youtube.com/shorts/eyGAumrzsoo,박성웅이 엑스트라 역할도 진심인 이유 #스케치코미디 #예능 #웃긴영상 #코미디,3647606,주간 증가분(누적 하한),2026-07-30,,,,y
playboard_weekly_film,드라마노티스,UCbz7l1F6amcCnBHoBps5Ogg,13000,,,1TP8_sQoXew,https://www.youtube.com/shorts/1TP8_sQoXew,첫사랑을 본 악마데우스의 최후 #언젠가는슬기로울전공의생활 #조정석 #전미도,3638569,주간 증가분(누적 하한),2026-08-19,,,,y
playboard_weekly_film,"1,950,000",UCz2KbgTUwirkfmHDT44009w,17,,,dPWBIXqm1Ok,https://www.youtube.com/shorts/dPWBIXqm1Ok,[체리툰] 머리 풀면 생기는 일,3790060,주간 증가분(누적 하한),2026-08-21,,,,y
playboard_weekly_film,소니픽쳐스코리아,UCY2wHBgv2W30w6lqoLxq99g,80800,,,HaRN5LKCEjw,https://www.youtube.com/shorts/HaRN5LKCEjw,[스파이더맨: 브랜드 뉴 데이] 영원한 히어로,5949805,주간 증가분(누적 하한),2026-08-27,,,,y
playboard_weekly_film,"1,950,000",UCz2KbgTUwirkfmHDT44009w,4,,,n6bwWnc9rOk,https://www.youtube.com/shorts/n6bwWnc9rOk,[체리툰] 입국심사,5738962,주간 증가분(누적 하한),2026-08-25,,,,y
playboard_weekly_film,난드,UC8KjifYzzAIYR7JyMkmeBBw,117000,,,7nY0_PzUy0Y,https://www.youtube.com/shorts/7nY0_PzUy0Y,"역대급 폭염에 오침 사수를 위한 처절한 사투, #신병4, #ENA",5599839,주간 증가분(누적 하한),2026-08-25,,,,y
playboard_weekly_film,드짱,UC9jU92CtZOA4o4inKbEUnuw,26700,,,gSaUbkBJyyc,https://www.youtube.com/shorts/gSaUbkBJyyc,죽기 전에도 기억날 추억을 선물한 금명이 #폭싹속았수다,5423243,주간 증가분(누적 하한),2026-08-26,,,,y
playboard_weekly_film,순간숏,UC1q8agqMtjihHwZwiTNMQfw,21300,,,OZUdjGE-J2A,https://www.youtube.com/shorts/OZUdjGE-J2A,빈손으로 왔다가 빈손으로 떠나는 인생,5212499,주간 증가분(누적 하한),2026-08-27,,,,y
playboard_weekly_film,안곰TV,UCeY3m_ngsWYOQ65KDEFep0g,1760000,,,CC_S9KAfXG4,https://www.youtube.com/shorts/CC_S9KAfXG4,[안곰툰] 쏘~BAD한 멧챠카멜레온😏,4555085,주간 증가분(누적 하한),2026-08-22,,,,y
playboard_weekly_film,씬집합소,UCw6Ct6Gxb6mPH4VhZpBi6SA,3950,,,n5wkW52pSyo,https://www.youtube.com/shorts/n5wkW52pSyo,환자를 살리는 일 앞에서는 누구보다 단호한 의사 #슬기로운의사생활,4530426,주간 증가분(누적 하한),2026-08-22,,,,y
playboard_weekly_film,드라마노티스,UCbz7l1F6amcCnBHoBps5Ogg,13000,,,1VRYnMJQ-K8,https://www.youtube.com/shorts/1VRYnMJQ-K8,송화의 먹성 클라스 #슬기로운의사생활시즌2 #조정석 #전미도 #정경호,4376128,주간 증가분(누적 하한),2026-08-26,,,,y
playboard_weekly_film,순간숏,UC1q8agqMtjihHwZwiTNMQfw,21300,,,1X-adUiMjWw,https://www.youtube.com/shorts/1X-adUiMjWw,인간과 동물의 가장 큰 차이점,4173356,주간 증가분(누적 하한),2026-08-25,,,,y
playboard_weekly_film,ODS,UCXour4_Dw-ZM2xvCQfleRBQ,521000,,,xMjLJsrmmr4,https://www.youtube.com/shorts/xMjLJsrmmr4,나라별 공주놀이👑😍,4128934,주간 증가분(누적 하한),2026-08-25,,,,y
playboard_weekly_film,"4,100,000",UCx5xUie-SBVsryNyHxd8Egw,18,,,YnWSOcGQIKg,https://www.youtube.com/shorts/YnWSOcGQIKg,Tiny Anomaly Gets Sulky #2 Animal Hospital Roblox #animalhospital #roblox,3666526,주간 증가분(누적 하한),2026-08-28,,,,y
playboard_weekly_film,복순무비,UCLOEysitPneviwbTP2Yu7jg,9930,,,U5pW-dVPT90,https://www.youtube.com/shorts/U5pW-dVPT90,일제강점기 때 철저히 이용당한 조선 여성의 처참한 운명,3502781,주간 증가분(누적 하한),2026-08-24,,,,y
playboard_weekly_film,노팅킹,UC9f84VhwZXHDmHzyXmcgjhw,328000,,,r4kq37hMFNw,https://www.youtube.com/shorts/r4kq37hMFNw,별점 만점 받았다는 상담사,3268901,주간 증가분(누적 하한),2026-08-06,,,,y
playboard_weekly_film,마샤와 곰,UCPDp0wLWyDx6XVYWRIjI2Kw,4070000,,,Vt8vMEU7CSc,https://www.youtube.com/shorts/Vt8vMEU7CSc,참사 1초 전... ❄️ #shorts #외계인 #mashaandthebear #kids #12달의 전설  #cartoon #kidscartoons,3177251,주간 증가분(누적 하한),2025-12-25,,,,y
playboard_weekly_film,프피의 삶 INFP's Daily,UCoWLLEMUgAbKCszfgH959mA,271000,,,qbAVN0jNi5I,https://www.youtube.com/shorts/qbAVN0jNi5I,인간 vs 차단봉 과연 누가 이길까?,8040789,주간 증가분(누적 하한),2026-09-03,,,,y
playboard_weekly_film,내친구 코리리_MY FRIEND KORIRI,UCrRFnxPnra1_6o_jZX9otkg,329000,,,ejn_Jb0iLwU,https://www.youtube.com/shorts/ejn_Jb0iLwU,코리리 동요 | 응가송 💩  | 똥똥똥 뿡빵빵! 신나는 응가시간! | 신나는 어린이 인기 동요,6881339,주간 증가분(누적 하한),2026-08-29,,,,y
playboard_weekly_film,톰토미 [TOMTOMI] - 인기 동요・동화,UCvNGDjkxo4H0DfbyL_djc6Q,920000,,,-GfBmZLPpTI,https://www.youtube.com/shorts/-GfBmZLPpTI,으앗! 도망가자! 버팔로가 쫓아온다! | 열꼬마 친구들 | 열꼬마 인디언 | 인기 동요 | #톰토미 #shorts,5049158,주간 증가분(누적 하한),2026-08-11,,,,y
playboard_weekly_film,컷모아,UCwP5QI7pJeM1xPsHjr8_bEQ,17400,,,_0uMSTDG93Q,https://www.youtube.com/shorts/_0uMSTDG93Q,40넘어 칼국수 먹다 5세처럼 싸운 이유? #슬의생,4669280,주간 증가분(누적 하한),2026-08-30,,,,y
playboard_weekly_film,"4,100,000",UCx5xUie-SBVsryNyHxd8Egw,8,,,hKPR9FWN6Yk,https://www.youtube.com/shorts/hKPR9FWN6Yk,친구는 마치 동물병원 트렌드 같아요 #roblox #animalhospital,4175175,주간 증가분(누적 하한),2026-08-31,,,,y
playboard_weekly_film,쑈옷,UC2PCyP-r5Lw3eCXHjhSthLA,470000,,,WR6Tmv88Npw,https://www.youtube.com/shorts/WR6Tmv88Npw,구독자 수 1명 당 레고 1개 방에 붙임 ㅋㅋㅋ,4092556,주간 증가분(누적 하한),2026-08-28,,,,y
playboard_weekly_film,프피의 삶 INFP's Daily,UCoWLLEMUgAbKCszfgH959mA,271000,,,fVOFOzn46aY,https://www.youtube.com/shorts/fVOFOzn46aY,점자블록 위에서 유쾌한 만남,3629018,주간 증가분(누적 하한),2026-09-01,,,,y
playboard_weekly_film,ODS,UCXour4_Dw-ZM2xvCQfleRBQ,521000,,,XcV1_-gxFpg,https://www.youtube.com/shorts/XcV1_-gxFpg,나라별 서프라이즈 생일파티 리액션🎂🥳,3584901,주간 증가분(누적 하한),2026-09-01,,,,y
playboard_weekly_film,혀끝의 항해,UCwKzMmO4ehNXMtg7dUwXCWg,9560,,,Tt774s8dfqE,https://www.youtube.com/shorts/Tt774s8dfqE,악덕 자영업자 비계 삼겹살 VS 무전취식 삼인방,3332785,주간 증가분(누적 하한),2026-08-31,,,,y
playboard_weekly_film,꿀잼클립,UC2tcb5DYSGpSzhKTPj9Ub3Q,15800,,,8ptgezGzOGk,https://www.youtube.com/shorts/8ptgezGzOGk,이주빈과의 연애를 모두가 말렸던 이유 #넷플릭스 #종이의집 #이주빈,3274592,주간 증가분(누적 하한),2026-08-28,,,,y
playboard_weekly_film,미녀미남_로그,UC0PwR5bxODPU6tF-nmsV0fg,7270,,,t30r9TrZdbQ,https://www.youtube.com/shorts/t30r9TrZdbQ,립스틱 묻혀서 볼에 컨페티 붙이는 스텔라 ㅋㅋㅋ,3141040,주간 증가분(누적 하한),2026-08-29,,,,y
playboard_weekly_film,포레이로,UCWsBSz9TFbTP6sqOO5V8g2w,20400,,,WbUliW8Or7E,https://www.youtube.com/shorts/WbUliW8Or7E,괴물실험을 위해 희생된 마루타 부대의 조선인들 #경성크리처,3104164,주간 증가분(누적 하한),2026-09-02,,,,y
playboard_weekly_film,"4,100,000",UCx5xUie-SBVsryNyHxd8Egw,17,,,Q5nT2QUXH5Q,https://www.youtube.com/shorts/Q5nT2QUXH5Q,로블록스 동물 병원: 비밀 요원 x 인턴 광기 모드 #로블록스 #동물병원,3059328,주간 증가분(누적 하한),2026-09-03,,,,y
playboard_weekly_film,영드락,UCPMpJY2gXwg1z7emVdzUljw,25400,,,3guazyHcmZY,https://www.youtube.com/shorts/3guazyHcmZY,짱구의 남녀 구분 방법,3056621,주간 증가분(누적 하한),2026-08-31,,,,y
playboard_weekly_film,,UCMO2rfYE0LjBv_m4E5MhZ0w,,,,hwgeNcI8vP4,https://www.youtube.com/shorts/hwgeNcI8vP4,Promotion,2911470,주간 증가분(누적 하한),2026-09-02,,,,y
playboard_weekly_film,숏순위,UCKBZqfX9sz-ILEKZElCliDA,34000,,,tRrS3sO-9nw,https://www.youtube.com/shorts/tRrS3sO-9nw,바닷속 레스토랑의 음식 조달법 ㅋㅋ,8157212,주간 증가분(누적 하한),2026-08-28,,,,y
playboard_weekly_film,드짱,UC9jU92CtZOA4o4inKbEUnuw,26700,,,znrHx-m3So8,https://www.youtube.com/shorts/znrHx-m3So8,오직 남동생만 할 수 있는 위로 #폭싹속았수다,3972428,주간 증가분(누적 하한),2026-09-07,,,,y
playboard_weekly_film,픽츄 : Pick-Chu,UCZUjLw9C0Tt3VECAhQO9buA,322000,,,KZsl-wdSkhs,https://www.youtube.com/shorts/KZsl-wdSkhs,형(현빈)이 동생(우도환)을 제압하는 법 #메이드인코리아 #현빈 #정성일 #우도환 #디즈니플러스,3447435,주간 증가분(누적 하한),2026-09-09,,,,y
playboard_weekly_film,드라마노티스,UCbz7l1F6amcCnBHoBps5Ogg,13000,,,cuUTJe4Oplc,https://www.youtube.com/shorts/cuUTJe4Oplc,감성 폭발한 장홍도의 급발진 #슬기로운의사생활 #조정석 #배현성,3396516,주간 증가분(누적 하한),2026-09-07,,,,y
playboard_weekly_film,이게뭔일이래,UCZ_MX3BtH3LKyUU-289qwSg,15900,,,GMO1caSv1Gw,https://www.youtube.com/shorts/GMO1caSv1Gw,신병 행보관의 눈물겨운 과거 20년 #오용 #신병4 #박재수,3268961,주간 증가분(누적 하한),2026-09-07,,,,y
playboard_weekly_film,숨은명화찾기,UCIyAMR-WNHrGUGhRCJdzNlg,39100,,,e1TFkbmMXq0,https://www.youtube.com/shorts/e1TFkbmMXq0,논두렁 양아치들을 건드린 서울 조폭의 최후,3094899,주간 증가분(누적 하한),2026-09-04,,,,y
playboard_weekly_film,드라마노티스,UCbz7l1F6amcCnBHoBps5Ogg,13000,,,z-JdmTIA9EY,https://www.youtube.com/shorts/z-JdmTIA9EY,먹깨비 송화의 남다른 클라스 #슬기로운의사생활 #조정석 #전미도 #정경호,3082200,주간 증가분(누적 하한),2026-09-06,,,,y
playboard_weekly_film,내친구 코리리_MY FRIEND KORIRI,UCrRFnxPnra1_6o_jZX9otkg,329000,,,RzJdxCJLxKY,https://www.youtube.com/shorts/RzJdxCJLxKY,코리리 동요 | 자동차송 🚒 | 소방차 출동! | 신나는 어린이 인기 동요,2939221,주간 증가분(누적 하한),2026-08-08,,,,y
playboard_weekly_film,무비체인,UC0m6ygdHkY8T8y3U3eyQoOQ,489000,,,J8lxoRbPP5o,https://www.youtube.com/shorts/J8lxoRbPP5o,마블에서 해고당한 배우들의 뒤바뀐 운명,2826445,주간 증가분(누적 하한),2026-09-07,,,,y
playboard_weekly_film,dsand 디샌드,UC5f7SMkMhIwMBAujIdt79zg,10600000,,,PWCsmXfXD24,https://www.youtube.com/shorts/PWCsmXfXD24,115 - 엘라의 새 드레스👗🩷😶😶  | #myghostfriend #animation #shorts #dsand #anime #cute,2737227,주간 증가분(누적 하한),2025-11-30,,,,y
playboard_weekly_film,무비픽스,UC1i-J68LERo5YsIy-VH3c6Q,96400,,,JiRLpSQoc_A,https://www.youtube.com/shorts/JiRLpSQoc_A,보이지 않았을 뿐 당연한 것은 아니었죠,2985823,주간 증가분(누적 하한),2026-09-09,,,,y
playboard_weekly_film,리뷰보고가,UC1Nqt39zgpDxUM8S8l1lUIw,10900,,,756j_dSuATs,https://www.youtube.com/shorts/756j_dSuATs,백기태의 여동생 백소영이 흑화한 이유 #메이드인코리아2 #메이드인코리아시즌2,2697225,주간 증가분(누적 하한),2026-09-11,,,,y
playboard_weekly_film,"4,100,000",UCx5xUie-SBVsryNyHxd8Egw,2,,,Cw74HraErh0,https://www.youtube.com/shorts/Cw74HraErh0,"의사 선생님, 의사 선생님 #로블록스 #동물병원 #shorts",9345046,주간 증가분(누적 하한),2026-09-13,,,,y
playboard_weekly_film,무비픽스,UC1i-J68LERo5YsIy-VH3c6Q,96400,,,N_QlTmcptmc,https://www.youtube.com/shorts/N_QlTmcptmc,누구나 거울 속 자신을 좋아하고 싶어 합니다,5200369,주간 증가분(누적 하한),2026-09-18,,,,y
playboard_weekly_film,다시그림,UCM_LIlvCNG1f1_S_Sdcb_MA,13899,,,qeL9ZX5rF7A,https://www.youtube.com/shorts/qeL9ZX5rF7A,버릇없는 일본군 참교육한 한국 여우 #이동욱 #김범 #김소연 #구미호뎐1938 #드라마,5062069,주간 증가분(누적 하한),2026-09-14,,,,y
playboard_weekly_film,콩순이 Kongsuni,UC3sCmmMaM383cjv1jNdiU2w,6000000,,,W5RF8MTT1jY,https://www.youtube.com/shorts/W5RF8MTT1jY,에너지를 만들어 주는 맛있는 쌀밥🍙ㅣ콩순이랑 배워요 시즌2ㅣ#생활 #식사 #생활습관 #식습관 #음식,8641623,주간 증가분(누적 하한),2026-06-21,,,,y
playboard_weekly_film,미츼겠다,UCdVTF9AmbWoc2LoYkHb5ehg,40500,,,7DbN0_LCmYE,https://www.youtube.com/shorts/7DbN0_LCmYE,해외에서 난리난 고양이 후드티,4707322,주간 증가분(누적 하한),2026-09-16,,,,y
playboard_weekly_film,"4,100,000",UCx5xUie-SBVsryNyHxd8Egw,12,,,edulJYdjY7Q,https://www.youtube.com/shorts/edulJYdjY7Q,의사 선생님을 불러주세요 노래 동물 병원 67 #roblox #동물병원,4262254,주간 증가분(누적 하한),2026-09-14,,,,y
playboard_weekly_film,레전드씬,UC5NT6_E3Jqk6fMxeZvsBZRA,39800,,,uJL9tVVnoOI,https://www.youtube.com/shorts/uJL9tVVnoOI,안하무인 재벌가 망나니가 살아가는 법,4018793,주간 증가분(누적 하한),2026-09-14,,,,y
playboard_weekly_film,ODS,UCXour4_Dw-ZM2xvCQfleRBQ,521000,,,RPCXHeLE1Fs,https://www.youtube.com/shorts/RPCXHeLE1Fs,나라별 공주놀이👑,3849946,주간 증가분(누적 하한),2026-09-15,,,,y
playboard_weekly_film,ODS,UCXour4_Dw-ZM2xvCQfleRBQ,521000,,,-fj2tbD4zD4,https://www.youtube.com/shorts/-fj2tbD4zD4,나라별 서프라이즈 프로포즈 💍💎,3727082,주간 증가분(누적 하한),2026-09-08,,,,y
playboard_weekly_film,ランキング便,UCa1am9kcTDnZbKfTxVprfEw,23400,,,VYqVAkyBxJ4,https://www.youtube.com/shorts/VYqVAkyBxJ4,海の中のレストランの食材調達法ww,3452057,주간 증가분(누적 하한),2026-08-28,,,,y
playboard_weekly_film,짤시네마,UCRb9buyr1IW1yPB4RlQYa-A,23300,,,2p1e9fAGnPI,https://www.youtube.com/shorts/2p1e9fAGnPI,화장실만 갔을 뿐인데 관심사원 된 이유,3204499,주간 증가분(누적 하한),2026-09-14,,,,y
playboard_weekly_film,무비픽스,UC1i-J68LERo5YsIy-VH3c6Q,96400,,,kOCXOWcHp9Q,https://www.youtube.com/shorts/kOCXOWcHp9Q,미안함은 늘 사랑보다 늦게 도착합니다,6839808,주간 증가분(누적 하한),2026-09-20,,,,y
playboard_weekly_film,무비픽스,UC1i-J68LERo5YsIy-VH3c6Q,96400,,,3pA65jGwMxw,https://www.youtube.com/shorts/3pA65jGwMxw,믿기 힘든 진실은 완벽한 거짓말이 됩니다,5104898,주간 증가분(누적 하한),2026-09-19,,,,y
playboard_weekly_film,콩순이 Kongsuni,UC3sCmmMaM383cjv1jNdiU2w,6000000,,,RpQh4xm_8ms,https://www.youtube.com/shorts/RpQh4xm_8ms,콩콩이가 열 명이라구?!!ㅣ🆕콩순이의 율동교실💛 열 꼬마 내 동생,4058810,주간 증가분(누적 하한),2025-12-11,,,,y
playboard_weekly_film,프피의 삶 INFP's Daily,UCoWLLEMUgAbKCszfgH959mA,271000,,,X0o2XtY6Gi4,https://www.youtube.com/shorts/X0o2XtY6Gi4,RPG 게임에서 얼음 검을 얻으면,3741680,주간 증가분(누적 하한),2026-09-22,,,,y
playboard_weekly_film,무비픽스,UC1i-J68LERo5YsIy-VH3c6Q,96400,,,draPzw2WIyk,https://www.youtube.com/shorts/draPzw2WIyk,배려는 때론 묻지 않는 데서 시작됩니다,3712165,주간 증가분(누적 하한),2026-09-24,,,,y
playboard_weekly_film,ODS,UCXour4_Dw-ZM2xvCQfleRBQ,521000,,,9GtLFWNYLZ0,https://www.youtube.com/shorts/9GtLFWNYLZ0,나라별 몬스터😈😱,3701785,주간 증가분(누적 하한),2026-09-22,,,,y
playboard_weekly_film,"138,000",UCRV0Gb4i99Aj9UiqCE8xlvw,17,,,5RQ3BMa1EEE,https://www.youtube.com/shorts/5RQ3BMa1EEE,[타짜: 벨제붑의 노래] 절찬 상영중♠️,3082612,주간 증가분(누적 하한),2026-09-23,,,,y
playboard_weekly_film,순간숏,UC1q8agqMtjihHwZwiTNMQfw,21300,,,pzTBrinL7GY,https://www.youtube.com/shorts/pzTBrinL7GY,결국 들통나버린 가짜 사랑과 결혼,2860807,주간 증가분(누적 하한),2026-09-19,,,,y
playboard_weekly_film,콩순이 Kongsuni,UC3sCmmMaM383cjv1jNdiU2w,6000000,,,u_8jx6uqTjw,https://www.youtube.com/shorts/u_8jx6uqTjw,🌈슝~ 미끄럼틀을 타면서 무지개를 만들어요~🌈 #색깔놀이ㅣ콩순이랑 배워요,2846621,주간 증가분(누적 하한),2025-11-06,,,,y
playboard_weekly_film,"4,100,000",UCx5xUie-SBVsryNyHxd8Egw,3,,,CF72BzOrpek,https://www.youtube.com/shorts/CF72BzOrpek,Doctor doctor #roblox #animalhospital,8650996,주간 증가분(누적 하한),2026-09-28,,,,y
playboard_weekly_film,"4,100,000",UCx5xUie-SBVsryNyHxd8Egw,4,,,QNcw_5or554,https://www.youtube.com/shorts/QNcw_5or554,비밀 요원이 안고 있는 뚱뚱한 캐릭터는 누구일까요? #로블록스 #동물병원,7895218,주간 증가분(누적 하한),2026-09-29,,,,y
playboard_weekly_film,곰씨네,UCsO7aok92qhEXCYk-Cop-yg,8860,,,VcGJqfPLX2I,https://www.youtube.com/shorts/VcGJqfPLX2I,진짜 와이프 등장에 컨셉 무너진 김대희,5144487,주간 증가분(누적 하한),2026-09-22,,,,y
playboard_weekly_film,숏스터무비,UCnMCUf4AjZ7QuV-Wsk-2lAQ,13899,,,9JpkuYTzA1g,https://www.youtube.com/shorts/9JpkuYTzA1g,존잘 재벌 2세의 진정 어린 합의 방법 #윤아 #이준호 #김준배,4275125,주간 증가분(누적 하한),2026-10-01,,,,y
playboard_weekly_film,"4,100,000",UCx5xUie-SBVsryNyHxd8Egw,11,,,DJkCJ6Vf4u8,https://www.youtube.com/shorts/DJkCJ6Vf4u8,닥터송 트리오 동물병원 로블록스,3936395,주간 증가분(누적 하한),2026-09-29,,,,y
playboard_weekly_film,미스터 리뷰,UCMNMP6DT0b6SHe9k90KnPLg,9100,,,2hPXCwAi-C8,https://www.youtube.com/shorts/2hPXCwAi-C8,엄격한 캘리포니아에서 하지말아야 하는 범죄,3887076,주간 증가분(누적 하한),2026-09-27,,,,y
playboard_weekly_film,무비픽스,UC1i-J68LERo5YsIy-VH3c6Q,96400,,,HuOjUFcUM7Q,https://www.youtube.com/shorts/HuOjUFcUM7Q,가장 거칠었지만 가장 확실했던 방법,3768351,주간 증가분(누적 하한),2026-09-26,,,,y
playboard_weekly_film,프피의 삶 INFP's Daily,UCoWLLEMUgAbKCszfgH959mA,271000,,,XnTfsOPcwsA,https://www.youtube.com/shorts/XnTfsOPcwsA,안보고 10초 맞추기 챌린지,3444303,주간 증가분(누적 하한),2026-09-27,,,,y
playboard_weekly_film,"4,100,000",UCx5xUie-SBVsryNyHxd8Egw,15,,,pekfqw-jIdU,https://www.youtube.com/shorts/pekfqw-jIdU,닥터 닥터 밈 🥰 #로블록스 #동물병원 #shorts,3351065,주간 증가분(누적 하한),2026-09-30,,,,y
playboard_weekly_film,Warner Bros. Korea,UC8AD5KHdsFzp8qoJvS4YSYg,136000,,,EyJau_sJ2f4,https://www.youtube.com/shorts/EyJau_sJ2f4,[디거] 빨리 움직여!,3295107,주간 증가분(누적 하한),2026-09-17,,,,y
playboard_weekly_film,EBS 키즈,UCx_dzPI6efSohgtOkAG43-A,5000000,,,72MLsTBQAeo,https://www.youtube.com/shorts/72MLsTBQAeo,뿡뿡이를 뒤잇는 방귀쟁이💨 #shorts,2815168,주간 증가분(누적 하한),2025-07-28,,,,y
playboard_weekly_film,디렉토끼,UCfpgHbxvxYNp7jsrwdr8f7A,19700,,,rDngtJs7eQU,https://www.youtube.com/shorts/rDngtJs7eQU,고기를 좋아하는 몸종 은실이 #스캔들,2639822,주간 증가분(누적 하한),2026-09-26,,,,y
playboard_weekly_howto,방구석장인,UCV9yA3rY1IKAXLT5rNNdhNA,92100,,,Bhg0Cz2Nn7I,https://www.youtube.com/shorts/Bhg0Cz2Nn7I,데크 스크루 자동 체결 시공법 🛠️ #decking #screwdriving #usa #satisfying #worker,21002870,주간 증가분(누적 하한),2026-07-31,,,,y
playboard_weekly_howto,주주줍줍,UCqNy9uROxLnobtIl1btzpqQ,261000,,,J_IzgVHU33U,https://www.youtube.com/shorts/J_IzgVHU33U,그녀가 사나운소를잠재운 방법#투우 #황소 #소몰이 #투우소 #동물영상#반전영상 #실화영상 #충격반전 #신기한영상 #짧은영상#여자와황소 #카리스마 #동물의세계 #shorts,18549723,주간 증가분(누적 하한),2026-05-12,,,,y
playboard_weekly_howto,맘맘챗 MomMomChat,UCNOBACO5r9YUsJiPoShxnZA,72800,,,z4cT2xPcaqM,https://www.youtube.com/shorts/z4cT2xPcaqM,🔥3700만뷰🔥이건 아이보다 부모가 더 좋아하는 육아템,10475915,주간 증가분(누적 하한),2026-07-24,,,,y
playboard_weekly_howto,Funtix Korean,UCW_yAbUNrD5q2d86wXyDjLg,110000,,,uf4fDh6vqVY,https://www.youtube.com/shorts/uf4fDh6vqVY,"최악의 정리 난장, 숨겨버리기 대작전! 😅🧹",9156141,주간 증가분(누적 하한),2026-08-08,,,,y
playboard_weekly_howto,몽실몽실,UCJoHS0Nxc5-3KGTFAzF0eEg,34700,,,IpwuA5xqcOs,https://www.youtube.com/shorts/IpwuA5xqcOs,농장에서 직접 수확한 달콤한 무화과 먹방,8001000,주간 증가분(누적 하한),2026-06-03,,,,y
playboard_weekly_howto,신분증,UCtzoZNSkynfeh5U3_uHGxCw,49600,,,MrjSmZwtOVA,https://www.youtube.com/shorts/MrjSmZwtOVA,엔진 볼트 푸는 방법 렌치 사용법 #worker #workers,7407034,주간 증가분(누적 하한),2026-08-01,,,,y
playboard_weekly_howto,신분증,UCtzoZNSkynfeh5U3_uHGxCw,49600,,,pvQEwfRiZZs,https://www.youtube.com/shorts/pvQEwfRiZZs,새싹차 기계 수확! 놀라운 효율! 🌿🚜 #worker #workers,6822731,주간 증가분(누적 하한),2026-07-10,,,,y
playboard_weekly_howto,Juno Craft 주노 크래프트,UCy-7IKA1JPVotnRUADxr6wQ,5150000,,,FSEsv-39q5c,https://www.youtube.com/shorts/FSEsv-39q5c,초귀욤🩷 음료수 미니어처 만들기🧃 DIY  miniature drink,6741060,주간 증가분(누적 하한),2024-04-20,,,,y
playboard_weekly_howto,Funtix Korean,UCW_yAbUNrD5q2d86wXyDjLg,110000,,,sFuS0BRdSd4,https://www.youtube.com/shorts/sFuS0BRdSd4,Gino의 작고 깜찍한 모습! 늘 그렇듯 자유분방! 🐱😄,6400585,주간 증가분(누적 하한),2026-08-09,,,,y
playboard_weekly_howto,WorkHUB10s,UCzXruPVv0accX8Il0el68TA,13300,,,Vv1iQMRrSpw,https://www.youtube.com/shorts/Vv1iQMRrSpw,스키드 스티어용 DIY 포스트 풀러로 기둥 쉽게 뽑기 #worker #process #skidsteer #diy #farming,6151699,주간 증가분(누적 하한),2026-07-04,,,,y
playboard_weekly_howto,ミニセカ,UCvbkUrW9XIxQ4B2R54Jw8ZA,81199,,,-l27QnCCcfc,https://www.youtube.com/shorts/-l27QnCCcfc,アメリカの店で転売ヤーの手口｜ポケカ,5054725,주간 증가분(누적 하한),2026-08-05,,,,y
playboard_weekly_howto,살림아리,UCue8W0IVdMt7bZfhTsBKL2A,221000,,,aruKyP2r2Xw,https://www.youtube.com/shorts/aruKyP2r2Xw,심심해하시는 할머니를 위해 재롱잔치에 나선 손녀들,5977956,주간 증가분(누적 하한),2026-06-22,,,,y
playboard_weekly_howto,BoxCat Joy 박스캣 조이,UCivNhE6GlNUnCAydzwK9u3A,239000,,,9zeimHMWCD4,https://www.youtube.com/shorts/9zeimHMWCD4,참신한 열쇠걸이,6481437,주간 증가분(누적 하한),2025-12-02,,,,y
playboard_weekly_howto,WorkSmith,UCxn-yCyhz73wmfVwqS4RTvA,7050,,,xk5pw2QntBA,https://www.youtube.com/shorts/xk5pw2QntBA,On Car Brake Disc Rotor Resurfacing and Precision Refacing Process,4740129,주간 증가분(누적 하한),2026-08-02,,,,y
playboard_weekly_howto,살림바구니,UCrs09i2RtfYSaPvCX62h9pA,92700,,,XyMAwLh_W_U,https://www.youtube.com/shorts/XyMAwLh_W_U,5초만에 충전 된다고? #보조배터리 #급속충전 #휴대용충전기,4725710,주간 증가분(누적 하한),2025-09-12,,,,y
playboard_weekly_howto,시다래,UCwlmdFDyTgINFm7tqpaE-Fg,124000,,,NOKRi6op9Ao,https://www.youtube.com/shorts/NOKRi6op9Ao,가볍게 시작한 장난에 목숨 잃을 뻔한 친구,4712378,주간 증가분(누적 하한),2026-08-04,,,,y
playboard_weekly_howto,짤고리즘,UC1XRRioz1L_F_Guhc7LofUA,33700,,,qhnYy69Lqog,https://www.youtube.com/shorts/qhnYy69Lqog,진짜 살아있는줄 알았잖아;;,4594597,주간 증가분(누적 하한),2026-07-29,,,,y
playboard_weekly_howto,시크릿웍스,UCKf_BoNJ_XbfxXVXKFXbTvw,25299,,,aVj867cHk4M,https://www.youtube.com/shorts/aVj867cHk4M,물 위에서는 채소가 열리고 물속에서는 물고기가 자란다? #worker #process #amazing #nature #countrylife,8944211,주간 증가분(누적 하한),2026-08-07,,,,y
playboard_weekly_howto,The Craft Works,UCIY_TCrKfigZBWbc-Wam-zw,40700,,,3YrysreU4Xs,https://www.youtube.com/shorts/3YrysreU4Xs,Incredible HeavyEquipment RockUnloading #heavyequipment #machinery #dumptruck #construction #process,7750586,주간 증가분(누적 하한),2026-07-30,,,,y
playboard_weekly_howto,絵一枚,UCcJmWqavGRbmASoeDTfq6zg,28400,,,SqiCDBkX9ks,https://www.youtube.com/shorts/SqiCDBkX9ks,2メートルを超える日本刀を抜刀する方法,7524013,주간 증가분(누적 하한),2026-08-08,,,,y
playboard_weekly_howto,The Craft Works,UCIY_TCrKfigZBWbc-Wam-zw,40700,,,UHjG-FEt0h4,https://www.youtube.com/shorts/UHjG-FEt0h4,Incredible Tractor Crossing Bridge with Huge Seeder #industrial #machinery #skills #farming,6338851,주간 증가분(누적 하한),2026-08-12,,,,y
playboard_weekly_howto,"2,210,000",UCu0Jph1U5x-2lk9u8LwpRWw,10,,,qNjSShkdOHA,https://www.youtube.com/shorts/qNjSShkdOHA,Numberblocks 6 to 10 claycracking making 넘버블럭스 6 - 10 클레이로 만들기 #numberblocks #넘버블럭스,5957216,주간 증가분(누적 하한),2026-08-06,,,,y
playboard_weekly_howto,絵一枚,UCcJmWqavGRbmASoeDTfq6zg,28400,,,hMKO4McUiMs,https://www.youtube.com/shorts/hMKO4McUiMs,日本の忍者にとって最も危険な武器,5673999,주간 증가분(누적 하한),2026-08-09,,,,y
playboard_weekly_howto,언니네,UCRc_xclhRTTutxUB3AYTJMg,31600,,,mFWJ22uqLB4,https://www.youtube.com/shorts/mFWJ22uqLB4,하루종일 치즈냄새 났던 이유,5168194,주간 증가분(누적 하한),2026-08-11,,,,y
playboard_weekly_howto,살림아리,UCue8W0IVdMt7bZfhTsBKL2A,221000,,,BE3wIvwM07Y,https://www.youtube.com/shorts/BE3wIvwM07Y,"모두가 아빠 편이었다, 마지막을 보기 전까진",4893885,주간 증가분(누적 하한),2026-08-07,,,,y
playboard_weekly_howto,시크릿웍스,UCKf_BoNJ_XbfxXVXKFXbTvw,25299,,,VIE1pV4Cfhc,https://www.youtube.com/shorts/VIE1pV4Cfhc,트랙터 식재 기계를 활용한 효율적인 나무 심기 작업 절차 #worker #process #equipment #plantation #farmtools,4573501,주간 증가분(누적 하한),2026-08-05,,,,y
playboard_weekly_howto,리뷰왔썸,UCiN05aNovvy3F738H1blm_A,106000,,,bdxrOlX665M,https://www.youtube.com/shorts/bdxrOlX665M,👆클릭 (프로필 링크) 159번 제품🔎 #연말감성 #웃픈공감 #인테리어소품 #오르골 #빈티지소품 #선물템 #연말소품,6934694,주간 증가분(누적 하한),2025-12-24,,,,y
playboard_weekly_howto,꿀템보드,UCzltTaK_JZ0f3_Z3hDPyW-w,157000,,,jYpdRcZBqR4,https://www.youtube.com/shorts/jYpdRcZBqR4,한 개의 인형이 두 가지 모습,7668543,주간 증가분(누적 하한),2026-07-19,,,,y
playboard_weekly_howto,짤고리즘,UC1XRRioz1L_F_Guhc7LofUA,33700,,,ZaoQ9QdDRII,https://www.youtube.com/shorts/ZaoQ9QdDRII,개미 실험으로 코카콜라 낚아버린 펩시,10682831,주간 증가분(누적 하한),2026-08-18,,,,y
playboard_weekly_howto,시다래,UCwlmdFDyTgINFm7tqpaE-Fg,124000,,,OucBgTXud2E,https://www.youtube.com/shorts/OucBgTXud2E,집안의 자랑이었던 증조부의 비석을 스스로 파괴한 이유,6695745,주간 증가분(누적 하한),2026-08-15,,,,y
playboard_weekly_howto,Runtime Log,UCXRGcutMd7mM9WimYX5wZqQ,76400,,,Cr9c-F2b-4k,https://www.youtube.com/shorts/Cr9c-F2b-4k,1mm의 유격도 허용하지 않는 대형 트랙터 상차의 정밀함 #satisfying #skills #precision #mechanic #transport,5553307,주간 증가분(누적 하한),2026-08-14,,,,y
playboard_weekly_howto,디스앤댓,UCSTjGzxt6zqbSLArPh6-SXQ,16900,,,9rOCVlKHTwQ,https://www.youtube.com/shorts/9rOCVlKHTwQ,"트랙터 쟁기질 방해하는 숨은 돌, 굴착기로 파내는 방법 #농기계 #tractor #돌제거 #heavyequipment #시골",5443273,주간 증가분(누적 하한),2026-06-21,,,,y
playboard_weekly_howto,모야이슈,UCtgtr1a-yOZWucQUVX-mPtA,14100,,,E4UjBTI2BaA,https://www.youtube.com/shorts/E4UjBTI2BaA,엄마들이 5교대로 리센느 숙소에 오시는 이유,5438756,주간 증가분(누적 하한),2026-08-16,,,,y
playboard_weekly_howto,오늘의잼영상,UCrfbDXYrmjnQy_3yxrdIqBg,69100,,,qqCMCtvTWQ0,https://www.youtube.com/shorts/qqCMCtvTWQ0,잉크제로! 고사리 잎으로 찍어낸 신비로운 천연 도장,4984841,주간 증가분(누적 하한),2026-08-21,,,,y
playboard_weekly_howto,짤고리즘,UC1XRRioz1L_F_Guhc7LofUA,33700,,,6QkoQygBcuw,https://www.youtube.com/shorts/6QkoQygBcuw,탱크가 제자리에서 뱅뱅 돌고 있는 진짜 이유 💔,4752060,주간 증가분(누적 하한),2026-08-19,,,,y
playboard_weekly_howto,원희픽,UCpbitOqkXn_9Cp5FLAxtTOw,4800,,,s6aeuHJvvYo,https://www.youtube.com/shorts/s6aeuHJvvYo,아일릿 원희에게 안무보다 중요한 것ㅋㅋ,4653837,주간 증가분(누적 하한),2026-08-16,,,,y
playboard_weekly_howto,방구석장인,UCV9yA3rY1IKAXLT5rNNdhNA,92100,,,yqr4flgkAps,https://www.youtube.com/shorts/yqr4flgkAps,배수로 철근 배근 작업 과정 #worker #process #construction #rebar #reinforcement,7716845,주간 증가분(누적 하한),2026-07-13,,,,y
playboard_weekly_howto,방구석장인,UCV9yA3rY1IKAXLT5rNNdhNA,92100,,,mo-xX9GeA5I,https://www.youtube.com/shorts/mo-xX9GeA5I,대형 트럭 부품 분리를 위한 2인 1조 충격 동기화 타격 작업 #machinery #engineering #worker #industry,4528127,주간 증가분(누적 하한),2026-08-11,,,,y
playboard_weekly_howto,모야이슈,UCtgtr1a-yOZWucQUVX-mPtA,14100,,,zHj8IGuuyBc,https://www.youtube.com/shorts/zHj8IGuuyBc,원이가 뽑은 최애영상 (이럴줄 알고 미리 만들어뒀다 원이야),7323176,주간 증가분(누적 하한),2026-08-24,,,,y
playboard_weekly_howto,천년지혜,UCP-fB55tsrFJ8acYDneA5pg,12400,,,MPy4QUXgc0I,https://www.youtube.com/shorts/MPy4QUXgc0I,덱스 진짜 인성이 보인 순간 #덱스,6416951,주간 증가분(누적 하한),2026-08-25,,,,y
playboard_weekly_howto,"2,210,000",UCu0Jph1U5x-2lk9u8LwpRWw,9,,,WRSWU8qRYw0,https://www.youtube.com/shorts/WRSWU8qRYw0,#cocomelon,6411953,주간 증가분(누적 하한),2026-08-04,,,,y
playboard_weekly_howto,뷰티템 다락방,UC-MOpillrN5OXFHuYveupjA,26800,,,QO_hY-lRWs8,https://www.youtube.com/shorts/QO_hY-lRWs8,인터넷 발색샷만 믿고 샀다가 맨날 망하는 이유,5869262,주간 증가분(누적 하한),2026-06-29,,,,y
playboard_weekly_howto,키엘코리아,UCVB3c7svIxJ7bhgnD0I9-6A,6570,,,nr0kY0XXDNY,https://www.youtube.com/shorts/nr0kY0XXDNY,"💓키키(KiiKii) 지유, 키야 핑크빛 케미, 키엘 1CC* 핑크세럼💓",4944645,주간 증가분(누적 하한),2026-08-24,,,,y
playboard_weekly_howto,신분증,UCtzoZNSkynfeh5U3_uHGxCw,49600,,,I4PukXPL7W8,https://www.youtube.com/shorts/I4PukXPL7W8,손쉽게 만두피 만드는 혁신적인 기계 #worker #workers,4490447,주간 증가분(누적 하한),2026-07-23,,,,y
playboard_weekly_howto,재미집,UCzXa75Ts3MQzEs-d_34OGxQ,2810,,,TA2RVEvu7HI,https://www.youtube.com/shorts/TA2RVEvu7HI,유재석도 당황하게 만든 시민의 미친 순발력,4026022,주간 증가분(누적 하한),2026-08-27,,,,y
playboard_weekly_howto,천년지혜,UCP-fB55tsrFJ8acYDneA5pg,12400,,,3BVq-nnvhzE,https://www.youtube.com/shorts/3BVq-nnvhzE,남자도 반했다는 덱스 달리기 완벽한 폼 #덱스,3816692,주간 증가분(누적 하한),2026-08-24,,,,y
playboard_weekly_howto,홀스캣런웨이,UCNrQ0MQxud_QkQRJNtzlVIw,18500,,,g15WR0GfuHY,https://www.youtube.com/shorts/g15WR0GfuHY,스파이더맨 24분 출연에 55억 받은 배우보다 더 많이 가져간 사람 ㄷㄷ,5880017,주간 증가분(누적 하한),2026-09-02,,,,y
playboard_weekly_howto,천년지혜,UCP-fB55tsrFJ8acYDneA5pg,12400,,,MI70VDhXf6c,https://www.youtube.com/shorts/MI70VDhXf6c,덱스의 미친 사격 실력 #덱스,5438345,주간 증가분(누적 하한),2026-08-27,,,,y
playboard_weekly_howto,Rookieming 루키밍,UCnCyCLS6IpDizrFSXED1S9g,3140000,,,QteI6Y3ZT0U,https://www.youtube.com/shorts/QteI6Y3ZT0U,손맛 미쳤음 💥 워터 왁뿌? 바다 탄산말랑이 만들기🌊 (무료도안),5335456,주간 증가분(누적 하한),2026-07-29,,,,y
playboard_weekly_howto,빈이네 메이킹,UCVMMwbK2rgfSc0gbQ1yjIoQ,957000,,,ypWemLAciPQ,https://www.youtube.com/shorts/ypWemLAciPQ,🏥Tiny Anomaly Animal Hospital with Emojis🏥 #roblox #anomaly #animalhospital,5219774,주간 증가분(누적 하한),2026-09-03,,,,y
playboard_weekly_howto,지식봄,UC-JrY3OsVEKmi3qgSVZ1r8A,75100,,,c1-DhPIT_Kw,https://www.youtube.com/shorts/c1-DhPIT_Kw,"눈을 의심케 하는 투명도, 초고순도 수정",4609730,주간 증가분(누적 하한),2026-08-29,,,,y
playboard_weekly_howto,천년지혜,UCP-fB55tsrFJ8acYDneA5pg,12400,,,IyFSv-NMRXE,https://www.youtube.com/shorts/IyFSv-NMRXE,덱스가 자물쇠를 보면 생기는 일 #덱스,4434248,주간 증가분(누적 하한),2026-08-28,,,,y
playboard_weekly_howto,현대카드,UC6ZHTAY56DsfN5DipUEMnug,148000,,,vE2IU0bLKo4,https://www.youtube.com/shorts/vE2IU0bLKo4,"네이버플러스 스토어에 최대 15% 플러스, 네이버 현대카드 Edition3",4057906,주간 증가분(누적 하한),2026-08-26,,,,y
playboard_weekly_howto,ZemiBox,UCWrTAESfj4GG2i8fl8XrX3g,19100,,,44R3f4erSVI,https://www.youtube.com/shorts/44R3f4erSVI,대형 통나무 내부를 정밀하게 파내는 목가공 기술 #worker #process #woodworking #technique #craftsmanship,3922796,주간 증가분(누적 하한),2026-09-02,,,,y
playboard_weekly_howto,오늘의잼영상,UCrfbDXYrmjnQy_3yxrdIqBg,69100,,,iKZBZMMBFOk,https://www.youtube.com/shorts/iKZBZMMBFOk,결합하면 경계선이 사라지는 인터로킹 반지,8479798,주간 증가분(누적 하한),2026-09-07,,,,y
playboard_weekly_howto,The Craft Works,UCIY_TCrKfigZBWbc-Wam-zw,40700,,,fj1O4CveYZI,https://www.youtube.com/shorts/fj1O4CveYZI,Incredible MegaBridge Launcher at Work #heavyequipment #machinery #bridge #construction #engineering,5623635,주간 증가분(누적 하한),2026-07-25,,,,y
playboard_weekly_howto,방구석장인,UCV9yA3rY1IKAXLT5rNNdhNA,92100,,,TedbtPplQm8,https://www.youtube.com/shorts/TedbtPplQm8,일정한 간격과 높이로 깔끔하게 정리되는 마디 단위 대나무 식재 현장 #farming #agriculture #plants #industry,5612547,주간 증가분(누적 하한),2026-08-31,,,,y
playboard_weekly_howto,숏부자,UC3unZabpFnH5WUY2vVeWsiw,25200,,,KGtzf0mqzxo,https://www.youtube.com/shorts/KGtzf0mqzxo,한국인의 효율성은 정말 대단하다는 외국인,3686162,주간 증가분(누적 하한),2026-09-06,,,,y
playboard_weekly_howto,ZemiBox,UCWrTAESfj4GG2i8fl8XrX3g,19100,,,krWIqI3ezJ0,https://www.youtube.com/shorts/krWIqI3ezJ0,동력 손실을 줄이는 농기계 V벨트 정확한 장착법 #worker #process #engine #belt #maintenance,3396641,주간 증가분(누적 하한),2026-09-05,,,,y
playboard_weekly_howto,맛고리즘,UCnvckDbnJfAUzrjdZyRsVtQ,26600,,,0OIANZMvr-E,https://www.youtube.com/shorts/0OIANZMvr-E,무섭도록 아는 맛ㅋㅋ,3101294,주간 증가분(누적 하한),2026-09-09,,,,y
playboard_weekly_howto,Juno Craft 주노 크래프트,UCy-7IKA1JPVotnRUADxr6wQ,5150000,,,-vU-EjssqG8,https://www.youtube.com/shorts/-vU-EjssqG8,🥟Mystery Dumpling Squishy Book🥟귀요미 만두 말랑이 스퀴시북,6548837,주간 증가분(누적 하한),2026-08-18,,,,y
playboard_weekly_howto,꿀템역,UC3DQOxMqE_6SMpdj0qnM5tg,11100,,,5nHvziT2uBc,https://www.youtube.com/shorts/5nHvziT2uBc,진짜 천재임을 보여주는 탁재훈 장난전화 애드립,2789205,주간 증가분(누적 하한),2026-09-10,,,,y
playboard_weekly_howto,"2,210,000",UCu0Jph1U5x-2lk9u8LwpRWw,20,,,zsJCYfzD2jk,https://www.youtube.com/shorts/zsJCYfzD2jk,GIANT Pororo clay cracking making 3 거대 뽀로로 클레이로 만들기 3 #pororo #뽀로로,2762687,주간 증가분(누적 하한),2026-02-15,,,,y
playboard_weekly_howto,AERIN PARK,UCxdeN0qrOQ4-W-bFZzFx9iA,3770000,,,1w835YE54ew,https://www.youtube.com/shorts/1w835YE54ew,🌸🍭🌸how to make a mini clay  room #art #craft #黏土 #kawaii #diy #cute #ideas #art #easy #squishy🍄,3930048,주간 증가분(누적 하한),2023-08-29,,,,y
playboard_weekly_howto,제일 TV,UCQ4L_rqtVJSiNALPeJ0yjWQ,566,,,AEnbx9QYonc,https://www.youtube.com/shorts/AEnbx9QYonc,무릎 관절이 닳아 통증이 심하다면 #인공관절치환술,6575751,주간 증가분(누적 하한),2026-09-15,,,,y
playboard_weekly_howto,제일 TV,UCQ4L_rqtVJSiNALPeJ0yjWQ,566,,,pPA5c9Oya-w,https://www.youtube.com/shorts/pPA5c9Oya-w,"인공관절 치환술 2주 후, 무릎이 쫙 펴진 실제후기!",6479419,주간 증가분(누적 하한),2026-09-15,,,,y
playboard_weekly_howto,해보까Haebokka,UCMaPNd0OQvHFldbM1tlxk9w,2400000,,,h5HoSMJhMF4,https://www.youtube.com/shorts/h5HoSMJhMF4,3d펜으로 슈렉 진저브레드맨 만들기! How to make Shrek the Gingerbread man!🍪,6298963,주간 증가분(누적 하한),2025-10-31,,,,y
playboard_weekly_howto,모두닥 | 대표 의료플랫폼,UCyTXFpWS7O0X3lSCO5ywOCQ,8620,,,WJi611DrZb4,https://www.youtube.com/shorts/WJi611DrZb4,[모두닥X진선규] 임플란트 무료견적은 모두닥! 리뷰편(10s),5020299,주간 증가분(누적 하한),2026-09-09,,,,y
playboard_weekly_howto,맘스터치 MOM'S TOUCH,UCOwRjHPzIh3Xlayb85N1aCQ,8800,,,H1mTcMVeqlE,https://www.youtube.com/shorts/H1mTcMVeqlE,"비프버거의 새로운 터치, 스모키스매쉬 버거 출시🍔",4480626,주간 증가분(누적 하한),2026-09-10,,,,y
playboard_weekly_howto,빈이네 메이킹,UCVMMwbK2rgfSc0gbQ1yjIoQ,957000,,,zz0ZqRj21lU,https://www.youtube.com/shorts/zz0ZqRj21lU,🏥Secret Agent_Tiny Anomaly Animal Hospital🏥 #roblox #anomaly #animalhospital,4326778,주간 증가분(누적 하한),2026-09-11,,,,y
playboard_weekly_howto,SK telecom,UCA5vKQkvC9zlTDOSNtoMdCQ,1120000,,,xE9itKko_VY,https://www.youtube.com/shorts/xE9itKko_VY,"달려보자 끝까지 새로워질 나까지, New iPhone 18 Pro",4194206,주간 증가분(누적 하한),2026-09-12,,,,y
playboard_weekly_howto,노래잼잼,UC16QyITUc5g8mFmub5lnWAw,32599,,,V2bl57n16IA,https://www.youtube.com/shorts/V2bl57n16IA,심사위원 논란을 한번에 해결하는 가수,4104804,주간 증가분(누적 하한),2026-09-10,,,,y
playboard_weekly_howto,제로크림,UCTrfqg_jf37pVetVuLBjZ0g,759000,,,ETsOFiGTY7o,https://www.youtube.com/shorts/ETsOFiGTY7o,20년 전에 갖고 놀던 옛날 원조 말랑이,3555746,주간 증가분(누적 하한),2026-08-28,,,,y
playboard_weekly_howto,The Craft Works,UCIY_TCrKfigZBWbc-Wam-zw,40700,,,tQqwBD9JRCA,https://www.youtube.com/shorts/tQqwBD9JRCA,#industrial,4443844,주간 증가분(누적 하한),2026-09-10,,,,y
playboard_weekly_howto,모두닥 | 대표 의료플랫폼,UCyTXFpWS7O0X3lSCO5ywOCQ,8620,,,KrqCJF8sz0w,https://www.youtube.com/shorts/KrqCJF8sz0w,[모두닥X진선규] 임플란트 무료견적은 모두닥! 최저가편(10s),3482105,주간 증가분(누적 하한),2026-09-09,,,,y
playboard_weekly_howto,제일 TV,UCQ4L_rqtVJSiNALPeJ0yjWQ,566,,,nYb3eZJsXxY,https://www.youtube.com/shorts/nYb3eZJsXxY,의사가 선택한 허리 시술??? 바로 '이것',3458398,주간 증가분(누적 하한),2026-09-15,,,,y
playboard_weekly_howto,ZemiBox,UCWrTAESfj4GG2i8fl8XrX3g,19100,,,o77fVPzXTvI,https://www.youtube.com/shorts/o77fVPzXTvI,수동 절단기 활용법과 보도블록 헤링본 패턴 정밀 맞춤 노하우 #worker #process #pavingstone #constructionlife #handyman,3440610,주간 증가분(누적 하한),2026-09-09,,,,y
playboard_weekly_howto,3Dreamer 삼드리머,UCMhpZnZc8tD-CUahXwaflPw,168000,,,PwA7UG8W5e8,https://www.youtube.com/shorts/PwA7UG8W5e8,I made Spider-Man from Brand New Day with a 3D Pen 🕷️,3419770,주간 증가분(누적 하한),2026-09-12,,,,y
playboard_weekly_howto,어쿠스틱 드링크,UC1FZ59NCoUOpveg6nP6Dm-A,731000,,,lyOaRjIT1-4,https://www.youtube.com/shorts/lyOaRjIT1-4,최근 외국에서 난리났다고 칵테일 유튜버 혼자 발칵 뒤집어진 1년 전 할리스 카페음료,3383701,주간 증가분(누적 하한),2026-09-14,,,,y
playboard_weekly_howto,주식일타,UCN2ApcWLqDzz-4qTeCuswFw,459000,,,4hDlFhKKSho,https://www.youtube.com/shorts/4hDlFhKKSho,This Wooden Bench with Tufted Cushions Transforms Into a Full Dining Table!,6463996,주간 증가분(누적 하한),2026-08-22,,,,y
playboard_weekly_howto,모야이슈,UCtgtr1a-yOZWucQUVX-mPtA,14100,,,j2kSGGYdqRI,https://www.youtube.com/shorts/j2kSGGYdqRI,울지않던 리브가 울컥하는 벅찬 순간 ㅣ리센느,6028957,주간 증가분(누적 하한),2026-09-20,,,,y
playboard_weekly_howto,Funtix Korean,UCW_yAbUNrD5q2d86wXyDjLg,110000,,,hUXLUICsF5w,https://www.youtube.com/shorts/hUXLUICsF5w,لا تفوت مشاهدة هذا الابتكار الفريد من نوعه 🧼,4418395,주간 증가분(누적 하한),2026-09-20,,,,y
playboard_weekly_howto,모야이슈,UCtgtr1a-yOZWucQUVX-mPtA,14100,,,fvGBdEw4CiE,https://www.youtube.com/shorts/fvGBdEw4CiE,피디니무 sns에 올라온 제나 트로트 비하인드 ㅣ리센느,4388506,주간 증가분(누적 하한),2026-09-21,,,,y
playboard_weekly_howto,모야이슈,UCtgtr1a-yOZWucQUVX-mPtA,14100,,,lbgFpM1U0fs,https://www.youtube.com/shorts/lbgFpM1U0fs,제나에게 보내는 장윤정의 Love Attack ㅣ리센느,3733161,주간 증가분(누적 하한),2026-09-21,,,,y
playboard_weekly_howto,모야이슈,UCtgtr1a-yOZWucQUVX-mPtA,14100,,,HHPZVlhX4lI,https://www.youtube.com/shorts/HHPZVlhX4lI,리브의 당당한 자퇴 드립에 당황한 피디니무 ㅣ리센느,3458336,주간 증가분(누적 하한),2026-09-21,,,,y
playboard_weekly_howto,"2,210,000",UCu0Jph1U5x-2lk9u8LwpRWw,17,,,GOlEinRS2eA,https://www.youtube.com/shorts/GOlEinRS2eA,GIANT Numberblocks 1-10 claycracking making 거대 넘버블럭스 1-10 클레이로 만들기 #numberblocks #넘버블럭스,3440943,주간 증가분(누적 하한),2026-09-09,,,,y
playboard_weekly_howto,모야이슈,UCtgtr1a-yOZWucQUVX-mPtA,14100,,,0QjSXJcXEqc,https://www.youtube.com/shorts/0QjSXJcXEqc,리마인으로부터 아들을 지켜낸 아버지 김성주 ㅣ리센느,3431337,주간 증가분(누적 하한),2026-09-22,,,,y
playboard_weekly_howto,FarmLab,UCZFqDpTK_h8ooM6muhqnRGw,9440,,,VaTEevgv_Gs,https://www.youtube.com/shorts/VaTEevgv_Gs,"현장 필수템, 전동 유압 철근 절곡기  Essential Site Tool: Electric Hydraulic Rebar Bender",3390984,주간 증가분(누적 하한),2026-09-21,,,,y
playboard_weekly_howto,Hacks Works,UCs9gyajzOX7PBqfw_XuyOoQ,74400,,,PZjQ7I_zMSs,https://www.youtube.com/shorts/PZjQ7I_zMSs,How Giant Bridges Are Built #heavyequipment #machinery #bridge #builder #infrastructure,3287144,주간 증가분(누적 하한),2026-06-26,,,,y
playboard_weekly_howto,별별홈템,UCQTikJTQ5Qh-aWe4H9fmkyA,15800,,,c-Jz5mU6ccE,https://www.youtube.com/shorts/c-Jz5mU6ccE,장윤정 눈높이 교육에 어깨가 절로 들썩 도경완 #장윤정 #도경완,3266899,주간 증가분(누적 하한),2026-09-21,,,,y
playboard_weekly_howto,모야이슈,UCtgtr1a-yOZWucQUVX-mPtA,14100,,,G1nUC8vcGIw,https://www.youtube.com/shorts/G1nUC8vcGIw,리브 머리에 숨겨진 비밀 ㅣ리센느,4214737,주간 증가분(누적 하한),2026-09-28,,,,y
playboard_weekly_howto,살림아리,UCue8W0IVdMt7bZfhTsBKL2A,221000,,,QKvZNC7h-Do,https://www.youtube.com/shorts/QKvZNC7h-Do,1%의 재능을 씹어먹는 99%의 미친 노력 2탄,4087366,주간 증가분(누적 하한),2026-05-08,,,,y
playboard_weekly_howto,Kiss the lace,UCbtd24qOlfLeV_WLIdOTXlA,105000,,,GTlfrvPQiE0,https://www.youtube.com/shorts/GTlfrvPQiE0,925실버 실버볼 포장 #925silver #silver #handmadejewelry #diy#craft #beads #sterlingsilver #handmade,3835979,주간 증가분(누적 하한),2026-02-02,,,,y
playboard_weekly_howto,ZemiBox,UCWrTAESfj4GG2i8fl8XrX3g,19100,,,u8RsczP5FEM,https://www.youtube.com/shorts/u8RsczP5FEM,건축 현장에서 사용하는 대형 스티로폼 단열재 설치 노하우 #worker #process #styrofoam #engineering #method,3578851,주간 증가분(누적 하한),2026-09-28,,,,y
playboard_weekly_howto,Juno Craft 주노 크래프트,UCy-7IKA1JPVotnRUADxr6wQ,5150000,,,cAEuG2fCec0,https://www.youtube.com/shorts/cAEuG2fCec0,2026.09.26,3559432,주간 증가분(누적 하한),2026-09-26,,,,y
playboard_weekly_howto,오늘의잼영상,UCrfbDXYrmjnQy_3yxrdIqBg,69100,,,j8iSVCk2JQk,https://www.youtube.com/shorts/j8iSVCk2JQk,신발의 뼈대를 없앤 비브람 보자기 신발,3345617,주간 증가분(누적 하한),2026-09-30,,,,y
playboard_weekly_howto,몽실몽실,UCJoHS0Nxc5-3KGTFAzF0eEg,34700,,,q6uMsu1jZhE,https://www.youtube.com/shorts/q6uMsu1jZhE,스키드 로더 도로 배수로 청소 작업,3276350,주간 증가분(누적 하한),2026-09-28,,,,y
playboard_weekly_howto,소개팁 IntroTip,UC3CELODQnl5pGSWyS3OmMOA,721000,,,_3E2imqu9zg,https://www.youtube.com/shorts/_3E2imqu9zg,요즘 애들은 모르는 의문의 빵ㄷㄷ,3258925,주간 증가분(누적 하한),2026-09-27,,,,y
playboard_weekly_howto,ZemiBox,UCWrTAESfj4GG2i8fl8XrX3g,19100,,,K_n9yX5TNJA,https://www.youtube.com/shorts/K_n9yX5TNJA,토목 현장 중장비 활용 대형 콘크리트 관 안전 하역 과정 분석 #worker #process #safety #machine #operator,3205998,주간 증가분(누적 하한),2026-09-27,,,,y
playboard_weekly_howto,ファミリーモーメント,UCXvS_DS4nLOVJHNayEvgSsQ,16000,,,DOf1oIVJNhU,https://www.youtube.com/shorts/DOf1oIVJNhU,コカ・コーラとペプシが争ってるのに一人だけ仲間外れのファンタｗｗ,3084002,주간 증가분(누적 하한),2026-09-28,,,,y
playboard_weekly_howto,별별홈템,UCQTikJTQ5Qh-aWe4H9fmkyA,15800,,,maZHRFC7r34,https://www.youtube.com/shorts/maZHRFC7r34,장윤정이 굳은 분위기를 깨려다 벌어진 대참사 #장윤정,3063857,주간 증가분(누적 하한),2026-09-25,,,,y
