rank,url,video_id,title,channel,channel_id,subscribers,channel_size,views,publish_date,date_note,length_sec,topic,topic_ko,format,format_ko,hook_layout,hook_layout_ko,hook_first_frame,rights,rights_ko,format_note,source,search_query
1,https://www.youtube.com/shorts/sf7MaZDjOo4,sf7MaZDjOo4,역대급 백룸 공간들 랭킹 TOP4 #랭킹 #쇼츠 #웃긴영상,랭킹공,UC2oP74F0FiE1jWQPy31YUVw,386000,100k-1M,21340619,2026-09-09,approx(검색 상대시간),23,humor_meme,유머/밈,list_ranking,리스트/랭킹,R,랭킹 TOP N 제목+번호 리스트,"""역대급 백룸 공간들 랭킹 TOP4""(보라) + ""(다들 몇 번이 제일 웃김?ㅋㅋ)"" + 숫자 리스트",reuse,타인 저작물 재사용,타 영상 클립 모음 랭킹,search(ago),웃긴 영상
2,https://www.youtube.com/shorts/l40BuBGBpI4,l40BuBGBpI4,역대급 말랑이 터뜨리기 랭킹 TOP5#랭킹 #쇼츠 #웃긴영상,랭킹공,UC2oP74F0FiE1jWQPy31YUVw,386000,100k-1M,20552128,2026-09-09,approx(검색 상대시간),31,asmr,만족감/ASMR,list_ranking,리스트/랭킹,R,랭킹 TOP N 제목+번호 리스트,"""역대급 말랑이 터뜨리기 랭킹 TOP5"" + 하단 자막 ""말랑이를 왜 터뜨려..?""",reuse,타인 저작물 재사용,타 영상 클립 모음 랭킹,search(ago),웃긴 영상
3,https://www.youtube.com/shorts/cSiJ2XC2Uug,cSiJ2XC2Uug,역대급 웃긴 격투 모먼트 랭킹 TOP6 #랭킹 #쇼츠 #웃긴영상,랭킹공,UC2oP74F0FiE1jWQPy31YUVw,386000,100k-1M,19817402,2026-09-09,approx(검색 상대시간),31,humor_meme,유머/밈,list_ranking,리스트/랭킹,R,랭킹 TOP N 제목+번호 리스트,"""역대급 웃긴 격투 모먼트 랭킹 TOP6""",reuse,타인 저작물 재사용,타 영상 클립 모음 랭킹,search(ago),웃긴 영상
4,https://www.youtube.com/shorts/e3qHUuVAVso,e3qHUuVAVso,사람이나 동물이나 ##shorts,크라임스낵,UCO6e-Wkjf3MeAk-8pu5uqFA,38700,10k-100k,17263745,2026-09-09,approx(검색 상대시간),41,animals,동물/펫,tv_clip,TV/예능/바이럴 클립(재업로드),T,"상단 검정 바 큰 제목(2줄, 강조색)","""동물도 똑같다는 충격적인 남녀 DNA 차이""(흰+분홍) 허스키 두 마리",reuse,타인 저작물 재사용,바이럴 영상 재업로드 + 자막,search(ago),동물
5,https://www.youtube.com/shorts/e5xe6xHFLA8,e5xe6xHFLA8,날수 있지만 비행은 사치인 새 #동물#새#로드러너#유머#힐링#animal,유머더쿠,UCiu3_U8D_-lRFLH7Vbr0xSw,16400,10k-100k,12910296,2026-09-22,exact(RSS),31,animals,동물/펫,tv_clip,TV/예능/바이럴 클립(재업로드),W,흰 카드/SNS 캡처형 제목,"흰 배경 ""날 수 있지만 비행 따윈 사치인 새"" + 하단 자막",reuse,타인 저작물 재사용,바이럴 영상 재업로드 + 자막,search+rss,동물/힐링
6,https://www.youtube.com/shorts/9yZFGXQ2LI0,9yZFGXQ2LI0,역대급 백룸 모먼트 랭킹 TOP6 #랭킹 #쇼츠 #웃긴영상,랭킹각,UCSpyllph8jZJyMoBzZh5Dtg,38500,10k-100k,11170503,2026-09-09,approx(검색 상대시간),25,humor_meme,유머/밈,list_ranking,리스트/랭킹,R,랭킹 TOP N 제목+번호 리스트,"""역대급 백룸 모먼트 랭킹 TOP6""",reuse,타인 저작물 재사용,타 영상 클립 모음 랭킹,search(ago),웃긴 영상
7,https://www.youtube.com/shorts/4RYTHABIMZc,4RYTHABIMZc,사내 비밀연애가 더 아찔한 이유,날스케치,UCBwd206krjP2nTuUL5tyDZQ,4170,<10k,11064359,2026-09-09,approx(검색 상대시간),127,relationship,연애/관계,original_filming,직접 촬영,W,흰 카드/SNS 캡처형 제목,"인스타 카드형 ""사내 비밀 연애가 가장 아찔한 이유"" + 본인 얼굴 클로즈업(통화)",original,자체 제작,직접 촬영 상황극/콘텐츠,search(ago),연애
8,https://www.youtube.com/shorts/GqGZsX242vs,GqGZsX242vs,역대급 사투리 모먼트 랭킹 TOP4 #랭킹 #웃긴영상,유머찹츄,UCNyT1sARCvw9XQP_HZ8Nszg,48400,10k-100k,10457307,2026-08-13,exact(RSS),60,humor_meme,유머/밈,list_ranking,리스트/랭킹,R,랭킹 TOP N 제목+번호 리스트,"""역대급 사투리 모먼트 랭킹 TOP4"" 숫자 리스트",reuse,타인 저작물 재사용,타 영상 클립 모음 랭킹,search+rss,웃긴 영상
9,https://www.youtube.com/shorts/IQtCHDk7kxc,IQtCHDk7kxc,사육사가 째려보자 아기팬더 반응 ㅋㅋ,Animal나라,UCWY6f4QL5zoGK3C0zoah7zw,39100,10k-100k,8457530,2026-09-21,exact(RSS),8,humor_meme,유머/밈,tv_clip,TV/예능/바이럴 클립(재업로드),T,"상단 검정 바 큰 제목(2줄, 강조색)","""사육사가 째려보자 아기판다 반응ㅋㅋ""(흰+노랑)",reuse,타인 저작물 재사용,바이럴 영상 재업로드 + 자막,search+rss,동물
10,https://www.youtube.com/shorts/lxtE7xZV0ac,lxtE7xZV0ac,역대급 웃긴 수영장 순간 랭킹 TOP6 #랭킹 #쇼츠 #웃긴영상,랭킹공,UC2oP74F0FiE1jWQPy31YUVw,386000,100k-1M,8037722,2026-09-09,approx(검색 상대시간),38,humor_meme,유머/밈,list_ranking,리스트/랭킹,R,랭킹 TOP N 제목+번호 리스트,"""역대급 웃긴 수영장 순간 랭킹 TOP6""",reuse,타인 저작물 재사용,타 영상 클립 모음 랭킹,search(ago),웃긴 영상
11,https://www.youtube.com/shorts/DMxbeOWi6JY,DMxbeOWi6JY,이선민이 정전기 쏘는 법 #이선민 #웃긴짤 #밈,퍼펭모음,UCd8-1GNnnGQRyybntOOGRew,2780,<10k,7479062,2026-09-24,exact(RSS),20,humor_meme,유머/밈,tv_clip,TV/예능/바이럴 클립(재업로드),C,댓글 캡처 오버레이,"""이선민이 정전기 쏘는 법"" + 댓글 캡처 + 출처 표기",reuse,타인 저작물 재사용,TV·예능·드라마·영화 클립 재가공,search+rss,밈/짤
12,https://www.youtube.com/shorts/7ewClvZ0I6Q,7ewClvZ0I6Q,돼지 잡아먹는 악어 #동물 #사냥,호영,UCTz5WyMcObCsynl-sNBzbAA,6490,<10k,7424602,2026-09-11,exact(RSS),67,animals,동물/펫,tv_clip,TV/예능/바이럴 클립(재업로드),N,텍스트 없음(장면으로 시작),"텍스트 없음, 악어 장면 바로 시작",reuse,타인 저작물 재사용,바이럴 영상 재업로드 + 자막,search+rss,동물
13,https://www.youtube.com/shorts/gOm1ErjgWa0,gOm1ErjgWa0,역대급 개웃긴 강형욱 랭킹 TOP5 (2편),시환,UCpRIrRT8WPr7Upc8SO5SYfA,12800,10k-100k,6835057,2026-09-18,approx(검색 상대시간),59,humor_meme,유머/밈,list_ranking,리스트/랭킹,R,랭킹 TOP N 제목+번호 리스트,"""역대급 개웃긴 강형욱 랭킹 TOP5""",reuse,타인 저작물 재사용,타 영상 클립 모음 랭킹,search(ago),웃긴 영상
14,https://www.youtube.com/shorts/mr59WtMv2Tc,mr59WtMv2Tc,막장 드라마 한 장면 같은 짤 #엔믹스 #NMIXX #지우 #설윤 #kpop,재미숏컷,UCGppycA9MgrlVkB3kNYk9VQ,2410,<10k,6799577,2026-09-02,exact(RSS),6,idol_clip,아이돌/연예 짤,tv_clip,TV/예능/바이럴 클립(재업로드),W,흰 카드/SNS 캡처형 제목,"흰 카드 ""여친 친구와 바람피는 (남친 시점)"" + 출처_뉴스엔",reuse,타인 저작물 재사용,바이럴 영상 재업로드 + 자막,search+rss,짤
15,https://www.youtube.com/shorts/CoyiNXU3l8w,CoyiNXU3l8w,분노한 사자가 할머니를 보자마자 보인 소름 돋는 반응 #동물 #호랑이,펫파라치,UCnIREvUPsyF_JJ0xiG8CLOg,80800,10k-100k,6642225,2026-09-25,approx(검색 상대시간),24,animals,동물/펫,tv_clip,TV/예능/바이럴 클립(재업로드),W,흰 카드/SNS 캡처형 제목,"""화난 맹수 앞에 겁도 없이 다가가는 할머니의 정체ㅋㅋ""",reuse,타인 저작물 재사용,바이럴 영상 재업로드 + 자막,search(ago),동물
16,https://www.youtube.com/shorts/78xzRK2ikL0,78xzRK2ikL0,신호 대기 중 포착된 강아지의 수상한 움직임 #강아지 #동물,골댕로그,UCgm7s38d7MKGO3-NDazlGlg,13799,10k-100k,6610790,2026-09-18,approx(검색 상대시간),8,animals,동물/펫,original_filming,직접 촬영,W,흰 카드/SNS 캡처형 제목,"""신호 대기 중 포착된 강아지의 수상한 움직임"" + 질문형 자막",original,자체 제작,직접 촬영 반려동물,search(ago),동물
17,https://www.youtube.com/shorts/m8Kcg12KtRo,m8Kcg12KtRo,경찰 아내랑 범죄자의 통화?! | 개그콘서트 Gagconcert | KBS 260920 방송,개그콘서트,UCzT7nHtzVqwiarTH8sqHaJA,1370000,1M+,6427690,2026-09-25,approx(검색 상대시간),38,relationship,연애/관계,tv_clip,TV/예능/바이럴 클립(재업로드),T,"상단 검정 바 큰 제목(2줄, 강조색)","""경찰 아내랑 범죄자의 통화?!""(개콘 공식 템플릿)",official,원저작권자 공식,방송사 공식 채널,search(ago),개그
18,https://www.youtube.com/shorts/FTVm62gHBnc,FTVm62gHBnc,무표정으로 숨쉬듯이 웃기는 이준혁 군대썰ㅋㅋ #꼰대희 #이준혁,FUNNYHOUZ,UCa8wSM8ycJAK64MLHwkosAQ,41000,10k-100k,6305262,2026-09-25,approx(검색 상대시간),68,story,썰/사연,tv_clip,TV/예능/바이럴 클립(재업로드),W,흰 카드/SNS 캡처형 제목,"""무표정으로 숨쉬듯이 웃기는 이준혁 군대썰ㅋㅋ"" + 출처-꼰대희",reuse,타인 저작물 재사용,TV·예능·드라마·영화 클립 재가공,search(ago),썰
19,https://www.youtube.com/shorts/eJsTPCI7hnU,eJsTPCI7hnU,이 사람 개그맨 아니야? 방청객 컷 왜케 높음 ㅋㅋㅋ | 개그콘서트 Gagconcert | KBS 260906 방송,개그콘서트,UCzT7nHtzVqwiarTH8sqHaJA,1370000,1M+,6207330,2026-09-11,approx(검색 상대시간),43,humor_meme,유머/밈,tv_clip,TV/예능/바이럴 클립(재업로드),T,"상단 검정 바 큰 제목(2줄, 강조색)","""이 사람 개그맨 아니야? 방청객 컷 왜케 높음ㅋㅋ""",official,원저작권자 공식,방송사 공식 채널,search(ago),개그
20,https://www.youtube.com/shorts/Qp01ozefAxM,Qp01ozefAxM,두번봐야 이해되는 영상,꿀잼곳간,UCs0WLo97inL2t42QYmWYGYA,6340,<10k,6123181,2026-09-13,exact(RSS),,animals,동물/펫,tv_clip,TV/예능/바이럴 클립(재업로드),T,"상단 검정 바 큰 제목(2줄, 강조색)","""두번 봐야 이해되는 영상"" + ""산길에서 차량으로 나온 사이 나타난 곰 한마리""",reuse,타인 저작물 재사용,바이럴 영상 재업로드 + 자막,rss-pool(small),
21,https://www.youtube.com/shorts/BKAtbPgC3Js,BKAtbPgC3Js,‘연예인 퇴마짤이라는‘ 전설의 소신발언들,K-인정,UC7Tj7NBmjXUJrcojKIc6jhQ,54900,10k-100k,6022140,2026-09-09,approx(검색 상대시간),42,humor_meme,유머/밈,tv_clip,TV/예능/바이럴 클립(재업로드),T,"상단 검정 바 큰 제목(2줄, 강조색)","""[속시원한] 연예인병 일침 모음.zip""",reuse,타인 저작물 재사용,TV·예능·드라마·영화 클립 재가공,search(ago),짤
22,https://www.youtube.com/shorts/mxdyJUp9imw,mxdyJUp9imw,정신 못 차리게 하는 아이돌 웃긴 장면 TOP5,한끼뮤직,UCDSTjBBcOA6ULKx3Qjjh1uA,281000,100k-1M,6002594,2026-09-23,exact(RSS),50,humor_meme,유머/밈,list_ranking,리스트/랭킹,R,랭킹 TOP N 제목+번호 리스트,"""랭킹TOP5 케이팝이 뺏어간 예능캐들""",reuse,타인 저작물 재사용,TV·예능·드라마·영화 클립 재가공,search+rss,웃긴 영상
23,https://www.youtube.com/shorts/gL9qmwMlmes,gL9qmwMlmes,5살 차이 커플이 8년 연애하면 생기는 몽글몽글한 변화,시니어왕왕,UC7VTUX-fAI9so6liIMEKL4g,17700,10k-100k,5788967,2026-09-18,approx(검색 상대시간),16,relationship,연애/관계,tv_clip,TV/예능/바이럴 클립(재업로드),T,"상단 검정 바 큰 제목(2줄, 강조색)","""8년에 걸쳐 쌓인 몽글몽글한 연애 서사"" + 하트 스티커",reuse,타인 저작물 재사용,TV·예능·드라마·영화 클립 재가공,search(ago),연애
24,https://www.youtube.com/shorts/3PjbfXC9boU,3PjbfXC9boU,탕수육 먹자마자 버림..,원정상,UCs2yuJwlg2TsOtUeDSZF3_g,527000,100k-1M,5256879,2026-09-18,approx(검색 상대시간),37,humor_meme,유머/밈,text_only,텍스트 화면,X,텍스트 전용 화면,"검정 화면 ""탕수육 먹자마자 버림"" 대형 텍스트",original,자체 제작,텍스트 화면 중심,search(ago),썰
25,https://www.youtube.com/shorts/MoxBZrVcYq8,MoxBZrVcYq8,알바생끼리 연애 금지시킨 남자의 이유,초큼웃,UCdDTc771LXzErbn_3EYkAbg,14300,10k-100k,5233921,2026-09-09,approx(검색 상대시간),57,relationship,연애/관계,tv_clip,TV/예능/바이럴 클립(재업로드),T,"상단 검정 바 큰 제목(2줄, 강조색)","""알바생끼리 연애 금지시킨 남자의 이유""(광대 분장 얼굴)",reuse,타인 저작물 재사용,TV·예능·드라마·영화 클립 재가공,search(ago),연애
26,https://www.youtube.com/shorts/rzfoygs-a10,rzfoygs-a10,역대급 썰...,1교시는 황용일,UCjEV6dD7vmU_zwL53Yp8jCw,6530,<10k,5135683,2026-09-29,exact(RSS),120,story,썰/사연,talking_head,토킹헤드,T,"상단 검정 바 큰 제목(2줄, 강조색)","""남고 학생들이 선생님 결혼시킨 썰""(강사 직접 출연)",original,자체 제작,본인 출연 썰/토크,search+rss,썰
27,https://www.youtube.com/shorts/1ZdWnA4TqJg,1ZdWnA4TqJg,#웃긴영상 #웃음 #코미디 #유머 #재미 #짤 #밈 #쇼츠 #추천 #웃겨 #일상 #재미있는영상,Md Ajijul Islam250,UCZ9tG3dMqD6glZQomx8tTJw,12300,10k-100k,5008198,2026-09-09,approx(검색 상대시간),18,humor_meme,유머/밈,original_filming,직접 촬영,N,텍스트 없음(장면으로 시작),"텍스트 없음, 동상 장면",foreign,자체 제작(해외),"해외(남아시아 등) 제작 무언어 몸개그, 한국어 해시태그",search(ago),짤
28,https://www.youtube.com/shorts/KnUSdjUM-So,KnUSdjUM-So,농장 동물 소환 모음집 랭킹 TOP6,어?,UCqsO0AKVPEKvaYopKQeYlYQ,267000,100k-1M,5004204,2026-09-18,approx(검색 상대시간),37,animals,동물/펫,list_ranking,리스트/랭킹,R,랭킹 TOP N 제목+번호 리스트,"""농장 동물 소환 모음집 랭킹 TOP6""",reuse,타인 저작물 재사용,타 영상 클립 모음 랭킹,search(ago),동물
29,https://www.youtube.com/shorts/9E203W3EcVw,9E203W3EcVw,옆집에서 들린 민망한 소리의 정체,주둥이방송 쇼츠,UCOkr541W3GBtVwLP0aNpJbw,454000,100k-1M,4954125,2026-09-19,exact(RSS),20,humor_meme,유머/밈,talking_head,토킹헤드,X,텍스트 전용 화면,"""옆집에서 들린 민망한 소리의 정체"" + 메시지 버블 ""조금만 조용히 해주세요"" + 작은 얼굴캠",original,자체 제작,본인 출연 썰/토크,search+rss,썰
30,https://www.youtube.com/shorts/FKGd0-z2sts,FKGd0-z2sts,독일 개그가 재미는 없고 무서운 이유,조슈아매거진,UC_TL4XPdPb0WnAudbMMS2_g,343000,100k-1M,4808941,2026-09-18,approx(검색 상대시간),16,horror,공포/미스터리,news_summary,뉴스/정보 요약,T,"상단 검정 바 큰 제목(2줄, 강조색)","""지금 해도 총 맞을 1973년 독일 개그"" (아카이브 TV)",mixed,혼합(인용+자체),정보/이슈 요약(이미지·클립+텍스트),search(ago),개그
31,https://www.youtube.com/shorts/MRHPSL9rpuE,MRHPSL9rpuE,고양이가 불멍 하는 이유 #동물 #지식 #고양이,동그리,UCSWasiIdRNDV9xYhELJ_Ixg,18400,10k-100k,4759151,2026-09-11,approx(검색 상대시간),65,animals,동물/펫,news_summary,뉴스/정보 요약,S,제목 없이 하단 자막,"하단 자막 ""몇몇 고양이들은"" 불 앞 고양이",mixed,혼합(인용+자체),동물 지식 해설(클립+내레이션),search(ago),동물
32,https://www.youtube.com/shorts/uRrn2z_GEFA,uRrn2z_GEFA,남친이 면도했을때 여자친구 반응 #웃긴 #웃긴영상,대놓고카메라,UCdydKHhlO3FeWdLM3RY6BdQ,4160,<10k,4694238,2026-09-11,approx(검색 상대시간),31,relationship,연애/관계,list_ranking,리스트/랭킹,R,랭킹 TOP N 제목+번호 리스트,"""남친이 면도했을 때 반응 TOP3""",reuse,타인 저작물 재사용,타 영상 클립 모음 랭킹,search(ago),웃긴 영상
33,https://www.youtube.com/shorts/l9aK3Gpkfr0,l9aK3Gpkfr0,최민식한테도 비싼 샴페인  #최민식 #요정재형 #인턴 #한소희 #예능짤,유머수달,UCRfiyicYHuDWe3s-6Rs9b2g,2120,<10k,4575001,2026-09-09,approx(검색 상대시간),24,humor_meme,유머/밈,tv_clip,TV/예능/바이럴 클립(재업로드),T,"상단 검정 바 큰 제목(2줄, 강조색)","""최민식도 비싸서 못사먹는 샴페인 얼마길래?""",reuse,타인 저작물 재사용,TV·예능·드라마·영화 클립 재가공,search(ago),짤
34,https://www.youtube.com/shorts/G5FM1Aj3pFc,G5FM1Aj3pFc,개웃기는 워터슬라이드 모먼트 랭킹 TOP5 #랭킹#유머#웃긴영상,레스기,UCBshbdmgy8yNmvduSqfsTtw,77000,10k-100k,4573739,2026-09-18,approx(검색 상대시간),25,humor_meme,유머/밈,list_ranking,리스트/랭킹,R,랭킹 TOP N 제목+번호 리스트,"""개웃기는 워터슬라이드 모먼트 랭킹 TOP5""",reuse,타인 저작물 재사용,타 영상 클립 모음 랭킹,search(ago),웃긴 영상
35,https://www.youtube.com/shorts/2U3q6TSYlJk,2U3q6TSYlJk,개웃기는 멧챠 카멜레온 12 랭킹 TOP5 #랭킹#유머#웃긴영상,레스기,UCBshbdmgy8yNmvduSqfsTtw,77000,10k-100k,4425004,2026-09-11,approx(검색 상대시간),25,humor_meme,유머/밈,list_ranking,리스트/랭킹,R,랭킹 TOP N 제목+번호 리스트,"""개웃기는 멧챠 카멜레온 12 랭킹 TOP5""(게임 화면)",reuse,타인 저작물 재사용,타 영상 클립 모음 랭킹,search(ago),웃긴 영상
36,https://www.youtube.com/shorts/CAL-kLsqf-w,CAL-kLsqf-w,그럴듯한 논리와 말빨,케슛슛,UC2VBdyLJeio41pc89RHBUPQ,160000,100k-1M,4244554,2026-09-18,approx(검색 상대시간),60,humor_meme,유머/밈,tv_clip,TV/예능/바이럴 클립(재업로드),T,"상단 검정 바 큰 제목(2줄, 강조색)","""니 얼굴이 못생긴 합리적 이유""",reuse,타인 저작물 재사용,TV·예능·드라마·영화 클립 재가공,search(ago),개그
37,https://www.youtube.com/shorts/VitUNm-GOa0,VitUNm-GOa0,#한국바이럴 #웃긴영상 #코미디 #꿀잼 #유튜브쇼츠 #쇼츠 #바이럴 트렌드 #재미 #웃음#웃긴영상#개그#코미디 웃음#재미#꿀잼#웃 겨요#유튜브#유튜브쇼 #쇼츠#수정#숶천,MD UJJAL HASAN,UCKgfcKKH-No8rrRUJmLhpAg,51900,10k-100k,4132148,2026-09-11,approx(검색 상대시간),17,humor_meme,유머/밈,original_filming,직접 촬영,N,텍스트 없음(장면으로 시작),텍스트 없음,foreign,자체 제작(해외),"해외(남아시아 등) 제작 무언어 몸개그, 한국어 해시태그",search(ago),웃긴 영상
38,https://www.youtube.com/shorts/XzgZC_le3WA,XzgZC_le3WA,귀여움 한도 초과 #animal #동물 #염소 #아기염소 #아기동물 #cute,띵똥,UC6ad7symLvMNiPmXzfWDJDQ,1410,<10k,4062051,2026-09-18,approx(검색 상대시간),9,animals,동물/펫,tv_clip,TV/예능/바이럴 클립(재업로드),T,"상단 검정 바 큰 제목(2줄, 강조색)","""귀여움 한도 초과"" + 하단 ""눈밭으로 다가가..""",reuse,타인 저작물 재사용,바이럴 영상 재업로드 + 자막,search(ago),동물
39,https://www.youtube.com/shorts/AAWv4frwGNY,AAWv4frwGNY,동물의 말을 들을 수 있는 남자,냐옹관,UCrkKaDi20-NRZVi65uIue3A,107000,100k-1M,4016612,2026-09-25,approx(검색 상대시간),111,animals,동물/펫,tv_clip,TV/예능/바이럴 클립(재업로드),T,"상단 검정 바 큰 제목(2줄, 강조색)","""동물의 말을 들을 수 있는 남자""",reuse,타인 저작물 재사용,바이럴 영상 재업로드 + 자막,search(ago),동물
40,https://www.youtube.com/shorts/Hf1wIvCADtg,Hf1wIvCADtg,오늘밤은 그루브를 타보자고💃🕺 Let's Groove Meme,얕은생각 : 영화와 세상 이야기,UCZ-d6kbvtcAy3PDte-LhX9A,17200,10k-100k,3924926,2026-09-20,exact(RSS),18,humor_meme,유머/밈,meme_edit,밈 편집,T,"상단 검정 바 큰 제목(2줄, 강조색)","""요즘 덕후 알고리즘 점령한 '렛츠 그루브' 댄스밈""",reuse,타인 저작물 재사용,밈 원본/오디오 재가공,search+rss,밈
41,https://www.youtube.com/shorts/pb_aM1jVa14,pb_aM1jVa14,레전드짤에 숨겨진 태형이의 고충,콘텐쇼츠,UC6MPEcqhsY3Nny7wPAsN8RQ,40900,10k-100k,3903062,2026-09-25,approx(검색 상대시간),29,humor_meme,유머/밈,tv_clip,TV/예능/바이럴 클립(재업로드),T,"상단 검정 바 큰 제목(2줄, 강조색)","""레전드짤에 숨겨진 태형이의 고충""",reuse,타인 저작물 재사용,TV·예능·드라마·영화 클립 재가공,search(ago),짤
42,https://www.youtube.com/shorts/UCXn45fvtL0,UCXn45fvtL0,이거 보고 어떻게 안 웃음ㅋㅋ #웃긴영상,숏디렉터,UC7M5YUU2Uz478Fvr734SRFA,2200,<10k,3833427,2026-09-27,exact(RSS),18,humor_meme,유머/밈,tv_clip,TV/예능/바이럴 클립(재업로드),W,흰 카드/SNS 캡처형 제목,"""손보다 다른 걸 더 잘 쓰는 남자ㅋㅋ"" + 댓글",reuse,타인 저작물 재사용,TV·예능·드라마·영화 클립 재가공,search+rss,웃긴 영상
43,https://www.youtube.com/shorts/GQCWC035hn8,GQCWC035hn8,역대급 멧챠 카멜레온 모먼트 랭킹 TOP8 #랭킹#유머#웃긴영상,레스기,UCBshbdmgy8yNmvduSqfsTtw,77000,10k-100k,3777932,2026-09-26,approx(검색 상대시간),48,humor_meme,유머/밈,list_ranking,리스트/랭킹,R,랭킹 TOP N 제목+번호 리스트,"""역대급 멧챠 카멜레온 모먼트 랭킹 TOP8""",reuse,타인 저작물 재사용,타 영상 클립 모음 랭킹,search(ago),웃긴 영상
44,https://www.youtube.com/shorts/cKVmz4m1Yiw,cKVmz4m1Yiw,잊고 싶은 흑역사를 건드리면 생기는일 #신동엽 #웃긴영상 #유머,연예인한입,UC1JtVFtN_4MUIMg75-rqMUA,80800,10k-100k,3739496,2026-09-25,approx(검색 상대시간),85,humor_meme,유머/밈,tv_clip,TV/예능/바이럴 클립(재업로드),T,"상단 검정 바 큰 제목(2줄, 강조색)","""신동엽;"" 대형 + ""잊고 싶은 흑역사를 건드리면 생기는일ㅋㅋ""",reuse,타인 저작물 재사용,TV·예능·드라마·영화 클립 재가공,search(ago),웃긴 영상
45,https://www.youtube.com/shorts/NLAX1XoTmcg,NLAX1XoTmcg,역대급 물에 던진 돌 랭킹 TOP5#랭킹#유머#웃긴영상,레스기,UCBshbdmgy8yNmvduSqfsTtw,77000,10k-100k,3714458,2026-09-11,approx(검색 상대시간),37,humor_meme,유머/밈,list_ranking,리스트/랭킹,R,랭킹 TOP N 제목+번호 리스트,"""역대급 물에 던진 돌 랭킹 TOP5"" + ""300파운드 통얼음""",reuse,타인 저작물 재사용,타 영상 클립 모음 랭킹,search(ago),웃긴 영상
46,https://www.youtube.com/shorts/87AlIKL6R7I,87AlIKL6R7I,미국 집사가 매일 힐링한다는 진돗개 식사 시간 #진돗개 #강아지 #귀여운,Reaction Heaven 리액션맛집,UC2fiBcxvUDROqBUSdmHDRjA,17500,10k-100k,3617169,2026-09-25,approx(검색 상대시간),20,animals,동물/펫,tv_clip,TV/예능/바이럴 클립(재업로드),W,흰 카드/SNS 캡처형 제목,"""미국 집사가 매일 힐링한다는 진돗개 식사 시간""",reuse,타인 저작물 재사용,바이럴 영상 재업로드 + 자막,search(ago),힐링
47,https://www.youtube.com/shorts/3fLfj6GGzTw,3fLfj6GGzTw,효리수 수영 지각해서 가수 선배들 줄 세운 썰 ㅋㅋㅋㅋㅋㅋㅋㅋㅋ,예능바다,UCdzWRTVzOj-WNcrqnZjpbsg,12500,10k-100k,3614395,2026-09-25,approx(검색 상대시간),57,story,썰/사연,tv_clip,TV/예능/바이럴 클립(재업로드),W,흰 카드/SNS 캡처형 제목,"""직장인들은 소름돋는 1년차 지각했을때 감정ㅋㅋ"" + 댓글",reuse,타인 저작물 재사용,TV·예능·드라마·영화 클립 재가공,search(ago),썰
48,https://www.youtube.com/shorts/uDlBXQe1zNY,uDlBXQe1zNY,이맛에 자식키운다는 아빠 #육아 #출장 #감동  #힐링,행복한마카,UCDwtYWqUDyLjnhxkSIPzpxQ,8990,<10k,3590726,2026-09-28,exact(RSS),16,humor_meme,유머/밈,tv_clip,TV/예능/바이럴 클립(재업로드),W,흰 카드/SNS 캡처형 제목,"""이 맛에 자식 키운다는 퇴근길 삼남매 마중""",reuse,타인 저작물 재사용,바이럴 영상 재업로드 + 자막,search+rss,힐링
49,https://www.youtube.com/shorts/P1d4qO0a01c,P1d4qO0a01c,내 바지 입지말라고 2 #animation #meme #memes,HOWCOW uuu,UCInT34AJQaNyQ1V1PTEpv7w,2570000,1M+,3553265,2026-09-20,exact(RSS),10,humor_meme,유머/밈,animation,애니메이션,N,텍스트 없음(장면으로 시작),"애니메이션, 텍스트 없음(채널 워터마크)",original,자체 제작,자체 애니메이션/웹툰형,search+rss,밈
50,https://www.youtube.com/shorts/56VkcChLsAk,56VkcChLsAk,역대급 인터넷 밈 모먼트 5,숏랭커,UCEB0T6Sj5TLcCr2Jt_lXNwQ,159000,100k-1M,3525795,2026-10-03,exact(RSS),52,humor_meme,유머/밈,list_ranking,리스트/랭킹,R,랭킹 TOP N 제목+번호 리스트,"""역대급 인터넷 밈 모먼트 랭킹 TOP4""",reuse,타인 저작물 재사용,타 영상 클립 모음 랭킹,search+rss,밈
51,https://www.youtube.com/shorts/85L1XzG4Xno,85L1XzG4Xno,웃참 절대 불가능한 히히하하 챌린지 ㅋㅋㅋㅋ,벙구,UC-Jp4WHCXhxvWQ5Ab4JibJQ,728000,100k-1M,3439667,2026-09-18,approx(검색 상대시간),34,challenge,챌린지,original_filming,직접 촬영,N,텍스트 없음(장면으로 시작),"본인 얼굴 리액션(챌린지), 텍스트 없음",original,자체 제작,직접 촬영 상황극/콘텐츠,search(ago),웃긴 영상
52,https://www.youtube.com/shorts/WwDe4KiJV9g,WwDe4KiJV9g,#한국바이럴 #웃긴영상 #코미디 #개그 #웃음 #재미 #꿀잼 #웃겨요 #유튜브쇼츠 #쇼츠 #바이럴 #트렌드,Usa funny v6161,UC86c0s2FbTFA3JXeqheG_KQ,41000,10k-100k,3436389,2026-09-29,approx(검색 상대시간),142,humor_meme,유머/밈,original_filming,직접 촬영,N,텍스트 없음(장면으로 시작),텍스트 없음,foreign,자체 제작(해외),"해외(남아시아 등) 제작 무언어 몸개그, 한국어 해시태그",search(ago),웃긴 영상
53,https://www.youtube.com/shorts/NzOY6XCD9qo,NzOY6XCD9qo,서로 없는 동물을 주고받은 한일 근황,이상한 동물농장,UC3qltAwP-0BOQuV7an5Khgg,25800,10k-100k,3267909,2026-09-22,exact(RSS),51,animals,동물/펫,news_summary,뉴스/정보 요약,T,"상단 검정 바 큰 제목(2줄, 강조색)","""서로 없는 동물을 주고받은 한일 근황""(레서판다·수달 사진)",mixed,혼합(인용+자체),정보/이슈 요약(이미지·클립+텍스트),search+rss,동물
54,https://www.youtube.com/shorts/3YJEXAR-alg,3YJEXAR-alg,위기 탈출 레전드 탈룰라 썰,형독방송,UCJDEss5wA1ddrCBC40giO8A,834000,100k-1M,3258301,2026-09-23,exact(RSS),59,story,썰/사연,tts_story,TTS/내레이션 썰,T,"상단 검정 바 큰 제목(2줄, 강조색)","""위기 탈출 탈룰라 모음"" + 커뮤니티 BEST 댓글 카드",mixed,혼합(인용+자체),커뮤니티 글 템플릿 + 일러스트/이미지 + 내레이션,search+rss,썰
55,https://www.youtube.com/shorts/lFTYxWpUXwA,lFTYxWpUXwA,"좋은 혈액형, 나쁜 혈액형 라떼 아재개그 폭발 손지창",쀼의세계,UCu1vL_iosWNqbTP5NXsFSuQ,23200,10k-100k,3184916,2026-09-25,approx(검색 상대시간),40,humor_meme,유머/밈,tv_clip,TV/예능/바이럴 클립(재업로드),T,"상단 검정 바 큰 제목(2줄, 강조색)","""혈액형 아재개그 4절까지 손지창 라떼 개그 폭발ㅋㅋ""",reuse,타인 저작물 재사용,TV·예능·드라마·영화 클립 재가공,search(ago),개그
56,https://www.youtube.com/shorts/n7AzFhsbG1k,n7AzFhsbG1k,동물들의 실제 체감 크기,하찮은 고식씨,UC-idl9Y-zPKsALv79Swiz-Q,50700,10k-100k,3161865,2026-09-11,approx(검색 상대시간),57,animals,동물/펫,news_summary,뉴스/정보 요약,N,텍스트 없음(장면으로 시작),텍스트 없음(말 장면),mixed,혼합(인용+자체),동물 지식 해설(클립+내레이션),search(ago),동물
57,https://www.youtube.com/shorts/Fwp-JuD_B4w,Fwp-JuD_B4w,역대급 귀여운 토끼 모먼트 랭킹 TOP5 #랭킹#유머#웃긴영상,레스기,UCBshbdmgy8yNmvduSqfsTtw,77000,10k-100k,3086384,2026-09-18,approx(검색 상대시간),25,animals,동물/펫,list_ranking,리스트/랭킹,R,랭킹 TOP N 제목+번호 리스트,"""역대급 귀여운 토끼 모먼트 랭킹 TOP5"" + ""손안에 뭐가 움직이는데??""",reuse,타인 저작물 재사용,타 영상 클립 모음 랭킹,search(ago),웃긴 영상
58,https://www.youtube.com/shorts/g2yWsvBBXCo,g2yWsvBBXCo,아버지의 소름돋는 직감,빡쎄,UCbDoCb5xERVUjh2o_DSg76g,226000,100k-1M,3085210,2026-09-09,approx(검색 상대시간),22,humor_meme,유머/밈,animation,애니메이션,T,"상단 검정 바 큰 제목(2줄, 강조색)","""아버지의 소름돋는 직감""(애니)",original,자체 제작,자체 애니메이션/웹툰형,search(ago),소름
59,https://www.youtube.com/shorts/dSMarxIlh_M,dSMarxIlh_M,울타리 속으로 사라지는 호머 심슨 밈 #심슨가족,Toto Recaps,UCkFK9mvPK2uSieZ7eRAMOgQ,447000,100k-1M,2995664,2026-09-18,approx(검색 상대시간),56,humor_meme,유머/밈,animation,애니메이션,N,텍스트 없음(장면으로 시작),심슨 밈 장면,reuse,타인 저작물 재사용,기존 애니 클립 재가공,search(ago),밈
60,https://www.youtube.com/shorts/3Z0vtT9STqo,3Z0vtT9STqo,역대급 멧챠 카멜레온 모먼트 랭킹 TOP6 #랭킹#유머#웃긴영상,레스기,UCBshbdmgy8yNmvduSqfsTtw,77000,10k-100k,2916856,2026-09-28,approx(검색 상대시간),37,humor_meme,유머/밈,list_ranking,리스트/랭킹,R,랭킹 TOP N 제목+번호 리스트,"""역대급 멧챠 카멜레온 모먼트 랭킹 TOP6""",reuse,타인 저작물 재사용,타 영상 클립 모음 랭킹,search(ago),웃긴 영상
61,https://www.youtube.com/shorts/ARs35SAEn38,ARs35SAEn38,개웃기는 뱀 모먼트 랭킹 TOP5 #랭킹#유머#웃긴영상,레스기,UCBshbdmgy8yNmvduSqfsTtw,77000,10k-100k,2872782,2026-09-18,approx(검색 상대시간),22,animals,동물/펫,list_ranking,리스트/랭킹,R,랭킹 TOP N 제목+번호 리스트,"""개웃기는 뱀 모먼트 랭킹 TOP5""",reuse,타인 저작물 재사용,타 영상 클립 모음 랭킹,search(ago),웃긴 영상
62,https://www.youtube.com/shorts/_y2KS-TkXpQ,_y2KS-TkXpQ,저속노화의 신 현봉식 ㄷㄷ #예능 #웃긴영상,씬스틸폼,UCS1Ji7fogr6ssjbltSBtXhw,24200,10k-100k,2871325,2026-09-25,approx(검색 상대시간),51,humor_meme,유머/밈,tv_clip,TV/예능/바이럴 클립(재업로드),W,흰 카드/SNS 캡처형 제목,"""나이도 본명도 大반전인 현봉식ㅋㅋㅋ"" + 댓글",reuse,타인 저작물 재사용,TV·예능·드라마·영화 클립 재가공,search(ago),웃긴 영상
63,https://www.youtube.com/shorts/dMA8-GDl8Ug,dMA8-GDl8Ug,강아지가 새벽3시마다 일어나는 소름돋는 이유,꿀잼곳간,UCs0WLo97inL2t42QYmWYGYA,6340,<10k,2800718,2026-09-30,exact(RSS),,animals,동물/펫,tv_clip,TV/예능/바이럴 클립(재업로드),T,"상단 검정 바 큰 제목(2줄, 강조색)","""강아지가 매일 새벽 3시에 일어나는 소름돋는 이유""(어두운 CCTV풍)",reuse,타인 저작물 재사용,바이럴 영상 재업로드 + 자막,rss-pool(small),
64,https://www.youtube.com/shorts/YB89pCSR-jA,YB89pCSR-jA,역대급 4D 영화관 모먼트 랭킹 TOP5 #랭킹#유머#웃긴영상,레스기,UCBshbdmgy8yNmvduSqfsTtw,77000,10k-100k,2740270,2026-09-18,approx(검색 상대시간),42,humor_meme,유머/밈,list_ranking,리스트/랭킹,R,랭킹 TOP N 제목+번호 리스트,"""역대급 4D 영화관 모먼트 랭킹 TOP5""",reuse,타인 저작물 재사용,타 영상 클립 모음 랭킹,search(ago),웃긴 영상
65,https://www.youtube.com/shorts/XHZEGqT0_1M,XHZEGqT0_1M,#재미 #웃긴짤 #코미디 #웃음 #개그 #추천영상 #유머영상,Saddam Official 2.2,UCLqWm_G70nmj8NNZuw9Vhwg,55900,10k-100k,2686479,2026-09-18,approx(검색 상대시간),90,humor_meme,유머/밈,original_filming,직접 촬영,N,텍스트 없음(장면으로 시작),텍스트 없음,foreign,자체 제작(해외),"해외(남아시아 등) 제작 무언어 몸개그, 한국어 해시태그",search(ago),짤
66,https://www.youtube.com/shorts/84T3Txigr8I,84T3Txigr8I,역대급 멧챠 카멜레온 랭킹 TOP4  #랭킹#유머#웃긴영상,레스기,UCBshbdmgy8yNmvduSqfsTtw,77000,10k-100k,2658792,2026-09-18,approx(검색 상대시간),40,humor_meme,유머/밈,list_ranking,리스트/랭킹,R,랭킹 TOP N 제목+번호 리스트,"""역대급 멧챠 카멜레온 랭킹 TOP4""",reuse,타인 저작물 재사용,타 영상 클립 모음 랭킹,search(ago),웃긴 영상
67,https://www.youtube.com/shorts/-iOUOy4gZBQ,-iOUOy4gZBQ,썸남이 가ㅅ 만지고 연락이 없어...💬.jpg,똘킹,UCnQRkIhRmXrxGrK4-8n-lVw,965000,100k-1M,2647769,2026-09-09,approx(검색 상대시간),48,relationship,연애/관계,text_only,텍스트 화면,X,텍스트 전용 화면,"흰 커뮤니티 글 카드 ""썸남이 내 승가 만지고 연락이 없어""",original,자체 제작,텍스트 화면 중심,search(ago),썸
68,https://www.youtube.com/shorts/ro37EteszrM,ro37EteszrM,역대급 지리는 수영장 순간들 랭킹 TOP4 #랭킹 #쇼츠 #웃긴영상,랭킹강,UCU0GT9xqXa9t915eWqJ1qrw,300000,100k-1M,2643735,2026-09-25,approx(검색 상대시간),23,humor_meme,유머/밈,list_ranking,리스트/랭킹,R,랭킹 TOP N 제목+번호 리스트,"""역대급 지리는 수영장 순간들 랭킹 TOP4""",reuse,타인 저작물 재사용,타 영상 클립 모음 랭킹,search(ago),웃긴 영상
69,https://www.youtube.com/shorts/IfDeP3jUPXc,IfDeP3jUPXc,[하츠투하츠] 짤이랑 똑같음 ㅋㅋㅋ #Hearts2Hearts,하츠숭,UC82slQqvskgEELPUNMuGksA,7720,<10k,2577137,2026-10-06,exact(RSS),5,idol_clip,아이돌/연예 짤,tv_clip,TV/예능/바이럴 클립(재업로드),T,"상단 검정 바 큰 제목(2줄, 강조색)","""맏언니가 제일 순해 보이는 짤 그 자체인 하루하""(밈 합성)",reuse,타인 저작물 재사용,TV·예능·드라마·영화 클립 재가공,search+rss,짤
70,https://www.youtube.com/shorts/s6u0PAAZzAI,s6u0PAAZzAI,늦은 밤 여학생이 겪은 공포 썰 #shorts,학교종,UCDlh3gx5SCjEE2e_wOGtAfQ,47400,10k-100k,2564673,2026-09-18,approx(검색 상대시간),16,horror,공포/미스터리,tv_clip,TV/예능/바이럴 클립(재업로드),T,"상단 검정 바 큰 제목(2줄, 강조색)","""밤 늦게 귀가하는 학생이 겪은 공포 썰""(CCTV풍 화살표)",reuse,타인 저작물 재사용,SNS 바이럴 클립 재가공,search(ago),썰
71,https://www.youtube.com/shorts/f_CG1NxX5Io,f_CG1NxX5Io,유행어 만든 서성경 얘 눈이 돌아 있어 | 개그콘서트 Gagconcert | KBS 260913 방송,개그콘서트,UCzT7nHtzVqwiarTH8sqHaJA,1370000,1M+,2521552,2026-09-18,approx(검색 상대시간),64,humor_meme,유머/밈,tv_clip,TV/예능/바이럴 클립(재업로드),T,"상단 검정 바 큰 제목(2줄, 강조색)","""유행어 만든 서성경 얘 눈이 돌아있어""",official,원저작권자 공식,방송사 공식 채널,search(ago),개그
72,https://www.youtube.com/shorts/_FsOmMZfg1M,_FsOmMZfg1M,따라가기 힘드네                    #쇼츠 #웃긴영상 # 재밌는 #각종유머 #해외반응,10초의행복,UChHOmHurIvbvH1cxGLV9Ijw,1090,<10k,2454669,2026-09-12,exact(RSS),,humor_meme,유머/밈,original_filming,직접 촬영,T,"상단 검정 바 큰 제목(2줄, 강조색)","""이대로 해주세요 했다가 생긴 일""",foreign,자체 제작(해외),"해외(남아시아 등) 제작 무언어 몸개그, 한국어 해시태그",rss-pool(small),
73,https://www.youtube.com/shorts/vsuf3GEU3Ic,vsuf3GEU3Ic,눈치 없는 사람 레전드 썰,형독방송,UCJDEss5wA1ddrCBC40giO8A,834000,100k-1M,2352850,2026-09-18,approx(검색 상대시간),60,story,썰/사연,tts_story,TTS/내레이션 썰,T,"상단 검정 바 큰 제목(2줄, 강조색)","""눈치 없는 사람 레전드""(엘리베이터 이미지)+자막",mixed,혼합(인용+자체),커뮤니티 글 템플릿 + 일러스트/이미지 + 내레이션,search(ago),썰
74,https://www.youtube.com/shorts/sHRbAdRZhz4,sHRbAdRZhz4,남친 욕한 거 동생이 다 말함 ㅋㅋㅋ | 개그콘서트 Gagconcert | KBS 260906 방송,개그콘서트,UCzT7nHtzVqwiarTH8sqHaJA,1370000,1M+,2342639,2026-09-09,approx(검색 상대시간),23,relationship,연애/관계,tv_clip,TV/예능/바이럴 클립(재업로드),T,"상단 검정 바 큰 제목(2줄, 강조색)","""남친 욕한 거 동생이 다 말함ㅋㅋㅋ""",official,원저작권자 공식,방송사 공식 채널,search(ago),개그
75,https://www.youtube.com/shorts/1W7B6IkWSMI,1W7B6IkWSMI,역대급 실수 모먼트 랭킹 TOP6 #랭킹#유머#웃긴영상,레스기,UCBshbdmgy8yNmvduSqfsTtw,77000,10k-100k,2332352,2026-09-25,approx(검색 상대시간),36,humor_meme,유머/밈,list_ranking,리스트/랭킹,R,랭킹 TOP N 제목+번호 리스트,"""역대급 실수 모먼트 랭킹 TOP6""",reuse,타인 저작물 재사용,타 영상 클립 모음 랭킹,search(ago),웃긴 영상
76,https://www.youtube.com/shorts/7K0x7CMcmEA,7K0x7CMcmEA,청순한데 섹시한 히나 #히나 #HINA #라잇썸 #LIGHTSUM,DaftTaengk,UCrTCkJ8377E7JhsMeyLXtKA,1540000,1M+,2284754,2026-09-09,approx(검색 상대시간),8,relationship,연애/관계,tv_clip,TV/예능/바이럴 클립(재업로드),N,텍스트 없음(장면으로 시작),"직캠, 텍스트 없음",reuse,타인 저작물 재사용,TV·예능·드라마·영화 클립 재가공,search(ago),썸
77,https://www.youtube.com/shorts/kCHtcxI4OR4,kCHtcxI4OR4,CG인 줄 알았는데 전부 리얼이었던 뮤비 장면들,입덕브리핑,UCnWsqCfwBE6tVWF17hpisJQ,6430,<10k,2261359,2026-08-28,exact(RSS),,idol_clip,아이돌/연예 짤,tv_clip,TV/예능/바이럴 클립(재업로드),T,"상단 검정 바 큰 제목(2줄, 강조색)","""관까지 들어간 제니""",reuse,타인 저작물 재사용,TV·예능·드라마·영화 클립 재가공,rss-pool(small),
78,https://www.youtube.com/shorts/rvFEoEguFik,rvFEoEguFik,듣자마자 스튜디오 뒤집어진 김신영 레전드 썰 ㅋㅋㅋ,비됴관,UCLtoiqy6ePP4BqYNP4fgTIQ,7590,<10k,2223972,2026-09-09,approx(검색 상대시간),30,story,썰/사연,tv_clip,TV/예능/바이럴 클립(재업로드),W,흰 카드/SNS 캡처형 제목,"""김신영 할머니가 110살까지 살아있는 이유"" + 출처",reuse,타인 저작물 재사용,TV·예능·드라마·영화 클립 재가공,search(ago),썰
79,https://www.youtube.com/shorts/yoX2xdNlZOE,yoX2xdNlZOE,개그우먼 가려서(?) 웃는 방청객 두 명 | 개그콘서트 Gagconcert | KBS 방송,개그콘서트,UCzT7nHtzVqwiarTH8sqHaJA,1370000,1M+,2187200,2026-10-03,approx(검색 상대시간),35,humor_meme,유머/밈,tv_clip,TV/예능/바이럴 클립(재업로드),T,"상단 검정 바 큰 제목(2줄, 강조색)","""개그우먼 가려서(?) 웃는 방청객 두 명ㅋㅋㅋ""",official,원저작권자 공식,방송사 공식 채널,search(ago),개그
80,https://www.youtube.com/shorts/vUxhrkbvtWI,vUxhrkbvtWI,이준 때려잡는 개콘 방청객 캐치캐치 | 개그콘서트 Gagconcert | KBS 260920 방송,개그콘서트,UCzT7nHtzVqwiarTH8sqHaJA,1370000,1M+,2143836,2026-09-25,approx(검색 상대시간),39,humor_meme,유머/밈,tv_clip,TV/예능/바이럴 클립(재업로드),T,"상단 검정 바 큰 제목(2줄, 강조색)","""이준 때려잡는 개콘 방청객 캐치캐치""",official,원저작권자 공식,방송사 공식 채널,search(ago),개그
81,https://www.youtube.com/shorts/c9oA3vlKPSg,c9oA3vlKPSg,얼굴 합성 AI 밈으로만 보던 그 군무를 시상식에서 실제로 춰버림 ㄷㄷ #Shorts #STORM #VMA #군무레전드 #실제라이브,enterpocket,UC8SwIdxLBhzACO684GwVq4w,14300,10k-100k,2122536,2026-09-29,exact(RSS),45,humor_meme,유머/밈,tv_clip,TV/예능/바이럴 클립(재업로드),T,"상단 검정 바 큰 제목(2줄, 강조색)","""이게 라이브로 된다고? 시상식 뒤집은 'STORM' 군무""",reuse,타인 저작물 재사용,TV·예능·드라마·영화 클립 재가공,search+rss,밈
82,https://www.youtube.com/shorts/YA8rNbuC2pU,YA8rNbuC2pU,손님 이러시면 곤란해요 #animation #meme #memes,HOWCOW uuu,UCInT34AJQaNyQ1V1PTEpv7w,2570000,1M+,2100880,2026-10-04,exact(RSS),11,humor_meme,유머/밈,animation,애니메이션,N,텍스트 없음(장면으로 시작),"애니메이션, 텍스트 없음",original,자체 제작,자체 애니메이션/웹툰형,search+rss,밈
83,https://www.youtube.com/shorts/843BKyWmSTQ,843BKyWmSTQ,쵸비 절규 짤 탄생 비화,롤협객,UCZMFFhaPv-KeyNlXAGqBUaQ,11399,10k-100k,2091294,2026-09-11,approx(검색 상대시간),58,humor_meme,유머/밈,tv_clip,TV/예능/바이럴 클립(재업로드),T,"상단 검정 바 큰 제목(2줄, 강조색)","""쵸비 절규 짤 탄생 비화""",reuse,타인 저작물 재사용,TV·예능·드라마·영화 클립 재가공,search(ago),짤
84,https://www.youtube.com/shorts/zEQRJ7olje4,zEQRJ7olje4,놈놈놈 2026ver. 근데 한 사람이 다른데? | 개그콘서트 Gagconcert | KBS 방송,개그콘서트,UCzT7nHtzVqwiarTH8sqHaJA,1370000,1M+,1978529,2026-09-28,approx(검색 상대시간),31,humor_meme,유머/밈,tv_clip,TV/예능/바이럴 클립(재업로드),T,"상단 검정 바 큰 제목(2줄, 강조색)","""놈놈놈 2026ver. 근데 한 사람이 다른데?""",official,원저작권자 공식,방송사 공식 채널,search(ago),개그
85,https://www.youtube.com/shorts/rLdffw_gN_M,rLdffw_gN_M,명절에 패싸움 썰,김준표,UC_EngQdug6VcxZ3xcqgnWug,1500000,1M+,1936888,2026-09-28,approx(검색 상대시간),52,story,썰/사연,talking_head,토킹헤드,X,텍스트 전용 화면,"""명절에 패싸움 썰"" + 글 캡처 ""우리 집안 레전드 명절 썰 푼다"" + 작은 얼굴",original,자체 제작,본인 출연 썰/토크,search(ago),썰
86,https://www.youtube.com/shorts/hXYOJf-AfGM,hXYOJf-AfGM,어릴때 아니고 다 크고 찜질방에서 혼난 썰,제로크림,UCTrfqg_jf37pVetVuLBjZ0g,759000,100k-1M,1925812,2026-09-11,approx(검색 상대시간),50,story,썰/사연,talking_head,토킹헤드,T,"상단 검정 바 큰 제목(2줄, 강조색)","""찜질방 썰"" 대형 + 본인 얼굴",original,자체 제작,본인 출연 썰/토크,search(ago),썰
87,https://www.youtube.com/shorts/RPF3jX4VqTk,RPF3jX4VqTk,카더가든화 실패 | 직장인들 시즌3,옥상평상,UCnlWtK0c3y99KhhKavcAwjA,58099,10k-100k,1889205,2026-10-04,exact(RSS),,school_work,학교/직장,tv_clip,TV/예능/바이럴 클립(재업로드),C,댓글 캡처 오버레이,"""카더가든화 실패"" + 댓글 캡처",reuse,타인 저작물 재사용,TV·예능·드라마·영화 클립 재가공,search+rss,직장인
88,https://www.youtube.com/shorts/nuBNi91f9e8,nuBNi91f9e8,레전드 방송사고 짤 탄생 시킨 소녀시대 유리ㅋㅋ,그때우린싸이월드였다,UCd-Hf2dJLFonSoG_DOR8TxA,3950,<10k,1884793,2026-09-27,approx(검색 상대시간),36,humor_meme,유머/밈,tv_clip,TV/예능/바이럴 클립(재업로드),W,흰 카드/SNS 캡처형 제목,"""가사 까먹고 레전드 찍은 유리"" 캡처 카드",reuse,타인 저작물 재사용,TV·예능·드라마·영화 클립 재가공,search(ago),짤
89,https://www.youtube.com/shorts/VCTy6i_cshc,VCTy6i_cshc,수치스러운 역대급 흑역사 썰,형독방송,UCJDEss5wA1ddrCBC40giO8A,834000,100k-1M,1847139,2026-09-18,approx(검색 상대시간),52,story,썰/사연,tts_story,TTS/내레이션 썰,X,텍스트 전용 화면,"""수치스러운 역대급 흑역사 썰"" + 커뮤니티 글 목록 캡처",mixed,혼합(인용+자체),커뮤니티 글 템플릿 + 일러스트/이미지 + 내레이션,search(ago),썰
90,https://www.youtube.com/shorts/njo2EbRbo3I,njo2EbRbo3I,선배가 쓰러져도 눈 하나 깜짝 않는 서성경 | 개그콘서트 Gagconcert | KBS 260906 방송,개그콘서트,UCzT7nHtzVqwiarTH8sqHaJA,1370000,1M+,1840407,2026-09-09,approx(검색 상대시간),49,humor_meme,유머/밈,tv_clip,TV/예능/바이럴 클립(재업로드),T,"상단 검정 바 큰 제목(2줄, 강조색)","""선배가 쓰러져도 눈 하나 깜짝 않는 서성경""",official,원저작권자 공식,방송사 공식 채널,search(ago),개그
91,https://www.youtube.com/shorts/-4ttCbMOUO8,-4ttCbMOUO8,오랜만에 만난 친구와 경찰서 앞에서 사진 찍기 | 개그콘서트 Gagconcert | KBS 260920 방송,개그콘서트,UCzT7nHtzVqwiarTH8sqHaJA,1370000,1M+,1833737,2026-09-25,approx(검색 상대시간),38,humor_meme,유머/밈,tv_clip,TV/예능/바이럴 클립(재업로드),T,"상단 검정 바 큰 제목(2줄, 강조색)","""오랜만에 만난 친구와 경찰서 앞에서 사진찍기""",official,원저작권자 공식,방송사 공식 채널,search(ago),개그
92,https://www.youtube.com/shorts/e0ZyaFLQl9k,e0ZyaFLQl9k,레딧에서 화제라는 '한중일' 밈 특징,강석주,UC3-9Ul8LOKJzQMdo1nFb_sQ,95300,10k-100k,1820705,2026-09-25,approx(검색 상대시간),20,humor_meme,유머/밈,meme_edit,밈 편집,T,"상단 검정 바 큰 제목(2줄, 강조색)","""레딧에서 화제라는 '한중일' 밈 특징""(폴란드볼 그림)",reuse,타인 저작물 재사용,밈 원본/오디오 재가공,search(ago),밈
93,https://www.youtube.com/shorts/VJh6TWwyxlM,VJh6TWwyxlM,동생이 쓴 소설 내용이 이상한데...? | 개그콘서트 Gagconcert | KBS 방송,개그콘서트,UCzT7nHtzVqwiarTH8sqHaJA,1370000,1M+,1809943,2026-09-29,approx(검색 상대시간),53,humor_meme,유머/밈,tv_clip,TV/예능/바이럴 클립(재업로드),T,"상단 검정 바 큰 제목(2줄, 강조색)","""동생이 쓴 소설 내용이 이상한데...?""",official,원저작권자 공식,방송사 공식 채널,search(ago),개그
94,https://www.youtube.com/shorts/BiW89jN-gxs,BiW89jN-gxs,요즘 네이버 안 쓰는 이유,테드TV,UC5pbeFWTPAUdKu65kBROsBg,891000,100k-1M,1773723,2026-09-18,approx(검색 상대시간),56,humor_meme,유머/밈,talking_head,토킹헤드,X,텍스트 전용 화면,"""요즘 네이버 안 쓰는 이유"" 흰 바탕 대형 텍스트",original,자체 제작,본인 출연 썰/토크,search(ago),썰
95,https://www.youtube.com/shorts/Wh1j80nuHzs,Wh1j80nuHzs,병원에서 상처받은 썰,용쥬르이용주,UCEdixbN7er9w3--3v3ResOQ,331000,100k-1M,1717010,2026-09-21,exact(RSS),36,story,썰/사연,talking_head,토킹헤드,T,"상단 검정 바 큰 제목(2줄, 강조색)","""병원에서 상처받은 썰"" + 본인 얼굴",original,자체 제작,본인 출연 썰/토크,search+rss,썰
96,https://www.youtube.com/shorts/v7qBz-_EQGQ,v7qBz-_EQGQ,옛날에 편의점 알바하면서 서러웠던 썰,제로크림,UCTrfqg_jf37pVetVuLBjZ0g,759000,100k-1M,1700741,2026-09-30,exact(RSS),45,story,썰/사연,talking_head,토킹헤드,T,"상단 검정 바 큰 제목(2줄, 강조색)","""서러웠던 편의점 알바 썰"" + 본인 출연",original,자체 제작,본인 출연 썰/토크,search+rss,썰
97,https://www.youtube.com/shorts/oH4WnncN4_Q,oH4WnncN4_Q,'손가락부터 배워야 했던' 비흡연자 배우들의 진실,패션뻐꾹이,UC_tUEs8BU5ucJlbQ6J0XBow,30,<10k,1687857,2026-10-02,exact(RSS),,idol_clip,아이돌/연예 짤,tv_clip,TV/예능/바이럴 클립(재업로드),T,"상단 검정 바 큰 제목(2줄, 강조색)","""비흡연자가 담배를 피우면?"" + 배우 얼굴 클로즈업",reuse,타인 저작물 재사용,TV·예능·드라마·영화 클립 재가공,rss-pool(small),
98,https://www.youtube.com/shorts/pt_ewYBhXSQ,pt_ewYBhXSQ,잘못 알아들어서 생긴 썰 21탄,민쩌미,UCCLD41Qs7YnqLsXhWjkX8qQ,741000,100k-1M,1654004,2026-09-27,exact(RSS),22,story,썰/사연,talking_head,토킹헤드,T,"상단 검정 바 큰 제목(2줄, 강조색)","""잘못 알아들어서 생긴 썰 21탄"" + 본인 출연 ""전 영어 학원 차량""",original,자체 제작,본인 출연 썰/토크,search+rss,썰
99,https://www.youtube.com/shorts/JkIVyUh5084,JkIVyUh5084,#웃긴영상 #웃긴동영상 #개그 #유머 #코미디 #재미있는영상 #웃음 #웃긴짤 #웃음폭발 #꿀잼 #대박 #추천 #추천영상 #밈영상 #FunnyShorts #Viral #Shorts,Funny Tv 0.2,UC-yl13KC_xaXJtuDdqb9-Pw,55599,10k-100k,1648171,2026-10-05,approx(검색 상대시간),15,humor_meme,유머/밈,original_filming,직접 촬영,N,텍스트 없음(장면으로 시작),텍스트 없음(해외 장난 영상),foreign,자체 제작(해외),"해외(남아시아 등) 제작 무언어 몸개그, 한국어 해시태그",search(ago),짤
100,https://www.youtube.com/shorts/_Oidc05c8EI,_Oidc05c8EI,솔직히 말해 너 일반인 아니지 | 개그콘서트 Gagconcert | KBS 260906 방송,개그콘서트,UCzT7nHtzVqwiarTH8sqHaJA,1370000,1M+,1636888,2026-09-11,approx(검색 상대시간),25,humor_meme,유머/밈,tv_clip,TV/예능/바이럴 클립(재업로드),T,"상단 검정 바 큰 제목(2줄, 강조색)","""솔직히 말해 너 일반인 아니지""",official,원저작권자 공식,방송사 공식 채널,search(ago),개그
101,https://www.youtube.com/shorts/NI67akwKJrs,NI67akwKJrs,[하츠투하츠] 열 일하는 예온&지우의 볼살 #Hearts2Hearts,하츠숭,UC82slQqvskgEELPUNMuGksA,7720,<10k,1622518,2026-10-02,exact(RSS),,idol_clip,아이돌/연예 짤,tv_clip,TV/예능/바이럴 클립(재업로드),T,"상단 검정 바 큰 제목(2줄, 강조색)","""전치 16주 어깨빵 치느라 볼살 흔들리는 거 보실 분""",reuse,타인 저작물 재사용,TV·예능·드라마·영화 클립 재가공,rss-pool(small),
102,https://www.youtube.com/shorts/Lml3JEsnXXI,Lml3JEsnXXI,도저히 믿기지 않는 90년대 명절 귀성길  클라스ㄷㄷ #shorts #상황극 #코미디,짤공감,UCjmkt3e6vVHygqBBh43eq0A,109000,100k-1M,1602053,2026-09-25,approx(검색 상대시간),56,humor_meme,유머/밈,original_filming,직접 촬영,T,"상단 검정 바 큰 제목(2줄, 강조색)","""90년대 귀성길 정속도로"" + 분장 상황극",original,자체 제작,직접 촬영 상황극/콘텐츠,search(ago),짤
103,https://www.youtube.com/shorts/fth4zY1HTG0,fth4zY1HTG0,추억이라는 '2027년' 밈 총정리,요즘밈,UCu123u-NA9v_vjwrIM8JhFg,63400,10k-100k,1601644,2026-09-09,approx(검색 상대시간),10,humor_meme,유머/밈,meme_edit,밈 편집,T,"상단 검정 바 큰 제목(2줄, 강조색)","""추억이라는 '2027년' 밈 총정리""",reuse,타인 저작물 재사용,밈 원본/오디오 재가공,search(ago),밈
104,https://www.youtube.com/shorts/dW46gzwdkec,dW46gzwdkec,실제 전장에서 가장 소름돋는 2가지 공포의 소리,갱상도,UCXdgTtXXvOueEFwyLwaVcow,266000,100k-1M,1570306,2026-09-22,exact(RSS),40,horror,공포/미스터리,news_summary,뉴스/정보 요약,T,"상단 검정 바 큰 제목(2줄, 강조색)","""갱상도"" + 빨간 원 표시 드론 영상 ""PTSD 오는""",mixed,혼합(인용+자체),정보/이슈 요약(이미지·클립+텍스트),search+rss,소름
105,https://www.youtube.com/shorts/OY2zC4Swgnk,OY2zC4Swgnk,어디선가 들어본 익숙한 짤은 뭐가 있을까?,추억큐브,UC3LGWfj5ZvidazCx_hrV2AA,25099,10k-100k,1569808,2026-09-11,exact(RSS),36,humor_meme,유머/밈,meme_edit,밈 편집,T,"상단 검정 바 큰 제목(2줄, 강조색)","""어디선가 들어본 익숙한 그 짤"" + 6위~1위 순위",reuse,타인 저작물 재사용,밈 원본/오디오 재가공,search+rss,짤
106,https://www.youtube.com/shorts/n-_cLO9ej-M,n-_cLO9ej-M,[일퍼센트] 외국어 개그 1황 강유미X정상훈ㅋㅋ #코미디빅리그,디글 클래식 :Diggle Classic,UCRMA_Nb5VF-YoWApSVeXPVA,3420000,1M+,1565614,2026-09-30,approx(검색 상대시간),39,humor_meme,유머/밈,tv_clip,TV/예능/바이럴 클립(재업로드),T,"상단 검정 바 큰 제목(2줄, 강조색)","""상위 1% 명장면 웃참 포기한 황제성ㅋㅋㅋ""",official,원저작권자 공식,방송사 공식 채널,search(ago),개그
107,https://www.youtube.com/shorts/n1RTGLAuRaI,n1RTGLAuRaI,두 사람은 라잇썸이지만 최강 #초원 #나영 #라잇썸 #CHOWON #NAYOUNG #LIGHTSUM,DaftTaengk,UCrTCkJ8377E7JhsMeyLXtKA,1540000,1M+,1554155,2026-09-09,approx(검색 상대시간),9,relationship,연애/관계,tv_clip,TV/예능/바이럴 클립(재업로드),N,텍스트 없음(장면으로 시작),"직캠, 텍스트 없음",reuse,타인 저작물 재사용,TV·예능·드라마·영화 클립 재가공,search(ago),썸
108,https://www.youtube.com/shorts/eMdRMs55LZA,eMdRMs55LZA,우리나라 하수도 괴담,김준표,UC_EngQdug6VcxZ3xcqgnWug,1500000,1M+,1518690,2026-09-18,approx(검색 상대시간),102,horror,공포/미스터리,talking_head,토킹헤드,T,"상단 검정 바 큰 제목(2줄, 강조색)","""우리나라 하수도 괴담"" 글리치 텍스트 + 게시글 캡처 + 얼굴캠",original,자체 제작,본인 출연 썰/토크,search(ago),괴담
109,https://www.youtube.com/shorts/C1ohQ34ybuk,C1ohQ34ybuk,여배우의 입금 전과 입금 후 모습? | 개그콘서트 Gagconcert | KBS 방송,개그콘서트,UCzT7nHtzVqwiarTH8sqHaJA,1370000,1M+,1454170,2026-09-29,approx(검색 상대시간),16,humor_meme,유머/밈,tv_clip,TV/예능/바이럴 클립(재업로드),T,"상단 검정 바 큰 제목(2줄, 강조색)","""여배우의 입금 전과 입금 후 모습?""",official,원저작권자 공식,방송사 공식 채널,search(ago),개그
110,https://www.youtube.com/shorts/f7ARaRsLWLQ,f7ARaRsLWLQ,스티커를 샀는데 소름이 돋은 이유ㄷㄷ,라임숏,UCrtJpGTCD0WuhtNkiGeWWqQ,31300,10k-100k,1453816,2026-09-09,approx(검색 상대시간),21,humor_meme,유머/밈,news_summary,뉴스/정보 요약,T,"상단 검정 바 큰 제목(2줄, 강조색)","""스티커를 샀는데 소름이 돋은 이유..ㄷㄷ""",mixed,혼합(인용+자체),정보/이슈 요약(이미지·클립+텍스트),search(ago),소름
111,https://www.youtube.com/shorts/t8iT0w_lhLk,t8iT0w_lhLk,남사친 때문에 반 전체가 뒤집힌 썰,민쩌미,UCCLD41Qs7YnqLsXhWjkX8qQ,741000,100k-1M,1405551,2026-09-18,approx(검색 상대시간),31,story,썰/사연,talking_head,토킹헤드,T,"상단 검정 바 큰 제목(2줄, 강조색)","""남사친 때문에 반 전체가 뒤집힌 썰"" + 본인 교복 출연",original,자체 제작,본인 출연 썰/토크,search(ago),썰
112,https://www.youtube.com/shorts/eU0LPKXNeLk,eU0LPKXNeLk,착각해서 생긴 썰 28탄,민쩌미,UCCLD41Qs7YnqLsXhWjkX8qQ,741000,100k-1M,1397299,2026-09-25,approx(검색 상대시간),38,story,썰/사연,talking_head,토킹헤드,T,"상단 검정 바 큰 제목(2줄, 강조색)","""착각해서 생긴 썰 28탄"" + 본인 출연",original,자체 제작,본인 출연 썰/토크,search(ago),썰
113,https://www.youtube.com/shorts/8-KjkOPSPG0,8-KjkOPSPG0,웃으면 존심상한다 미국식 아재개그,김블루,UCNzcxCN_Hh_lu5RCSFXKgGQ,2300000,1M+,1388836,2026-10-01,approx(검색 상대시간),32,humor_meme,유머/밈,text_only,텍스트 화면,X,텍스트 전용 화면,"""웃으면 존심상한다 미국식 아재개그"" 흰 화면 텍스트",original,자체 제작,텍스트 화면 중심,search(ago),개그
114,https://www.youtube.com/shorts/vmo_QKta0xk,vmo_QKta0xk,다스케테만 알았음? 앞부분이 진짜 소름_#치이카와인어섬의비밀 #치이카와영화,파란고양이,UCtnkybjsxMDgcb4ZV9Kg7EQ,1540,<10k,1373734,2026-09-27,approx(검색 상대시간),34,humor_meme,유머/밈,animation,애니메이션,T,"상단 검정 바 큰 제목(2줄, 강조색)","""다스케테만 알았음? 앞부분이 진짜 소름""",reuse,타인 저작물 재사용,기존 애니 클립 재가공,search(ago),소름
115,https://www.youtube.com/shorts/VND0iswOIVk,VND0iswOIVk,이건 10년동안 썸탄거 아닌가 ㅋㅋ,숏믈리에,UC1vPJZq6kVxeegVvyLCZC_w,82300,10k-100k,1362561,2026-09-25,approx(검색 상대시간),17,relationship,연애/관계,tv_clip,TV/예능/바이럴 클립(재업로드),T,"상단 검정 바 큰 제목(2줄, 강조색)","""이건 10년동안 썸 탄거 아닌가ㅋㅋ""",reuse,타인 저작물 재사용,TV·예능·드라마·영화 클립 재가공,search(ago),썸
116,https://www.youtube.com/shorts/n2UDkfDdSYY,n2UDkfDdSYY,과거 물수제비 초고수가 등장하면 생기는 일ㄷㄷ #shorts #상황극 #코미디,짤공감,UCjmkt3e6vVHygqBBh43eq0A,109000,100k-1M,1334128,2026-09-11,approx(검색 상대시간),58,humor_meme,유머/밈,original_filming,직접 촬영,T,"상단 검정 바 큰 제목(2줄, 강조색)","""6~70년대 물수제비 에이스"" + 분장 상황극",original,자체 제작,직접 촬영 상황극/콘텐츠,search(ago),짤
117,https://www.youtube.com/shorts/MZ-eD19IG1E,MZ-eD19IG1E,60년대 처음 부잣집 양변기를 사용하면 생기는 일ㅋㅋ #shorts #상황극 #코미디,짤공감,UCjmkt3e6vVHygqBBh43eq0A,109000,100k-1M,1321740,2026-09-25,approx(검색 상대시간),60,humor_meme,유머/밈,original_filming,직접 촬영,T,"상단 검정 바 큰 제목(2줄, 강조색)","""60년대 양변기 구청이 대소동"" + 분장 상황극",original,자체 제작,직접 촬영 상황극/콘텐츠,search(ago),짤
118,https://www.youtube.com/shorts/r9vq0jsG-PA,r9vq0jsG-PA,웃긴쇼츠 #웃긴영상 #재미 #꿀잼영상 #웃긴영상모음 #웃긴짤 #funnyvideo #funny #웃긴  #웃긴쇼츠 #shorts,짤의민족,UCqqM5lLdCYLfg9NgnA8zGFw,194,<10k,1316716,2026-09-11,approx(검색 상대시간),37,humor_meme,유머/밈,original_filming,직접 촬영,T,"상단 검정 바 큰 제목(2줄, 강조색)","""웃긴쇼츠"" 대형 노랑 텍스트",foreign,자체 제작(해외),"해외(남아시아 등) 제작 무언어 몸개그, 한국어 해시태그",search(ago),짤
119,https://www.youtube.com/shorts/VdF5OABxNoE,VdF5OABxNoE,가족한테 사기당한 아이들 썰 모음 15탄 ㅋㅋㅋ,김켈리 Kellyfornia,UCmjjgsm51PYMPf5REDylbSA,1340000,1M+,1309318,2026-09-25,approx(검색 상대시간),58,story,썰/사연,talking_head,토킹헤드,S,제목 없이 하단 자막,본인 출연 + 하단 자막,original,자체 제작,본인 출연 썰/토크,search(ago),썰
120,https://www.youtube.com/shorts/nNPYBoPMWQk,nNPYBoPMWQk,[괴담] 이해하면 무서운 정지,디로록,UC2Gl0AFWxb97lON4fdd5t4g,131000,100k-1M,1300175,2026-09-30,exact(RSS),16,horror,공포/미스터리,ai_generated,AI 생성 영상/이미지,T,"상단 검정 바 큰 제목(2줄, 강조색)","""멈춰"" 빨간 대형 단어 + 3D 공포 캐릭터",original,자체 제작,3D/AI 렌더 공포 캐릭터 + 한 단어 빨간 제목,search+rss,괴담
121,https://www.youtube.com/shorts/Beve73vzSIs,Beve73vzSIs,유하 머리띠의 비밀,하투하투,UChkoAAQkAg-asWAqX3eNfWQ,2760,<10k,1288991,2026-10-02,exact(RSS),,idol_clip,아이돌/연예 짤,tv_clip,TV/예능/바이럴 클립(재업로드),T,"상단 검정 바 큰 제목(2줄, 강조색)","""이걸로 머리띠를 만든다고? 유하 머리띠의 비밀""",reuse,타인 저작물 재사용,TV·예능·드라마·영화 클립 재가공,rss-pool(small),
122,https://www.youtube.com/shorts/9RBOtILKCfI,9RBOtILKCfI,[괴담] 이해하면 무서운 비밀,디로록,UC2Gl0AFWxb97lON4fdd5t4g,131000,100k-1M,1262755,2026-09-22,exact(RSS),20,horror,공포/미스터리,ai_generated,AI 생성 영상/이미지,T,"상단 검정 바 큰 제목(2줄, 강조색)","""비밀"" 빨간 대형 단어 + 3D 공포 캐릭터 ""60년간 모았는""",original,자체 제작,3D/AI 렌더 공포 캐릭터 + 한 단어 빨간 제목,search+rss,괴담
123,https://www.youtube.com/shorts/hysIyz16WJE,hysIyz16WJE,대충격이었던 400만 유튜버 썰 풉니다 ㄷㄷ,김켈리 Kellyfornia,UCmjjgsm51PYMPf5REDylbSA,1340000,1M+,1234429,2026-09-28,approx(검색 상대시간),65,story,썰/사연,talking_head,토킹헤드,T,"상단 검정 바 큰 제목(2줄, 강조색)","""대충격이었던 400만 유튜버 썰"" + 본인 출연",original,자체 제작,본인 출연 썰/토크,search(ago),썰
124,https://www.youtube.com/shorts/xcJxjuwboWI,xcJxjuwboWI,시식코너에서 몰래 ‘식사’를 한 아이들의 최후ㄷㄷ #shorts #상황극 #코미디,짤공감,UCjmkt3e6vVHygqBBh43eq0A,109000,100k-1M,1231559,2026-09-25,approx(검색 상대시간),69,humor_meme,유머/밈,original_filming,직접 촬영,T,"상단 검정 바 큰 제목(2줄, 강조색)","""그 시절 시식코너 공짜 식사"" + 분장 상황극",original,자체 제작,직접 촬영 상황극/콘텐츠,search(ago),짤
125,https://www.youtube.com/shorts/WR9BDFf168U,WR9BDFf168U,꿈꾸지마라 #웃음 #웃으면 #각종유머 #웃긴영상 #웃긴짤 #게그 #음악 #현철,풍년현철,UCSZVi0AtbVhUDGR6YZ5N5gA,22500,10k-100k,1223864,2026-09-09,approx(검색 상대시간),18,humor_meme,유머/밈,meme_edit,밈 편집,N,텍스트 없음(장면으로 시작),텍스트 없음(축구장 장면),reuse,타인 저작물 재사용,밈 원본/오디오 재가공,search(ago),짤
126,https://www.youtube.com/shorts/Z0_GM8FNFco,Z0_GM8FNFco,댓글까지 완벽했던 그 유명한 방탄짤,스타셔틀,UCQI7yr5qD4k4aOpoEYRwr1g,2880,<10k,1219951,2026-09-18,approx(검색 상대시간),19,idol_clip,아이돌/연예 짤,tv_clip,TV/예능/바이럴 클립(재업로드),T,"상단 검정 바 큰 제목(2줄, 강조색)","""댓글까지 완벽했던 그 유명한 방탄짤""",reuse,타인 저작물 재사용,TV·예능·드라마·영화 클립 재가공,search(ago),짤
127,https://www.youtube.com/shorts/N3J5jpUUBXg,N3J5jpUUBXg,[에스파] 윈터 라방에서 1초 만에 기절한 뽀뇨,입덕브리핑,UCnWsqCfwBE6tVWF17hpisJQ,6430,<10k,1202466,2026-08-29,exact(RSS),,idol_clip,아이돌/연예 짤,tv_clip,TV/예능/바이럴 클립(재업로드),T,"상단 검정 바 큰 제목(2줄, 강조색)","""1초만에 잠들기"" 강아지 클로즈업",reuse,타인 저작물 재사용,TV·예능·드라마·영화 클립 재가공,rss-pool(small),
128,https://www.youtube.com/shorts/r9sQP1MPyss,r9sQP1MPyss,갑자기 발견한 최애 장난감 #강아지 #웃기는강아지 #애견영상 #웃긴동물영상 #댕댕이  #웃긴영상 #강아지일상 #강아지쇼츠 #강아지동영상 #반려견,바우테일,UCioOHb6lN89rgVK4ONI-2dA,6650,<10k,1200179,2026-09-13,exact(RSS),,animals,동물/펫,original_filming,직접 촬영,T,"상단 검정 바 큰 제목(2줄, 강조색)","""갑자기 발견한 장난감 그런데ㅋㅋ""",original,자체 제작,직접 촬영 반려동물,rss-pool(small),
129,https://www.youtube.com/shorts/AzZ9HgT7CTU,AzZ9HgT7CTU,딸 장례식에서 다른 여자와 웃던 사위… 관을 본 엄마가 얼어붙었습니다,반전시네마,UCEHnSVED0ip_d8BeKKhm_Ag,44100,10k-100k,1199128,2026-09-25,exact(RSS),,story,썰/사연,ai_generated,AI 생성 영상/이미지,T,"상단 검정 바 큰 제목(2줄, 강조색)","""딸 장례식에서 사위가 다른 여자와 웃고 있었습니다"" AI 이미지 드라마",original,자체 제작,AI 이미지/영상 + 내레이션,search+rss,반전
130,https://www.youtube.com/shorts/SoNgPxSze0Y,SoNgPxSze0Y,[괴담] 이해하면 무서운 카펫,디로록,UC2Gl0AFWxb97lON4fdd5t4g,131000,100k-1M,1176345,2026-09-23,exact(RSS),20,horror,공포/미스터리,ai_generated,AI 생성 영상/이미지,T,"상단 검정 바 큰 제목(2줄, 강조색)","""카펫"" 빨간 대형 단어 + 3D 캐릭터",original,자체 제작,3D/AI 렌더 공포 캐릭터 + 한 단어 빨간 제목,search+rss,괴담
131,https://www.youtube.com/shorts/px5r1oRc7tI,px5r1oRc7tI,아 진짜 속 터지는 형사; #김원효,케슛슛,UC2VBdyLJeio41pc89RHBUPQ,160000,100k-1M,1168578,2026-10-04,exact(RSS),64,humor_meme,유머/밈,tv_clip,TV/예능/바이럴 클립(재업로드),T,"상단 검정 바 큰 제목(2줄, 강조색)","""범인과 피해자가 형사 달래기::""",reuse,타인 저작물 재사용,TV·예능·드라마·영화 클립 재가공,search+rss,개그
132,https://www.youtube.com/shorts/2R85LQCO5dI,2R85LQCO5dI,그 시절 귀했던 포켓몬 띠부씰이 나오면 생기는 일ㄷㄷ #shorts #상황극 #코미디,짤공감,UCjmkt3e6vVHygqBBh43eq0A,109000,100k-1M,1159795,2026-09-29,exact(RSS),60,humor_meme,유머/밈,original_filming,직접 촬영,T,"상단 검정 바 큰 제목(2줄, 강조색)","""그 시절 띠부씰 NO.151"" 분장 상황극",original,자체 제작,직접 촬영 상황극/콘텐츠,search+rss,짤
133,https://www.youtube.com/shorts/yX5Z9ObFYNw,yX5Z9ObFYNw,60년대 부자 친구 생일파티에 가면 생기는 일ㄷㄷ #shorts #상황극 #코미디,짤공감,UCjmkt3e6vVHygqBBh43eq0A,109000,100k-1M,1158533,2026-09-18,approx(검색 상대시간),60,humor_meme,유머/밈,original_filming,직접 촬영,T,"상단 검정 바 큰 제목(2줄, 강조색)","""6~70년대 생일 구두닦이"" 상황극",original,자체 제작,직접 촬영 상황극/콘텐츠,search(ago),짤
134,https://www.youtube.com/shorts/lLEAiknp8Zk,lLEAiknp8Zk,또 속아버린 카리나,빵빠레,UCrT8HvgwEipSeEYZdei0jRA,3500,<10k,1140284,2026-08-13,exact(RSS),,humor_meme,유머/밈,tv_clip,TV/예능/바이럴 클립(재업로드),W,흰 카드/SNS 캡처형 제목,"""눈 앞에서 카리나를 속이면?"" X(트위터) 캡처 카드",reuse,타인 저작물 재사용,TV·예능·드라마·영화 클립 재가공,rss-pool(small),
135,https://www.youtube.com/shorts/G3mI3FYdQ5A,G3mI3FYdQ5A,[괴담] 이해하면 무서운 기억,디로록,UC2Gl0AFWxb97lON4fdd5t4g,131000,100k-1M,1135148,2026-09-26,exact(RSS),21,horror,공포/미스터리,ai_generated,AI 생성 영상/이미지,T,"상단 검정 바 큰 제목(2줄, 강조색)","""기억"" 빨간 대형 단어 + 3D 캐릭터",original,자체 제작,3D/AI 렌더 공포 캐릭터 + 한 단어 빨간 제목,search+rss,괴담
136,https://www.youtube.com/shorts/SjVwgfBkyOo,SjVwgfBkyOo,소름돋는 요즘 노벨상..,원정상,UCs2yuJwlg2TsOtUeDSZF3_g,527000,100k-1M,1128986,2026-10-06,exact(RSS),31,humor_meme,유머/밈,text_only,텍스트 화면,X,텍스트 전용 화면,"""소름돋는 요즘 노벨상"" 검정 화면 대형 텍스트",original,자체 제작,텍스트 화면 중심,search+rss,소름
137,https://www.youtube.com/shorts/gG9NcM65eiY,gG9NcM65eiY,델타룬 챕터 5 최고의 회복 아이템,WeebBear 및 Zatmaggot,,,,1105349,2026-09-11,approx(검색 상대시간),32,humor_meme,유머/밈,animation,애니메이션,N,텍스트 없음(장면으로 시작),게임 픽셀 화면,reuse,타인 저작물 재사용,기존 애니 클립 재가공,search(ago),힐링
138,https://www.youtube.com/shorts/MjWrEaPduZ8,MjWrEaPduZ8,소름돋는 롯데월드 괴담,김준표,UC_EngQdug6VcxZ3xcqgnWug,1500000,1M+,1103947,2026-09-18,approx(검색 상대시간),80,horror,공포/미스터리,talking_head,토킹헤드,T,"상단 검정 바 큰 제목(2줄, 강조색)","""소름돋는 롯데월드 괴담"" + 게시글 캡처",original,자체 제작,본인 출연 썰/토크,search(ago),괴담
139,https://www.youtube.com/shorts/osdv751BKA0,osdv751BKA0,송영길 거울이... 이 수 경? | 개그콘서트 Gagconcert | KBS 260913 방송,개그콘서트,UCzT7nHtzVqwiarTH8sqHaJA,1370000,1M+,1078663,2026-09-18,approx(검색 상대시간),30,humor_meme,유머/밈,tv_clip,TV/예능/바이럴 클립(재업로드),T,"상단 검정 바 큰 제목(2줄, 강조색)","""송영길 거울이... 이수경?""",official,원저작권자 공식,방송사 공식 채널,search(ago),개그
140,https://www.youtube.com/shorts/IjN8lFLzeBw,IjN8lFLzeBw,“애는 우리가 키울 테니까 넌 빈손으로 나가!”,사연있는 인생 📖,UCs1odMyYqxiC_12eEAOzQ0g,8490,<10k,1072461,2026-10-04,exact(RSS),,story,썰/사연,ai_generated,AI 생성 영상/이미지,S,제목 없이 하단 자막,"AI 이미지 드라마 ""애는 우리가 키울 테니까""",original,자체 제작,AI 이미지/영상 + 내레이션,search+rss,사연
141,https://www.youtube.com/shorts/9XdtA586oUM,9XdtA586oUM,개무서운 자각몽 괴담,김준표,UC_EngQdug6VcxZ3xcqgnWug,1500000,1M+,1065214,2026-09-25,approx(검색 상대시간),138,horror,공포/미스터리,talking_head,토킹헤드,T,"상단 검정 바 큰 제목(2줄, 강조색)","""개무서운 자각몽 괴담"" + 게시글 캡처",original,자체 제작,본인 출연 썰/토크,search(ago),괴담
142,https://www.youtube.com/shorts/lSGdjR2t3BA,lSGdjR2t3BA,웃으면 존심상하는 아재개그,김블루,UCNzcxCN_Hh_lu5RCSFXKgGQ,2300000,1M+,1045611,2026-09-25,approx(검색 상대시간),28,humor_meme,유머/밈,text_only,텍스트 화면,X,텍스트 전용 화면,"""웃으면 존심상하는 아재개그"" 흰 화면",original,자체 제작,텍스트 화면 중심,search(ago),개그
143,https://www.youtube.com/shorts/NCX7mtlEE8E,NCX7mtlEE8E,온천 들어간 50대 아저씨가 된 골든 리트리버 #shorts #유머 #힐링 #웃긴강아지 #귀여운영상,힐링멍냥,UC8IYEfliu6vOEB-l5pYon7g,,,1033231,2026-09-11,approx(검색 상대시간),29,animals,동물/펫,ai_generated,AI 생성 영상/이미지,W,흰 카드/SNS 캡처형 제목,"""아저씨 페르소나"" 온천 강아지",original,자체 제작,AI 이미지/영상 + 내레이션,search(ago),힐링
144,https://www.youtube.com/shorts/qIMR5g6jLNU,qIMR5g6jLNU,그녀 제약사 대표와도 썸,꽉TV,UC9-FOv67-03WMjbPApziPwQ,1420000,1M+,1028412,2026-09-11,approx(검색 상대시간),57,relationship,연애/관계,tv_clip,TV/예능/바이럴 클립(재업로드),S,제목 없이 하단 자막,"""법무부 장관을"" 하단 자막(예능 클립)",reuse,타인 저작물 재사용,TV·예능·드라마·영화 클립 재가공,search(ago),썸
145,https://www.youtube.com/shorts/-YBxWPS5khE,-YBxWPS5khE,앞이 보이지 않아요,카루미,UCvbY--RnyoiyV1B6QI63WSw,76900,10k-100k,1003589,2026-09-25,approx(검색 상대시간),8,humor_meme,유머/밈,meme_edit,밈 편집,S,제목 없이 하단 자막,"우주 배경 + ""눈앞이 캄캄해졌어"" (출처 표기) 텍스트 밈",reuse,타인 저작물 재사용,밈 원본/오디오 재가공,search(ago),짤
146,https://www.youtube.com/shorts/iGvXQsOm3vQ,iGvXQsOm3vQ,짤이랑 똑같아서 웃음 나오는 하투하 F4 파트,하투하투,UChkoAAQkAg-asWAqX3eNfWQ,2760,<10k,999965,2026-10-04,exact(RSS),10,idol_clip,아이돌/연예 짤,tv_clip,TV/예능/바이럴 클립(재업로드),T,"상단 검정 바 큰 제목(2줄, 강조색)","""그냥 짤이랑 똑같다는 하츠투하츠 F4 파트""",reuse,타인 저작물 재사용,TV·예능·드라마·영화 클립 재가공,search+rss,짤
147,https://www.youtube.com/shorts/HG0qbcnpoXE,HG0qbcnpoXE,지우 오백만 번 부를거임...,하투하투,UChkoAAQkAg-asWAqX3eNfWQ,2760,<10k,975559,2026-09-30,exact(RSS),,idol_clip,아이돌/연예 짤,tv_clip,TV/예능/바이럴 클립(재업로드),T,"상단 검정 바 큰 제목(2줄, 강조색)","""지우 계속 부르고 싶은 영상 대답하는 쮸제비""",reuse,타인 저작물 재사용,TV·예능·드라마·영화 클립 재가공,rss-pool(small),
148,https://www.youtube.com/shorts/HDIR8dRv2QA,HDIR8dRv2QA,폭풍 연습한 정민은 마지막 공을 성공할까? #틈만나면 #SBS,하이컷 - HICUT,UC4fMNLvMxhHiBbUSh3GCW4w,7220,<10k,948390,2026-08-29,exact(RSS),,humor_meme,유머/밈,tv_clip,TV/예능/바이럴 클립(재업로드),T,"상단 검정 바 큰 제목(2줄, 강조색)","""폭풍 연습한 정민은 마지막 공을 떨어뜨렸을까?""",official,원저작권자 공식,방송사 공식 채널,rss-pool(small),
149,https://www.youtube.com/shorts/v61ovyXmMZE,v61ovyXmMZE,[괴담] 이해하면 무서운 소원,디로록,UC2Gl0AFWxb97lON4fdd5t4g,131000,100k-1M,948251,2026-09-20,exact(RSS),21,horror,공포/미스터리,ai_generated,AI 생성 영상/이미지,T,"상단 검정 바 큰 제목(2줄, 강조색)","""소원"" 빨간 대형 단어 + 3D 캐릭터",original,자체 제작,3D/AI 렌더 공포 캐릭터 + 한 단어 빨간 제목,search+rss,괴담
150,https://www.youtube.com/shorts/i5Sy9dfkhhA,i5Sy9dfkhhA,[괴담] 이해하면 무서운 구멍,디로록,UC2Gl0AFWxb97lON4fdd5t4g,131000,100k-1M,940088,2026-09-18,exact(RSS),22,horror,공포/미스터리,ai_generated,AI 생성 영상/이미지,T,"상단 검정 바 큰 제목(2줄, 강조색)","""구멍"" 빨간 대형 단어 + 3D 캐릭터",original,자체 제작,3D/AI 렌더 공포 캐릭터 + 한 단어 빨간 제목,search+rss,괴담
151,https://www.youtube.com/shorts/x0uLxRQPMiQ,x0uLxRQPMiQ,[하츠투하츠] 고음 파트 잘 소화한 카르멘 #Hearts2Hearts,하츠숭,UC82slQqvskgEELPUNMuGksA,7720,<10k,926490,2026-10-04,exact(RSS),,idol_clip,아이돌/연예 짤,tv_clip,TV/예능/바이럴 클립(재업로드),T,"상단 검정 바 큰 제목(2줄, 강조색)","""음역대 잘 맞았던 카르멘 소녀시대 Gee 고음 애드립""",reuse,타인 저작물 재사용,TV·예능·드라마·영화 클립 재가공,rss-pool(small),
152,https://www.youtube.com/shorts/hwGY7XV9Gps,hwGY7XV9Gps,내 절친과 절친의 아빠까지 체포했을 때 | 개그콘서트 Gagconcert | KBS 260906 방송,개그콘서트,UCzT7nHtzVqwiarTH8sqHaJA,1370000,1M+,913956,2026-09-18,approx(검색 상대시간),34,humor_meme,유머/밈,tv_clip,TV/예능/바이럴 클립(재업로드),T,"상단 검정 바 큰 제목(2줄, 강조색)","""내 절친과 절친의 아빠까지 체포했을 때""",official,원저작권자 공식,방송사 공식 채널,search(ago),개그
153,https://www.youtube.com/shorts/QQkjljWSfrk,QQkjljWSfrk,’결혼하나 싶었는데’ 헤어졌다는 장기연애 배우 커플,K-인정,UC7Tj7NBmjXUJrcojKIc6jhQ,54900,10k-100k,878463,2026-10-08,exact(RSS),,relationship,연애/관계,tv_clip,TV/예능/바이럴 클립(재업로드),T,"상단 검정 바 큰 제목(2줄, 강조색)","""딱 하루짜리 열애설 기사""",reuse,타인 저작물 재사용,TV·예능·드라마·영화 클립 재가공,search+rss,커플
154,https://www.youtube.com/shorts/u4gI_UJgN4M,u4gI_UJgN4M,'피도 안 섞였는데...' 언니 호칭에 혼란 온 사쿠라,패션뻐꾹이,UC_tUEs8BU5ucJlbQ6J0XBow,30,<10k,867897,2026-10-04,exact(RSS),,idol_clip,아이돌/연예 짤,tv_clip,TV/예능/바이럴 클립(재업로드),T,"상단 검정 바 큰 제목(2줄, 강조색)","""왜 너를 언니라고 해야 돼?""",reuse,타인 저작물 재사용,TV·예능·드라마·영화 클립 재가공,rss-pool(small),
155,https://www.youtube.com/shorts/hcywlz1mMec,hcywlz1mMec,고경표 류혜영 이정도면 썸이다? 이민호 왤케 아저씨같이 ㅋㅋㅋ 전화하라고 ㅋㅋㅋㅋ #류혜영 #이민호 #김대명 #신동엽 풀영상은 짠한형 채널에서 시청하세요🫶,누나‘s Pick (누나스픽),UCYyctUWxpdM_58F9YnYcutA,127000,100k-1M,865234,2026-09-18,approx(검색 상대시간),56,relationship,연애/관계,tv_clip,TV/예능/바이럴 클립(재업로드),T,"상단 검정 바 큰 제목(2줄, 강조색)","""고경표랑 류혜영이 절대 썸이 아닌 이유""",reuse,타인 저작물 재사용,TV·예능·드라마·영화 클립 재가공,search(ago),썸
156,https://www.youtube.com/shorts/mUa6iboA10k,mUa6iboA10k,60년대 찐빵을 공짜로 얻어먹는 방법?!ㄷㄷ #shorts #상황극 #코미디,짤공감,UCjmkt3e6vVHygqBBh43eq0A,109000,100k-1M,863227,2026-09-26,exact(RSS),57,humor_meme,유머/밈,original_filming,직접 촬영,T,"상단 검정 바 큰 제목(2줄, 강조색)","""그 시절 찐빵"" 분장 상황극",original,자체 제작,직접 촬영 상황극/콘텐츠,search+rss,짤
157,https://www.youtube.com/shorts/Q5VxAlEJFPI,Q5VxAlEJFPI,2026 아재개그 대회 [통편집본],달쑤,UC9cG7NOH9Pdvbw2sbhkwFOA,619000,100k-1M,855668,2026-09-26,exact(RSS),56,humor_meme,유머/밈,original_filming,직접 촬영,T,"상단 검정 바 큰 제목(2줄, 강조색)","""2026 추석특집 아재개그 대회""",original,자체 제작,직접 촬영 상황극/콘텐츠,search+rss,개그
158,https://www.youtube.com/shorts/VaT4QmyEC0Y,VaT4QmyEC0Y,너 때문에 회도 못 먹어 #시니어드라마 #드라마 #drama #사연드라마 #반전드라마 #오디오드라마 #막장드라마 #마음우체국,마음우체국,UCz76CRItruM2qkMlUWAqiAw,63400,10k-100k,851905,2026-10-03,exact(RSS),,story,썰/사연,ai_generated,AI 생성 영상/이미지,S,제목 없이 하단 자막,"AI 이미지 시니어 드라마 ""나 동창회 그만 나올게""",original,자체 제작,AI 이미지/영상 + 내레이션,search+rss,사연
159,https://www.youtube.com/shorts/cxLwEQWgoj0,cxLwEQWgoj0,[하츠투하츠] 핫걸의 패션 #Hearts2Hearts,하츠숭,UC82slQqvskgEELPUNMuGksA,7720,<10k,841848,2026-10-06,exact(RSS),,idol_clip,아이돌/연예 짤,tv_clip,TV/예능/바이럴 클립(재업로드),T,"상단 검정 바 큰 제목(2줄, 강조색)","""뉴욕에서 구두 신고 새로운 패션을 보여준 스텔라""",reuse,타인 저작물 재사용,TV·예능·드라마·영화 클립 재가공,rss-pool(small),
160,https://www.youtube.com/shorts/10WN4hldXNQ,10WN4hldXNQ,황당하다는 미국 엔지니어 밈,김블루,UCNzcxCN_Hh_lu5RCSFXKgGQ,2300000,1M+,836535,2026-10-07,exact(RSS),30,humor_meme,유머/밈,text_only,텍스트 화면,X,텍스트 전용 화면,"""황당하다는 미국 엔지니어밈"" 흰 화면",original,자체 제작,텍스트 화면 중심,search+rss,밈
161,https://www.youtube.com/shorts/DpXJgm3M2_4,DpXJgm3M2_4,외국인도 못 버틴 한국인의 영어 아재개그,K-클래스,UCA4BTcFur4Ek2ivu2Stm7bw,22400,10k-100k,829151,2026-10-03,exact(RSS),13,humor_meme,유머/밈,tv_clip,TV/예능/바이럴 클립(재업로드),T,"상단 검정 바 큰 제목(2줄, 강조색)","""영어로 아재개그 날렸더니 외국인이 보인 반응""",reuse,타인 저작물 재사용,TV·예능·드라마·영화 클립 재가공,search+rss,개그
162,https://www.youtube.com/shorts/Jq8Fu_InVHk,Jq8Fu_InVHk,충격적인 나현영 남편 공개?! | 개그콘서트 Gagconcert | KBS 260920 방송,개그콘서트,UCzT7nHtzVqwiarTH8sqHaJA,1370000,1M+,821313,2026-09-26,approx(검색 상대시간),24,relationship,연애/관계,tv_clip,TV/예능/바이럴 클립(재업로드),T,"상단 검정 바 큰 제목(2줄, 강조색)","""충격적인 나현영 남편 공개?!""",official,원저작권자 공식,방송사 공식 채널,search(ago),개그
163,https://www.youtube.com/shorts/W9x8wOItUqo,W9x8wOItUqo,대한항공 괴담,숏또루,UCcpumx3UzkAa1Vcw1wHaNzg,18500,10k-100k,817605,2026-09-11,exact(RSS),14,horror,공포/미스터리,news_summary,뉴스/정보 요약,W,흰 카드/SNS 캡처형 제목,"""대한항공 괴담"" 흰 카드 + 공항 사진",mixed,혼합(인용+자체),정보/이슈 요약(이미지·클립+텍스트),search+rss,괴담
164,https://www.youtube.com/shorts/v8iFwVnFOss,v8iFwVnFOss,[하츠투하츠] 어쩔 줄 몰라하는 손이 킬포 #Hearts2Hearts,하츠숭,UC82slQqvskgEELPUNMuGksA,7720,<10k,817387,2026-10-04,exact(RSS),,idol_clip,아이돌/연예 짤,tv_clip,TV/예능/바이럴 클립(재업로드),T,"상단 검정 바 큰 제목(2줄, 강조색)","""카메라에 뽀뽀한 이안이가 당황한 이유""",reuse,타인 저작물 재사용,TV·예능·드라마·영화 클립 재가공,rss-pool(small),
165,https://www.youtube.com/shorts/6o8vnJJndbw,6o8vnJJndbw,교사 60번 떨어지고 깨달은 1가지,1교시는 황용일,UCjEV6dD7vmU_zwL53Yp8jCw,6530,<10k,812565,2026-09-22,exact(RSS),,school_work,학교/직장,talking_head,토킹헤드,T,"상단 검정 바 큰 제목(2줄, 강조색)","""교사 60번 떨어지고 깨달은 1가지"" 강사 직접 출연",original,자체 제작,본인 출연 썰/토크,rss-pool(small),
166,https://www.youtube.com/shorts/VA2ToD_qCYM,VA2ToD_qCYM,운동천재를 키워낸 아빠의 존재감  #힐링 #아기 #귀여운아기 #운동천재 #육아,힐링24시,UCBks-3eJp8Nds8Aoy8W1r0A,36900,10k-100k,796649,2026-09-29,exact(RSS),22,humor_meme,유머/밈,tv_clip,TV/예능/바이럴 클립(재업로드),T,"상단 검정 바 큰 제목(2줄, 강조색)","""운동천재 아기와 아빠의 미친 존재감""",reuse,타인 저작물 재사용,바이럴 영상 재업로드 + 자막,search+rss,힐링
167,https://www.youtube.com/shorts/dXjAabTX1z8,dXjAabTX1z8,Q. 연습생 때 가장 힘들었던 수업은?,하투하투,UChkoAAQkAg-asWAqX3eNfWQ,2760,<10k,794314,2026-10-05,exact(RSS),,idol_clip,아이돌/연예 짤,tv_clip,TV/예능/바이럴 클립(재업로드),T,"상단 검정 바 큰 제목(2줄, 강조색)","""연습생 때 제일 힘들었다는 유하가 울어버린 수업""",reuse,타인 저작물 재사용,TV·예능·드라마·영화 클립 재가공,rss-pool(small),
168,https://www.youtube.com/shorts/-Qfzj3dHXuY,-Qfzj3dHXuY,남편이 체포되자 아내가 제일 먼저 챙기는 건? | 개그콘서트 Gagconcert | KBS 260906 방송,개그콘서트,UCzT7nHtzVqwiarTH8sqHaJA,1370000,1M+,790219,2026-09-11,approx(검색 상대시간),53,relationship,연애/관계,tv_clip,TV/예능/바이럴 클립(재업로드),T,"상단 검정 바 큰 제목(2줄, 강조색)","""남편이 체포되자 아내가 제일 먼저 챙기는 건?""",official,원저작권자 공식,방송사 공식 채널,search(ago),개그
169,https://www.youtube.com/shorts/s0ID58k1pW4,s0ID58k1pW4,한번쯤 들어본 '그 효과음' 밈 원본 ㅋㅋㅋ,요즘밈,UCu123u-NA9v_vjwrIM8JhFg,63400,10k-100k,786047,2026-09-18,approx(검색 상대시간),9,humor_meme,유머/밈,meme_edit,밈 편집,T,"상단 검정 바 큰 제목(2줄, 강조색)","""한번쯤 들어본 그 효과음 밈 원본""",reuse,타인 저작물 재사용,밈 원본/오디오 재가공,search(ago),밈
170,https://www.youtube.com/shorts/jSmy4aN9iXI,jSmy4aN9iXI,이번 노벨 의학상이 ㅈㄴ '소름' 돋는 이유,강석주,UC3-9Ul8LOKJzQMdo1nFb_sQ,95300,10k-100k,776725,2026-10-06,exact(RSS),19,humor_meme,유머/밈,meme_edit,밈 편집,T,"상단 검정 바 큰 제목(2줄, 강조색)","""이번 노벨 의학상이 좀 소름 돋는 이유""",reuse,타인 저작물 재사용,밈 원본/오디오 재가공,search+rss,소름
171,https://www.youtube.com/shorts/gInbCea4VJs,gInbCea4VJs,[괴담] 이해하면 무서운 아이,디로록,UC2Gl0AFWxb97lON4fdd5t4g,131000,100k-1M,764563,2026-10-05,exact(RSS),24,horror,공포/미스터리,ai_generated,AI 생성 영상/이미지,T,"상단 검정 바 큰 제목(2줄, 강조색)","""악마"" 빨간 대형 단어 + 3D 캐릭터",original,자체 제작,3D/AI 렌더 공포 캐릭터 + 한 단어 빨간 제목,search+rss,괴담
172,https://www.youtube.com/shorts/gh3Fc6WYyeA,gh3Fc6WYyeA,오디션장에서 벌어진 역대급 반전,모르면개손해,UCpBpsIYfgEe2s-zazZ643xw,366000,100k-1M,757019,2026-10-08,exact(RSS),,humor_meme,유머/밈,tv_clip,TV/예능/바이럴 클립(재업로드),T,"상단 검정 바 큰 제목(2줄, 강조색)","""오디션장에서 벌어진 역대급 반전""",reuse,타인 저작물 재사용,TV·예능·드라마·영화 클립 재가공,search+rss,반전
173,https://www.youtube.com/shorts/oNm7XXdvX3g,oNm7XXdvX3g,아니 뭐 어때? 여자끼리 있는데~ | 개그콘서트 Gagconcert | KBS 260920 방송,개그콘서트,UCzT7nHtzVqwiarTH8sqHaJA,1370000,1M+,750843,2026-09-25,approx(검색 상대시간),45,humor_meme,유머/밈,tv_clip,TV/예능/바이럴 클립(재업로드),T,"상단 검정 바 큰 제목(2줄, 강조색)","""아니 뭐 어때? 여자끼리 있는데~""",official,원저작권자 공식,방송사 공식 채널,search(ago),개그
174,https://www.youtube.com/shorts/lSp2uSnQbEY,lSp2uSnQbEY,#귀청소asmr #귀청소 #베트남힐링,베트남 황제 힐링케어,UCUyKiATtPb335omBWsUD5nw,38100,10k-100k,750196,2026-09-25,exact(RSS),30,asmr,만족감/ASMR,asmr,만족감/ASMR,N,텍스트 없음(장면으로 시작),귀청소 ASMR 클로즈업,original,자체 제작,ASMR/만족감,search+rss,힐링
175,https://www.youtube.com/shorts/16x4cGvK_aY,16x4cGvK_aY,짝사랑녀한테 장난치다 실수로 안겨버렸을 때,시니어왕왕,UC7VTUX-fAI9so6liIMEKL4g,17700,10k-100k,733464,2026-09-18,approx(검색 상대시간),11,relationship,연애/관계,tv_clip,TV/예능/바이럴 클립(재업로드),T,"상단 검정 바 큰 제목(2줄, 강조색)","""짝사랑녀한테 장난치다 생긴 일"" + 하트",reuse,타인 저작물 재사용,TV·예능·드라마·영화 클립 재가공,search(ago),썸
176,https://www.youtube.com/shorts/5Jp4LYzJSRc,5Jp4LYzJSRc,헤어진 전 애인에게 복수하는법,날스케치,UCBwd206krjP2nTuUL5tyDZQ,4170,<10k,729364,2026-09-28,exact(RSS),,relationship,연애/관계,original_filming,직접 촬영,W,흰 카드/SNS 캡처형 제목,"""헤어진 전 애인에게 복수하는 방법"" 인스타 카드 + 본인 얼굴",original,자체 제작,직접 촬영 상황극/콘텐츠,rss-pool(small),
177,https://www.youtube.com/shorts/5Qao5TZyACk,5Qao5TZyACk,어지러운 학교괴담 북미 더빙 ㅋㅋㅋㅋ,아기두지,UCJpTwqq95piG3uKy1xSiZ4g,55700,10k-100k,723101,2026-09-25,approx(검색 상대시간),37,horror,공포/미스터리,animation,애니메이션,W,흰 카드/SNS 캡처형 제목,"""어지러운 학교괴담 북미 더빙ㅋㅋㅋ"" 카드",reuse,타인 저작물 재사용,기존 애니 클립 재가공,search(ago),괴담
178,https://www.youtube.com/shorts/LPXBUdZk94c,LPXBUdZk94c,화장하면서 레전드 무례했던 팬 썰 풀기,진자림 Jinjalim,UCu38CqTttqEQFwVccmFPlyQ,866000,100k-1M,719042,2026-10-06,exact(RSS),95,story,썰/사연,talking_head,토킹헤드,S,제목 없이 하단 자막,"본인 메이크업 + ""오늘은""",original,자체 제작,본인 출연 썰/토크,search+rss,썰
179,https://www.youtube.com/shorts/LKoCKVZBkRc,LKoCKVZBkRc,금 구슬과 은 가루로 꽉 채운 힐링 스퀴시 DIY ✨ 보는 순간 쾌감 폭발 🤤,말랑연구소,UClnJK9v4FyR-ZY4qLph1wdg,2660,<10k,718767,2026-09-25,approx(검색 상대시간),14,asmr,만족감/ASMR,asmr,만족감/ASMR,T,"상단 검정 바 큰 제목(2줄, 강조색)","""금 구슬과 은 가루로 꽉 채운 힐링 스퀴시 DIY""",original,자체 제작,ASMR/만족감,search(ago),힐링
180,https://www.youtube.com/shorts/DoEq5lMPtuU,DoEq5lMPtuU,[괴담] 이해하면 무서운 초능력,디로록,UC2Gl0AFWxb97lON4fdd5t4g,131000,100k-1M,705759,2026-09-19,exact(RSS),24,horror,공포/미스터리,ai_generated,AI 생성 영상/이미지,T,"상단 검정 바 큰 제목(2줄, 강조색)","""초능력"" 빨간 대형 단어 + 3D 캐릭터",original,자체 제작,3D/AI 렌더 공포 캐릭터 + 한 단어 빨간 제목,search+rss,괴담
181,https://www.youtube.com/shorts/tuTZFAivzCU,tuTZFAivzCU,'저작권' 때문에 재판 중이라는 그 밈 ㄷㄷ,요즘밈,UCu123u-NA9v_vjwrIM8JhFg,63400,10k-100k,690403,2026-09-18,approx(검색 상대시간),29,humor_meme,유머/밈,meme_edit,밈 편집,T,"상단 검정 바 큰 제목(2줄, 강조색)","""저작권 때문에 재판 중이라는 그 밈""",reuse,타인 저작물 재사용,밈 원본/오디오 재가공,search(ago),밈
182,https://www.youtube.com/shorts/ZbTc91uAmZI,ZbTc91uAmZI,아빠가 아기앞에서  연기하면 생기는일 #힐링 #아기 #baby #cute #육아,힐링24시,UCBks-3eJp8Nds8Aoy8W1r0A,36900,10k-100k,685549,2026-09-18,approx(검색 상대시간),15,humor_meme,유머/밈,tv_clip,TV/예능/바이럴 클립(재업로드),T,"상단 검정 바 큰 제목(2줄, 강조색)","""아빠가 연기하면 생기는일"" 아기",reuse,타인 저작물 재사용,바이럴 영상 재업로드 + 자막,search(ago),힐링
183,https://www.youtube.com/shorts/NVAE75lfmWU,NVAE75lfmWU,말포이야 우유 마실래?,카루미,UCvbY--RnyoiyV1B6QI63WSw,76900,10k-100k,685026,2026-10-08,approx(검색 상대시간),10,humor_meme,유머/밈,meme_edit,밈 편집,S,제목 없이 하단 자막,"우주 배경 + ""축소 마법"" 텍스트 밈",reuse,타인 저작물 재사용,밈 원본/오디오 재가공,search(ago),짤
184,https://www.youtube.com/shorts/a94X4Bf9e4Q,a94X4Bf9e4Q,개그 무대에서 제대로 노는 개그맨 ㅋㅋㅋ | 개그콘서트 Gagconcert | KBS 방송,개그콘서트,UCzT7nHtzVqwiarTH8sqHaJA,1370000,1M+,678264,2026-10-02,approx(검색 상대시간),21,humor_meme,유머/밈,tv_clip,TV/예능/바이럴 클립(재업로드),T,"상단 검정 바 큰 제목(2줄, 강조색)","""개그 무대에서 제대로 노는 개그맨ㅋㅋㅋ""",official,원저작권자 공식,방송사 공식 채널,search(ago),개그
185,https://www.youtube.com/shorts/KtdWBLYzeAE,KtdWBLYzeAE,혼자 놀이공원 갈 때 서러운 이유,키키요,UCbG_dpkBaNB2i-2YOIgajCQ,5000,<10k,677426,2026-09-20,exact(RSS),,humor_meme,유머/밈,original_filming,직접 촬영,T,"상단 검정 바 큰 제목(2줄, 강조색)","""놀이공원 민폐 2대장을 만나다"" 본인 출연",original,자체 제작,직접 촬영 상황극/콘텐츠,rss-pool(small),
186,https://www.youtube.com/shorts/ivoBl_FhVyc,ivoBl_FhVyc,'나 혼자 산다' vs '나는 자연인이다' 그 사이 어딘가....낭만치사량 100% 진짜가 나타났다! #나혼자산다 #나혼산 #김민,미남 백과 사전,UCkOai6B8WBjOMSlH-HWGFqQ,2390,<10k,672016,2026-10-03,exact(RSS),,humor_meme,유머/밈,tv_clip,TV/예능/바이럴 클립(재업로드),T,"상단 검정 바 큰 제목(2줄, 강조색)","""나혼산과 자연인 그 중간 어딘가... 낭만치사량 100%""",reuse,타인 저작물 재사용,TV·예능·드라마·영화 클립 재가공,rss-pool(small),
187,https://www.youtube.com/shorts/X3ZyEtSj3vE,X3ZyEtSj3vE,스텔라 과거 영상 보고 놀리는 멤버들,하투하투,UChkoAAQkAg-asWAqX3eNfWQ,2760,<10k,665059,2026-09-30,exact(RSS),,idol_clip,아이돌/연예 짤,tv_clip,TV/예능/바이럴 클립(재업로드),T,"상단 검정 바 큰 제목(2줄, 강조색)","""스텔라 놀리는 멤버들 텔당이 과거 영상""",reuse,타인 저작물 재사용,TV·예능·드라마·영화 클립 재가공,rss-pool(small),
188,https://www.youtube.com/shorts/f4gnI1f3oM0,f4gnI1f3oM0,학교에 가져간 소름돋는 ‘그것’,민쩌미,UCCLD41Qs7YnqLsXhWjkX8qQ,741000,100k-1M,661625,2026-10-07,exact(RSS),18,school_work,학교/직장,talking_head,토킹헤드,T,"상단 검정 바 큰 제목(2줄, 강조색)","""동교할 때 꼭 확인해야 하는 것"" 본인 출연",original,자체 제작,본인 출연 썰/토크,search+rss,소름
189,https://www.youtube.com/shorts/4iTMNZJZoWw,4iTMNZJZoWw,그토록 거대한 멧돼지를 본다면 호랑이라도 겁을 먹을 것입니다! #동물 #animals,동물맛집왕(YTB),UCGvXmxNrjUoZkeyav75rAlg,2490,<10k,654846,2026-09-25,exact(RSS),,animals,동물/펫,tv_clip,TV/예능/바이럴 클립(재업로드),S,제목 없이 하단 자막,"""거대한 멧돼지"" 대형 자막",reuse,타인 저작물 재사용,바이럴 영상 재업로드 + 자막,rss-pool(small),
190,https://www.youtube.com/shorts/BBI2QQ8beOk,BBI2QQ8beOk,체육 선생 괴물의 충격 정체,2분컷,UCssQmO1AVWvl3i1EXPx89eg,133000,100k-1M,654156,2026-09-25,approx(검색 상대시간),49,horror,공포/미스터리,animation,애니메이션,S,제목 없이 하단 자막,"흰 바탕 ""얼굴은 안보이지만""",original,자체 제작,자체 애니메이션/웹툰형,search(ago),괴담
191,https://www.youtube.com/shorts/pJOcLINElM8,pJOcLINElM8,월급 300만원 직장인의 현실,너의생각은머니,UCzAMSvmpAVYfMfy9cOKTTPA,8300,<10k,648390,2026-09-30,exact(RSS),,school_work,학교/직장,ai_generated,AI 생성 영상/이미지,T,"상단 검정 바 큰 제목(2줄, 강조색)","""월급 300만원 직장인의 현실"" AI 이미지",original,자체 제작,AI 이미지/영상 + 내레이션,search+rss,직장인
192,https://www.youtube.com/shorts/a_59_RmuV-M,a_59_RmuV-M,노브랜드 괴담의 진실..ㄷㄷ,자취생 갱얼쥐,UCJ6Ris3CFoW2wPAFOQ-8x9Q,11900,10k-100k,648045,2026-09-21,exact(RSS),38,horror,공포/미스터리,talking_head,토킹헤드,S,제목 없이 하단 자막,"본인 얼굴 ""노브랜드 괴담...이거 어케 찾음ㄷㄷ""",original,자체 제작,본인 출연 썰/토크,search+rss,괴담
193,https://www.youtube.com/shorts/HH8qwwJQ6JM,HH8qwwJQ6JM,미녀 개그우먼에 데프콘이 왜 있어? | 개그콘서트 Gagconcert | KBS 방송,개그콘서트,UCzT7nHtzVqwiarTH8sqHaJA,1370000,1M+,646055,2026-10-01,approx(검색 상대시간),31,humor_meme,유머/밈,tv_clip,TV/예능/바이럴 클립(재업로드),T,"상단 검정 바 큰 제목(2줄, 강조색)","""미녀 개그우먼에 데프콘이 왜 있어?""",official,원저작권자 공식,방송사 공식 채널,search(ago),개그
194,https://www.youtube.com/shorts/lS0UWFayOak,lS0UWFayOak,괴담밖에 안 나오는 아고다,꺄오옷,UCPRGP_4UnNV0lfwJnK-l8pQ,20500,10k-100k,639206,2026-10-02,approx(검색 상대시간),41,horror,공포/미스터리,news_summary,뉴스/정보 요약,X,텍스트 전용 화면,"검정 화면 ""괴담 밖에 안 나오는 여행 어플""",mixed,혼합(인용+자체),정보/이슈 요약(이미지·클립+텍스트),search(ago),괴담
195,https://www.youtube.com/shorts/dShXkfOoBO4,dShXkfOoBO4,기적의논리 개그 1인자 박영진,케슛슛,UC2VBdyLJeio41pc89RHBUPQ,160000,100k-1M,627345,2026-10-05,exact(RSS),55,humor_meme,유머/밈,tv_clip,TV/예능/바이럴 클립(재업로드),T,"상단 검정 바 큰 제목(2줄, 강조색)","""틀린 말은 아닌데 뭐지 이건?""",reuse,타인 저작물 재사용,TV·예능·드라마·영화 클립 재가공,search+rss,개그
196,https://www.youtube.com/shorts/aIt7l5TS100,aIt7l5TS100,촬영장 썸 포착하는 지창욱,비하인드 아카이빙,UCY1gzh1-a0mVXQWei3icEXw,13899,10k-100k,604549,2026-09-25,approx(검색 상대시간),29,relationship,연애/관계,tv_clip,TV/예능/바이럴 클립(재업로드),T,"상단 검정 바 큰 제목(2줄, 강조색)","""촬영장 썸 직관러"" + 출처 Netflix",reuse,타인 저작물 재사용,TV·예능·드라마·영화 클립 재가공,search(ago),썸
197,https://www.youtube.com/shorts/rfTCbI6EadQ,rfTCbI6EadQ,13번째 계단 괴담 탈출하는 방법,2분컷,UCssQmO1AVWvl3i1EXPx89eg,133000,100k-1M,601339,2026-09-09,approx(검색 상대시간),54,horror,공포/미스터리,animation,애니메이션,N,텍스트 없음(장면으로 시작),"웹툰풍 그림 + 거대 글자 ""감이""(공포 웹툰 연출)",original,자체 제작,자체 애니메이션/웹툰형,search(ago),괴담
198,https://www.youtube.com/shorts/3MjcHNN2F0k,3MjcHNN2F0k,오정율 개그 웃겨서 자존심 상함(?) | 개그콘서트 Gagconcert | KBS 방송,개그콘서트,UCzT7nHtzVqwiarTH8sqHaJA,1370000,1M+,600204,2026-09-27,approx(검색 상대시간),32,humor_meme,유머/밈,tv_clip,TV/예능/바이럴 클립(재업로드),T,"상단 검정 바 큰 제목(2줄, 강조색)","""오정율 개그 웃겨서 자존심 상함(?)""",official,원저작권자 공식,방송사 공식 채널,search(ago),개그
199,https://www.youtube.com/shorts/PJtjCzQ2USY,PJtjCzQ2USY,오늘은 남편에게 되갚아 주겠어요! ㅋㅋㅋ,Today_유머 한스푼,UCPRXUSEdx6w5IXC2kGwdDmw,48000,10k-100k,585720,2026-09-25,exact(RSS),,relationship,연애/관계,original_filming,직접 촬영,T,"상단 검정 바 큰 제목(2줄, 강조색)","""오늘은 남편에게 되갚아 주겠어요!ㅋ"" + ※연출된 상황※",original,자체 제작,직접 촬영 상황극,search+rss,상황극
200,https://www.youtube.com/shorts/CbIKZhTGXtU,CbIKZhTGXtU,"택배 알바, 사람 잘못 봤습니다",거침없는 미스김,UCGBvpqXMlfaM2YubXym1PSg,2130,<10k,551467,2026-09-20,exact(RSS),,story,썰/사연,ai_generated,AI 생성 영상/이미지,N,텍스트 없음(장면으로 시작),"AI 이미지풍 택배창고 장면, 텍스트 없음",original,자체 제작,AI 이미지/영상 + 내레이션,rss-pool(small),
201,https://www.youtube.com/shorts/DdKr7PtwYnA,DdKr7PtwYnA,남자가 아는척하는 여자에게 당황한 이유 #직장인들3,빡빡이횽,UC3eeCard04MV4H-3m660Wqw,32900,10k-100k,545271,2026-10-03,exact(RSS),,school_work,학교/직장,tv_clip,TV/예능/바이럴 클립(재업로드),T,"상단 검정 바 큰 제목(2줄, 강조색)","""당사자 앞에서 대놓고 조리돌림하는 여직원""",reuse,타인 저작물 재사용,TV·예능·드라마·영화 클립 재가공,search+rss,직장인
202,https://www.youtube.com/shorts/pJIR8bmwYlY,pJIR8bmwYlY,곤경에 처한 고양이를 구해 주면 생기는 뜻밖의 일ㄷㄷ #shorts #상황극 #코미디,짤공감,UCjmkt3e6vVHygqBBh43eq0A,109000,100k-1M,544245,2026-10-08,exact(RSS),,animals,동물/펫,original_filming,직접 촬영,T,"상단 검정 바 큰 제목(2줄, 강조색)","""그 시절 고양이 보은"" 분장 상황극",original,자체 제작,직접 촬영 상황극/콘텐츠,search+rss,상황극
203,https://www.youtube.com/shorts/-0x_uGKHey0,-0x_uGKHey0,괴담이 실존하는 회사,김준표,UC_EngQdug6VcxZ3xcqgnWug,1500000,1M+,539460,2026-09-25,approx(검색 상대시간),106,horror,공포/미스터리,talking_head,토킹헤드,T,"상단 검정 바 큰 제목(2줄, 강조색)","""괴담이 실존하는 회사"" 글리치 + 게시글 캡처",original,자체 제작,본인 출연 썰/토크,search(ago),괴담
204,https://www.youtube.com/shorts/VFLDmCDDMHA,VFLDmCDDMHA,'속도를 집착하게 된' 윈터 식사법의 최후,패션뻐꾹이,UC_tUEs8BU5ucJlbQ6J0XBow,30,<10k,535140,2026-10-06,exact(RSS),,idol_clip,아이돌/연예 짤,tv_clip,TV/예능/바이럴 클립(재업로드),T,"상단 검정 바 큰 제목(2줄, 강조색)","""슬로우 식사법 윈터""",reuse,타인 저작물 재사용,TV·예능·드라마·영화 클립 재가공,rss-pool(small),
205,https://www.youtube.com/shorts/d4NTWh37ZmM,d4NTWh37ZmM,어질어질하다는 요즘 '칠레 밈' ㅋㅋㅋ,요즘밈,UCu123u-NA9v_vjwrIM8JhFg,63400,10k-100k,529288,2026-09-27,exact(RSS),7,humor_meme,유머/밈,meme_edit,밈 편집,T,"상단 검정 바 큰 제목(2줄, 강조색)","""어질어질하다는 요즘 칠레 밈"" + 칠레 국기",reuse,타인 저작물 재사용,밈 원본/오디오 재가공,search+rss,밈
206,https://www.youtube.com/shorts/lbAB87dKDvU,lbAB87dKDvU,남자가 이런 아재개그는 자기를 무시하는 거라는 이유,웃긴걔,UCex9sm3dyR-hWcMQlkMCa0A,235000,100k-1M,519596,2026-09-25,approx(검색 상대시간),71,humor_meme,유머/밈,tv_clip,TV/예능/바이럴 클립(재업로드),T,"상단 검정 바 큰 제목(2줄, 강조색)","""이런 아재개그는 자기를 무시하는 거라는 이유"" 출처-꼰대희",reuse,타인 저작물 재사용,TV·예능·드라마·영화 클립 재가공,search(ago),개그
207,https://www.youtube.com/shorts/lBMQHI-CTZQ,lBMQHI-CTZQ,근육을 알차게 활용하는 남자 ㅋㅋ #유병재,숏디렉터,UC7M5YUU2Uz478Fvr734SRFA,2200,<10k,517328,2026-09-27,exact(RSS),,humor_meme,유머/밈,tv_clip,TV/예능/바이럴 클립(재업로드),W,흰 카드/SNS 캡처형 제목,"""먹는 것마저 남들과 다른 남자ㅋㅋ"" + 댓글",reuse,타인 저작물 재사용,TV·예능·드라마·영화 클립 재가공,rss-pool(small),
208,https://www.youtube.com/shorts/XDXbAnQPvTc,XDXbAnQPvTc,이상준에게 딱 걸린 현실판 말죽거리 잔혹사? #이상준 #개그천재,튭쮸바,UCLlv6n0Ui3T7sc_NUo2kJMw,4480,<10k,508592,2026-10-06,exact(RSS),41,humor_meme,유머/밈,tv_clip,TV/예능/바이럴 클립(재업로드),W,흰 카드/SNS 캡처형 제목,"""이상준이 캐묻자 식당이 멜로됨"" + 댓글",reuse,타인 저작물 재사용,TV·예능·드라마·영화 클립 재가공,search+rss,개그
209,https://www.youtube.com/shorts/FTt_oLuBdXU,FTt_oLuBdXU,대놓고 꽁냥대는 송강&이준영 #송강 #이준영 #tvN #포핸즈 #FourHandsTwoSonatas #넷플릭스 #netflix,미남 백과 사전,UCkOai6B8WBjOMSlH-HWGFqQ,2390,<10k,491846,2026-09-21,exact(RSS),,animals,동물/펫,tv_clip,TV/예능/바이럴 클립(재업로드),T,"상단 검정 바 큰 제목(2줄, 강조색)","""카메라만 1m지면 둘만의 세상 꽁냥대는 송강x이준영""",reuse,타인 저작물 재사용,TV·예능·드라마·영화 클립 재가공,rss-pool(small),
210,https://www.youtube.com/shorts/S-tNAeCZx1Y,S-tNAeCZx1Y,최약체 화장실 괴담 도플갱어 괴물,2분컷,UCssQmO1AVWvl3i1EXPx89eg,133000,100k-1M,488273,2026-09-11,approx(검색 상대시간),53,horror,공포/미스터리,animation,애니메이션,S,제목 없이 하단 자막,"웹툰풍 그림 ""화장실 거울에 비친""",original,자체 제작,자체 애니메이션/웹툰형,search(ago),괴담
211,https://www.youtube.com/shorts/JWqhtoIs6jY,JWqhtoIs6jY,일본 회사 안에 자판기가 있는 이유,이거봤,UCmacK36cwm6NJVLCHBV7J0w,40700,10k-100k,485905,2026-10-07,exact(RSS),,school_work,학교/직장,news_summary,뉴스/정보 요약,T,"상단 검정 바 큰 제목(2줄, 강조색)","""일본 회사 안에 자판기가 있는 이유""",mixed,혼합(인용+자체),정보/이슈 요약(이미지·클립+텍스트),search+rss,회사
212,https://www.youtube.com/shorts/QX_4mTIl3t8,QX_4mTIl3t8,내가 천국에 있는 걸까? 😭💕 #짤,학생,UCx-Cmo_MXUx1D91s-cWANFQ,,,475209,2026-10-04,approx(검색 상대시간),6,humor_meme,유머/밈,meme_edit,밈 편집,S,제목 없이 하단 자막,"분홍 하트 배경 + ""밀어 넣는"" 텍스트 밈(크레딧 표기)",reuse,타인 저작물 재사용,밈 원본/오디오 재가공,search(ago),짤
213,https://www.youtube.com/shorts/WuGvBWxiko0,WuGvBWxiko0,내가 니 선배야!!! 오정율의 피해자들 모음집 | 개그콘서트 Gagconcert | KBS 방송,개그콘서트,UCzT7nHtzVqwiarTH8sqHaJA,1370000,1M+,469837,2026-10-02,approx(검색 상대시간),58,humor_meme,유머/밈,tv_clip,TV/예능/바이럴 클립(재업로드),T,"상단 검정 바 큰 제목(2줄, 강조색)","""내가 니 선배야!! 오정율의 피해자들 모음집""",official,원저작권자 공식,방송사 공식 채널,search(ago),개그
214,https://www.youtube.com/shorts/N_hj4di2aVU,N_hj4di2aVU,제이홉×정국 레전드 챌린지시작은 백스테이지였다고?,스타셔틀,UCQI7yr5qD4k4aOpoEYRwr1g,2880,<10k,452389,2026-10-05,exact(RSS),,challenge,챌린지,tv_clip,TV/예능/바이럴 클립(재업로드),T,"상단 검정 바 큰 제목(2줄, 강조색)","""제이홉x정국 레전드 챌린지 시작은 백스테이지였다고?""",reuse,타인 저작물 재사용,TV·예능·드라마·영화 클립 재가공,rss-pool(small),
215,https://www.youtube.com/shorts/P4ohNq3c2rk,P4ohNq3c2rk,민낯 절대 숨기던 썸녀의 결말,희로픽,UC7Qgp4zY75Uiudf7Q0HuiOA,794,<10k,437438,2026-09-18,approx(검색 상대시간),31,relationship,연애/관계,tv_clip,TV/예능/바이럴 클립(재업로드),W,흰 카드/SNS 캡처형 제목,"""민낯 절대 숨기던 썸녀의 결말ㅋㅋ""",reuse,타인 저작물 재사용,TV·예능·드라마·영화 클립 재가공,search(ago),썸
216,https://www.youtube.com/shorts/9Rdw4yJFAWQ,9Rdw4yJFAWQ,요즘 남녀들이 결혼하지 못하는 이유,씬글벙글,UCT0OrbX8Zculj4sczxE_L1A,4300,<10k,432932,2026-09-18,exact(RSS),,relationship,연애/관계,tv_clip,TV/예능/바이럴 클립(재업로드),W,흰 카드/SNS 캡처형 제목,"""절대 양보 못하는 조건"" + 댓글",reuse,타인 저작물 재사용,TV·예능·드라마·영화 클립 재가공,rss-pool(small),
217,https://www.youtube.com/shorts/5BgnPXU6vkc,5BgnPXU6vkc,직장인들에서 보는 박명수 호통개그!  #김원훈 #신동엽 #카더가든 #이수지 #직장인들 #쿠팡플레이 #지예은 #cupang #직장인들3 #강지영 #박명수 #정준하,60펀앤펀,UCNYDV4k-m_d2SwtP_fHC5eA,7410,<10k,428638,2026-09-25,exact(RSS),,school_work,학교/직장,tv_clip,TV/예능/바이럴 클립(재업로드),T,"상단 검정 바 큰 제목(2줄, 강조색)","""직장인들에서 보는 박명수 호통개그""",reuse,타인 저작물 재사용,TV·예능·드라마·영화 클립 재가공,rss-pool(small),
218,https://www.youtube.com/shorts/atVXGufrix4,atVXGufrix4,김지유 셀프 프로필 등록 #개그우먼김지유 #라디오스타 #김지유 #김구라 #shorts,신나고,UCVAMjqMST_t7Zyujl0CKPoA,,,427172,2026-10-06,exact(RSS),46,humor_meme,유머/밈,tv_clip,TV/예능/바이럴 클립(재업로드),T,"상단 검정 바 큰 제목(2줄, 강조색)","""악플에 상처받아 결국 셀프 등록 한 김지유""",reuse,타인 저작물 재사용,TV·예능·드라마·영화 클립 재가공,search+rss,개그
219,https://www.youtube.com/shorts/tPskzoazLYA,tPskzoazLYA,일나간 엄마가 그리웠던 강아지가 한일,꿀잼곳간,UCs0WLo97inL2t42QYmWYGYA,6340,<10k,426861,2026-10-08,exact(RSS),,animals,동물/펫,tv_clip,TV/예능/바이럴 클립(재업로드),T,"상단 검정 바 큰 제목(2줄, 강조색)","""일나간 엄마가 그리웠던 강아지가 한 일"" CCTV풍",reuse,타인 저작물 재사용,바이럴 영상 재업로드 + 자막,search+rss,강아지
220,https://www.youtube.com/shorts/WXeVdibaqMA,WXeVdibaqMA,유명 여배우 사석 술자리 썰 -1-,김인호TV,UCJg9L0svbnuPcjOcqLbi_3g,719000,100k-1M,423309,2026-09-09,approx(검색 상대시간),60,story,썰/사연,talking_head,토킹헤드,X,텍스트 전용 화면,"검정 화면 ""유명 여배우 사석 술자리 썰 -1-""",original,자체 제작,본인 출연 썰/토크,search(ago),썰
221,https://www.youtube.com/shorts/QiRNNrZNG8M,QiRNNrZNG8M,너 나 좋아하잖아 맞잖아 맞다고 해 #애니메이션 #영상툰 #웹툰,브로콜리,UCy_h_JyEtMKUy2Umcl6Lhpw,57300,10k-100k,406592,2026-09-15,exact(RSS),31,humor_meme,유머/밈,animation,애니메이션,N,텍스트 없음(장면으로 시작),영상툰(애니) 텍스트 없음,original,자체 제작,자체 애니메이션/웹툰형,search+rss,썸
222,https://www.youtube.com/shorts/034VhaCrRIo,034VhaCrRIo,리허설인줄 알았는데 생방중이었음 ㅋㅋㅋ,하투하투,UChkoAAQkAg-asWAqX3eNfWQ,2760,<10k,403798,2026-10-08,exact(RSS),,idol_clip,아이돌/연예 짤,tv_clip,TV/예능/바이럴 클립(재업로드),T,"상단 검정 바 큰 제목(2줄, 강조색)","""리허설인줄 알았는데? 생방송 중이었던 시상식""",reuse,타인 저작물 재사용,TV·예능·드라마·영화 클립 재가공,rss-pool(small),
223,https://www.youtube.com/shorts/rvRclWGJftI,rvRclWGJftI,요즘 우리나라 중산층 특징,너의생각은머니,UCzAMSvmpAVYfMfy9cOKTTPA,8300,<10k,403082,2026-09-26,exact(RSS),,school_work,학교/직장,ai_generated,AI 생성 영상/이미지,T,"상단 검정 바 큰 제목(2줄, 강조색)","""요즘 우리나라 중산층 특징"" + AI 이미지 고지",original,자체 제작,AI 이미지/영상 + 내레이션,rss-pool(small),
224,https://www.youtube.com/shorts/jUVGCh61fYI,jUVGCh61fYI,지우와 유하가 친해진 이유,하투하투,UChkoAAQkAg-asWAqX3eNfWQ,2760,<10k,382006,2026-10-03,exact(RSS),,idol_clip,아이돌/연예 짤,tv_clip,TV/예능/바이럴 클립(재업로드),T,"상단 검정 바 큰 제목(2줄, 강조색)","""유하 지우 친해진 썰 노브랜드가 이어준 인연""",reuse,타인 저작물 재사용,TV·예능·드라마·영화 클립 재가공,rss-pool(small),
225,https://www.youtube.com/shorts/Rlysxll1ITs,Rlysxll1ITs,대본을 무대에서 5초 만에 짜는 개그맨?! | 개그콘서트 Gagconcert | KBS 260920 방송,개그콘서트,UCzT7nHtzVqwiarTH8sqHaJA,1370000,1M+,379632,2026-09-25,approx(검색 상대시간),32,humor_meme,유머/밈,tv_clip,TV/예능/바이럴 클립(재업로드),T,"상단 검정 바 큰 제목(2줄, 강조색)","""대본을 무대에서 5초 만에 짜는 개그맨?!""",official,원저작권자 공식,방송사 공식 채널,search(ago),개그
226,https://www.youtube.com/shorts/cQMstBLU-YA,cQMstBLU-YA,범죄자가 경찰 자녀 교육하는 방법 | 개그콘서트 Gagconcert | KBS 261004 방송,개그콘서트,UCzT7nHtzVqwiarTH8sqHaJA,1370000,1M+,377010,2026-10-06,approx(검색 상대시간),50,humor_meme,유머/밈,tv_clip,TV/예능/바이럴 클립(재업로드),T,"상단 검정 바 큰 제목(2줄, 강조색)","""범죄자가 경찰 자녀 교육하는 방법""",official,원저작권자 공식,방송사 공식 채널,search(ago),개그
227,https://www.youtube.com/shorts/z-ayAdelJK8,z-ayAdelJK8,김영철 영어 개그에 빵 터진 이수근ㅋㅋㅋ #shorts #아는형님,예능내컷,UCfn4ZZuQHGkNg8PZtNNRIIg,350000,100k-1M,374958,2026-10-08,exact(RSS),24,humor_meme,유머/밈,tv_clip,TV/예능/바이럴 클립(재업로드),T,"상단 검정 바 큰 제목(2줄, 강조색)","""김영철 영어 개그에 빵 터진 이수근ㅋㅋㅋ""",reuse,타인 저작물 재사용,TV·예능·드라마·영화 클립 재가공,search+rss,개그
228,https://www.youtube.com/shorts/gBavnZ04V4g,gBavnZ04V4g,모두의 첫사랑이었다는 지우의 첫사랑,하투하투,UChkoAAQkAg-asWAqX3eNfWQ,2760,<10k,366887,2026-10-01,exact(RSS),,relationship,연애/관계,tv_clip,TV/예능/바이럴 클립(재업로드),T,"상단 검정 바 큰 제목(2줄, 강조색)","""모두의 첫사랑이었던 남자 지우의 첫사랑""",reuse,타인 저작물 재사용,TV·예능·드라마·영화 클립 재가공,rss-pool(small),
229,https://www.youtube.com/shorts/6Ns_dunBczY,6Ns_dunBczY,말포이의 개인교습,카루미,UCvbY--RnyoiyV1B6QI63WSw,76900,10k-100k,356335,2026-10-04,approx(검색 상대시간),8,humor_meme,유머/밈,meme_edit,밈 편집,S,제목 없이 하단 자막,"우주 배경 + ""여학생 말포이"" 텍스트 밈",reuse,타인 저작물 재사용,밈 원본/오디오 재가공,search(ago),짤
230,https://www.youtube.com/shorts/NbSU_K_0sFI,NbSU_K_0sFI,끝말잇기의 결과가 왜 이렇게 되는 건데? | 개그콘서트 Gagconcert | KBS 260920 방송,개그콘서트,UCzT7nHtzVqwiarTH8sqHaJA,1370000,1M+,355341,2026-09-26,approx(검색 상대시간),48,humor_meme,유머/밈,tv_clip,TV/예능/바이럴 클립(재업로드),T,"상단 검정 바 큰 제목(2줄, 강조색)","""끝말잇기의 결과가 왜 이렇게 되는 건데?""",official,원저작권자 공식,방송사 공식 채널,search(ago),개그
231,https://www.youtube.com/shorts/wcE668ly73M,wcE668ly73M,역대급 웃긴 가족들 #웃긴 #웃긴영상,대놓고카메라,UCdydKHhlO3FeWdLM3RY6BdQ,4160,<10k,353340,2026-10-05,exact(RSS),,humor_meme,유머/밈,list_ranking,리스트/랭킹,R,랭킹 TOP N 제목+번호 리스트,"""역대급 웃긴 가족들 장난 TOP5""",reuse,타인 저작물 재사용,타 영상 클립 모음 랭킹,search+rss,웃긴 영상
232,https://www.youtube.com/shorts/-dFMu_7bvUE,-dFMu_7bvUE,전설의 디오니소스 밈 원본 영상 ㅋㅋㅋ,만화잼잼,UCFND0UfrkC8BcLvQWpIhzVA,20600,10k-100k,351071,2026-09-09,approx(검색 상대시간),14,humor_meme,유머/밈,animation,애니메이션,W,흰 카드/SNS 캡처형 제목,"""이게 진짜 원본이 맞았네"" 만화 원본 캡처",reuse,타인 저작물 재사용,기존 애니 클립 재가공,search(ago),밈
233,https://www.youtube.com/shorts/KVdedfz76hY,KVdedfz76hY,“이혼할 거면 빈손으로 나가. 우리 아들한테 한 푼도 기대지 마.”,사연있는 인생 📖,UCs1odMyYqxiC_12eEAOzQ0g,8490,<10k,347706,2026-09-26,exact(RSS),,story,썰/사연,ai_generated,AI 생성 영상/이미지,S,제목 없이 하단 자막,"AI 이미지 드라마 ""이혼할 거면""",original,자체 제작,AI 이미지/영상 + 내레이션,rss-pool(small),
234,https://www.youtube.com/shorts/GfIyUZyxI-0,GfIyUZyxI-0,레전드 우키다챌린지,츠키야제발,UCVwa04XAbc0LfKBgdwQ7KzQ,2610,<10k,347199,2026-10-03,exact(RSS),,challenge,챌린지,tv_clip,TV/예능/바이럴 클립(재업로드),T,"상단 검정 바 큰 제목(2줄, 강조색)","""레전드 4명 우치다 챌린지"" 국기+얼굴 4분할",reuse,타인 저작물 재사용,SNS 바이럴 클립 재가공,rss-pool(small),
235,https://www.youtube.com/shorts/5TSgPlQNi2E,5TSgPlQNi2E,아빠 따라 등산 왔다가 결국 이렇게 됨ㅋㅋ #웃기는강아지 #애견영상 #강아지 #웃긴동물영상 #댕댕이 #강아지동영상 #강아지쇼츠 #강아지일상 #웃긴영상 #반려견,바우테일,UCioOHb6lN89rgVK4ONI-2dA,6650,<10k,347102,2026-09-03,exact(RSS),,animals,동물/펫,original_filming,직접 촬영,T,"상단 검정 바 큰 제목(2줄, 강조색)","""아빠 따라 등산 왔다가 결국 이렇게 됨ㅋㅋ""",original,자체 제작,직접 촬영 반려동물,rss-pool(small),
236,https://www.youtube.com/shorts/EZMu5EAacqI,EZMu5EAacqI,처음엔 무조건 당하는 방송 괴담 괴물,2분컷,UCssQmO1AVWvl3i1EXPx89eg,133000,100k-1M,346704,2026-09-25,approx(검색 상대시간),45,horror,공포/미스터리,animation,애니메이션,N,텍스트 없음(장면으로 시작),"웹툰풍 공포 + 거대 빨간 글자 ""이이이""",original,자체 제작,자체 애니메이션/웹툰형,search(ago),괴담
237,https://www.youtube.com/shorts/W1h5Y7WzYCQ,W1h5Y7WzYCQ,레전드 공포썰 [엄마 아빠 친구],센지한밤,UCqjQak6UClAbOXSPssDZXBQ,86600,10k-100k,342752,2026-09-19,exact(RSS),,horror,공포/미스터리,text_only,텍스트 화면,X,텍스트 전용 화면,"검정 ""레전드 공포썰 엄빠 친구"" + 메시지 카드",original,자체 제작,텍스트 화면 중심,search+rss,공포 썰
238,https://www.youtube.com/shorts/SzSvX9Rf_7k,SzSvX9Rf_7k,성수와 질투 😭 #짤,학생,UCx-Cmo_MXUx1D91s-cWANFQ,,,342707,2026-10-04,approx(검색 상대시간),6,humor_meme,유머/밈,meme_edit,밈 편집,S,제목 없이 하단 자막,"분홍 하트 배경 + ""성수"" 텍스트 밈",reuse,타인 저작물 재사용,밈 원본/오디오 재가공,search(ago),짤
239,https://www.youtube.com/shorts/-MD605sSHrY,-MD605sSHrY,대리운전 썰,썰구리,UCVoUZdTTtBCBgdGdiz0K75w,38900,10k-100k,335931,2026-09-27,approx(검색 상대시간),56,story,썰/사연,tts_story,TTS/내레이션 썰,W,흰 카드/SNS 캡처형 제목,"썰 앱 화면 캡처 ""썰구리 금요일의 취객"" + 일러스트",mixed,혼합(인용+자체),커뮤니티 글 템플릿 + 일러스트/이미지 + 내레이션,search(ago),썰
240,https://www.youtube.com/shorts/dZtuQig03IY,dZtuQig03IY,은진 앞에서는 애교 폭발. 겉차속따 이주안의 반전 매력 #이주안 #안은진 #너말고다른연애,미남 백과 사전,UCkOai6B8WBjOMSlH-HWGFqQ,2390,<10k,335265,2026-09-22,exact(RSS),,relationship,연애/관계,tv_clip,TV/예능/바이럴 클립(재업로드),T,"상단 검정 바 큰 제목(2줄, 강조색)","""세상 냉미남 같이 생겨서 은진한테 꼼짝 못하는 이주안""",reuse,타인 저작물 재사용,TV·예능·드라마·영화 클립 재가공,rss-pool(small),
241,https://www.youtube.com/shorts/Qlyd42eZx5E,Qlyd42eZx5E,여보 오늘은 개콘 보지 마! 빠져드는 권은비의 연기 챌린지 | 개그콘서트 Gagconcert | KBS 260906 방송,개그콘서트,UCzT7nHtzVqwiarTH8sqHaJA,1370000,1M+,333400,2026-09-11,approx(검색 상대시간),59,challenge,챌린지,tv_clip,TV/예능/바이럴 클립(재업로드),T,"상단 검정 바 큰 제목(2줄, 강조색)","""여보 오늘은 개콘 보지마! 빠져드는 권은비의 연기챌린지""",official,원저작권자 공식,방송사 공식 채널,search(ago),개그
242,https://www.youtube.com/shorts/veM5hThO-VM,veM5hThO-VM,송필근 씨 아닌 척하더니 유행어 즐기고 계시네 | 개그콘서트 Gagconcert | KBS 260920 방송,개그콘서트,UCzT7nHtzVqwiarTH8sqHaJA,1370000,1M+,329896,2026-09-25,approx(검색 상대시간),60,humor_meme,유머/밈,tv_clip,TV/예능/바이럴 클립(재업로드),T,"상단 검정 바 큰 제목(2줄, 강조색)","""송필근 씨 아닌 척하더니 유행어 즐기고 계시네""",official,원저작권자 공식,방송사 공식 채널,search(ago),개그
243,https://www.youtube.com/shorts/0lcPTsoKmfg,0lcPTsoKmfg,편의점 알바가 개꿀인 이유 (헬창 ver.),아토맥스,UCOTvDWcQ-8Y7EIOlOzq9-tA,17700,10k-100k,325350,2026-10-05,exact(RSS),,school_work,학교/직장,original_filming,직접 촬영,T,"상단 검정 바 큰 제목(2줄, 강조색)","""POV: 편의점 야간 뛰는 헬창""",original,자체 제작,직접 촬영 상황극,search+rss,알바
244,https://www.youtube.com/shorts/6q2kwvzxlv8,6q2kwvzxlv8,학교의 전설을 실현해버린 여학생 ㄷㄷ #shorts,학교종,UCDlh3gx5SCjEE2e_wOGtAfQ,47400,10k-100k,324779,2026-10-07,exact(RSS),,school_work,학교/직장,tv_clip,TV/예능/바이럴 클립(재업로드),T,"상단 검정 바 큰 제목(2줄, 강조색)","""학교의 전설을 실현해버린 여학생"" 빨간 화살표",reuse,타인 저작물 재사용,SNS 바이럴 클립 재가공,search+rss,학교
245,https://www.youtube.com/shorts/g0_I0SE-fy0,g0_I0SE-fy0,여자가 진짜 마음에 드는 남자에게 보내는 신호 #썸 #노블리 #결혼 #결혼정보회사,연읽여 TV | 연애 읽어주는 여자 [노블리],UCVDfYakVccFizDA2qNlWt6Q,34100,10k-100k,324598,2026-09-09,approx(검색 상대시간),55,relationship,연애/관계,talking_head,토킹헤드,T,"상단 검정 바 큰 제목(2줄, 강조색)","""여자가 보내는 본능적 호감 신호"" 본인 출연",original,자체 제작,본인 출연 썰/토크,search(ago),썸
246,https://www.youtube.com/shorts/ZMWx1G7o-m0,ZMWx1G7o-m0,난이도 최상 장서희 앞에서 아재개그하기 #장서희 #꼰대희 #밥묵자 #배우 #예능짤,유머수달,UCRfiyicYHuDWe3s-6Rs9b2g,2120,<10k,322599,2026-09-27,exact(RSS),,humor_meme,유머/밈,tv_clip,TV/예능/바이럴 클립(재업로드),T,"상단 검정 바 큰 제목(2줄, 강조색)","""아재 개그 학살자 장서희""",reuse,타인 저작물 재사용,TV·예능·드라마·영화 클립 재가공,rss-pool(small),
247,https://www.youtube.com/shorts/3DW2pivWS6Y,3DW2pivWS6Y,귀여운 이안이와 통역사분,하투하투,UChkoAAQkAg-asWAqX3eNfWQ,2760,<10k,320611,2026-10-08,exact(RSS),,idol_clip,아이돌/연예 짤,tv_clip,TV/예능/바이럴 클립(재업로드),T,"상단 검정 바 큰 제목(2줄, 강조색)","""통역하다가 당황스러울 때""",reuse,타인 저작물 재사용,TV·예능·드라마·영화 클립 재가공,rss-pool(small),
248,https://www.youtube.com/shorts/eujNDuHkgBw,eujNDuHkgBw,여사친과 썸타면 자주 보는 장면,신비한미인사전,UCedCgtjK4hJv5uIjkTuMhsw,,,317485,2026-09-25,approx(검색 상대시간),10,relationship,연애/관계,tv_clip,TV/예능/바이럴 클립(재업로드),T,"상단 검정 바 큰 제목(2줄, 강조색)","""여사친과 썸타면 자주 볼 수 있는 모습""",reuse,타인 저작물 재사용,TV·예능·드라마·영화 클립 재가공,search(ago),썸
249,https://www.youtube.com/shorts/7SbsiDRCWQs,7SbsiDRCWQs,박지원 없는 틈에 이나경과 썸타는 송하영 삼각관계,하냥,UC48CkjltIEpJ_Ky1JoHWwTw,80600,10k-100k,294654,2026-10-04,approx(검색 상대시간),16,relationship,연애/관계,tv_clip,TV/예능/바이럴 클립(재업로드),S,제목 없이 하단 자막,직캠 + 자막,reuse,타인 저작물 재사용,TV·예능·드라마·영화 클립 재가공,search(ago),썸
250,https://www.youtube.com/shorts/OD2jbCaZRVk,OD2jbCaZRVk,썸사친과 데이트 하려고 영화 두번씩 보는 남자,씬글벙글,UCT0OrbX8Zculj4sczxE_L1A,4300,<10k,290879,2026-09-18,approx(검색 상대시간),65,relationship,연애/관계,tv_clip,TV/예능/바이럴 클립(재업로드),W,흰 카드/SNS 캡처형 제목,"""썸사친과 오딘세이"" + 댓글",reuse,타인 저작물 재사용,TV·예능·드라마·영화 클립 재가공,search(ago),썸
251,https://www.youtube.com/shorts/Wm09vh8gUyU,Wm09vh8gUyU,"주말마다 부하직원을 기사처럼 부리던 부장, 결국 회사 조사를 받게 된 이유",썬작가의 불타는 사연,UCqkCB-HY9APx2EqXzVQwTNw,53800,10k-100k,288939,2026-10-03,exact(RSS),,story,썰/사연,ai_generated,AI 생성 영상/이미지,S,제목 없이 하단 자막,"AI 이미지 드라마 ""내 차 집까지 가져다 놓고""",original,자체 제작,AI 이미지/영상 + 내레이션,search+rss,사연
252,https://www.youtube.com/shorts/wEQDVzLzSnk,wEQDVzLzSnk,어머니 유전이라는 초원이의 몸매 #초원 #CHOWON #라잇썸 #LIGHTSUM,DaftTaengk,UCrTCkJ8377E7JhsMeyLXtKA,1540000,1M+,287857,2026-09-25,approx(검색 상대시간),8,relationship,연애/관계,tv_clip,TV/예능/바이럴 클립(재업로드),N,텍스트 없음(장면으로 시작),직캠,reuse,타인 저작물 재사용,TV·예능·드라마·영화 클립 재가공,search(ago),썸
253,https://www.youtube.com/shorts/1LRKvcoED2g,1LRKvcoED2g,갈수록 뇌절한다는 '골키퍼' 밈 ㅋㅋㅋ,요즘밈,UCu123u-NA9v_vjwrIM8JhFg,63400,10k-100k,282366,2026-10-06,exact(RSS),15,humor_meme,유머/밈,meme_edit,밈 편집,T,"상단 검정 바 큰 제목(2줄, 강조색)","""갈수록 뇌절한다는 골키퍼 밈""",reuse,타인 저작물 재사용,밈 원본/오디오 재가공,search+rss,밈
254,https://www.youtube.com/shorts/N4PX2fxArv4,N4PX2fxArv4,"""썸이 아냐! 식탐일뿐이야!"" 명확하게 고경표를 대변해주는 이민호 ㅋㅋㅋㅋㅋ",위트픽,UC-AzplYfGNCctj3b64DhTlw,438,<10k,276675,2026-09-24,exact(RSS),26,relationship,연애/관계,tv_clip,TV/예능/바이럴 클립(재업로드),W,흰 카드/SNS 캡처형 제목,"""경표는 식탐이 많다고 명확하게 말해주는 이민호"" 출처 짠한형",reuse,타인 저작물 재사용,TV·예능·드라마·영화 클립 재가공,search+rss,썸
255,https://www.youtube.com/shorts/guGlbRyB96k,guGlbRyB96k,군대 보직 하나로 웃겨버리는 이상준,튭쮸바,UCLlv6n0Ui3T7sc_NUo2kJMw,4480,<10k,276221,2026-10-03,exact(RSS),,humor_meme,유머/밈,tv_clip,TV/예능/바이럴 클립(재업로드),W,흰 카드/SNS 캡처형 제목,"""이상준 한마디에 고장 나버린 관객""",reuse,타인 저작물 재사용,TV·예능·드라마·영화 클립 재가공,rss-pool(small),
256,https://www.youtube.com/shorts/NkCjtiNhdew,NkCjtiNhdew,일반인 소름돋는 현장 라이브 레전드 3단계 ㄷㄷ,오감만족,UC5RB7awL-_RIOvtrdeE7ouA,13600,10k-100k,272987,2026-10-04,exact(RSS),55,humor_meme,유머/밈,tv_clip,TV/예능/바이럴 클립(재업로드),T,"상단 검정 바 큰 제목(2줄, 강조색)","""마이크 건넸더니 본업 위협한 관객ㅋㅋㅋ""",reuse,타인 저작물 재사용,TV·예능·드라마·영화 클립 재가공,search+rss,소름
257,https://www.youtube.com/shorts/Y-oI5Qxnczo,Y-oI5Qxnczo,개웃기는 갤럭시 브레인 밈 랭킹 TOP5 #랭킹#유머#웃긴영상,레스기,UCBshbdmgy8yNmvduSqfsTtw,77000,10k-100k,267620,2026-09-18,approx(검색 상대시간),39,humor_meme,유머/밈,list_ranking,리스트/랭킹,R,랭킹 TOP N 제목+번호 리스트,"""개웃기는 갤럭시 브레인 밈 랭킹 TOP5""",reuse,타인 저작물 재사용,타 영상 클립 모음 랭킹,search(ago),밈
258,https://www.youtube.com/shorts/yv11jrCrAdk,yv11jrCrAdk,[1192회 선공개] EBS에서 KBS 잡아 먹으러 온 펭수 | 개그콘서트 Gagconcert | KBS 261004 방송,개그콘서트,UCzT7nHtzVqwiarTH8sqHaJA,1370000,1M+,266576,2026-10-04,approx(검색 상대시간),26,humor_meme,유머/밈,tv_clip,TV/예능/바이럴 클립(재업로드),T,"상단 검정 바 큰 제목(2줄, 강조색)","""[선공개] EBS에서 KBS 잡아먹으러 온 펭수""",official,원저작권자 공식,방송사 공식 채널,search(ago),개그
259,https://www.youtube.com/shorts/7sScRDc60Bo,7sScRDc60Bo,실수로 라이브 실력 인증한 하투하 유하 #shorts,케이중독자,UCYqHluFVbHM6VS4X5BIVPdg,6040,<10k,264941,2026-09-23,exact(RSS),,idol_clip,아이돌/연예 짤,tv_clip,TV/예능/바이럴 클립(재업로드),T,"상단 검정 바 큰 제목(2줄, 강조색)","""가사 실수로 증명한 유하 라이브 실력ㄷㄷ""",reuse,타인 저작물 재사용,TV·예능·드라마·영화 클립 재가공,rss-pool(small),
260,https://www.youtube.com/shorts/fRlYoIrxlGA,fRlYoIrxlGA,무서운 사냥개라구요? 세상 순둥이 2살 공이의 반전 매력 🐶 #강아지 #반려견 #shorts,시고르 우체부,UC4dfNihjro03g59K0TDUyxg,400000,100k-1M,264735,2026-10-07,exact(RSS),,horror,공포/미스터리,original_filming,직접 촬영,T,"상단 검정 바 큰 제목(2줄, 강조색)","""오소리 잡는 사냥개 특별한 시골강아지 공이""",original,자체 제작,직접 촬영 반려동물,search+rss,강아지
261,https://www.youtube.com/shorts/gN9rD5w7oRQ,gN9rD5w7oRQ,[1192회 선공개] 이번주도 예사롭지 않은 방청객 | 개그콘서트 Gagconcert | KBS 261004 방송,개그콘서트,UCzT7nHtzVqwiarTH8sqHaJA,1370000,1M+,263598,2026-10-04,approx(검색 상대시간),33,humor_meme,유머/밈,tv_clip,TV/예능/바이럴 클립(재업로드),T,"상단 검정 바 큰 제목(2줄, 강조색)","""이번 주도 예사롭지 않은 방청객""",official,원저작권자 공식,방송사 공식 채널,search(ago),개그
262,https://www.youtube.com/shorts/upk_4YL8ZCk,upk_4YL8ZCk,화장 금지 학교에 빨간 립스틱을 바르고 온 소녀 #shorts,영화해부실,UCthWO8bNFwq1sf7hAqsSsTw,6140,<10k,261164,2026-10-08,exact(RSS),,school_work,학교/직장,ai_generated,AI 생성 영상/이미지,T,"상단 검정 바 큰 제목(2줄, 강조색)","""화장 금지 학교에 립스틱 바른 소녀"" AI 이미지",original,자체 제작,AI 이미지/영상 + 내레이션,search+rss,학교
263,https://www.youtube.com/shorts/encvxaqaXfA,encvxaqaXfA,"#미스김&박서진&홍지윤 #썸은 미스김,홍지윤?",쏭따라,UCb1kef3XLbcUkM_HyXXVc4w,41500,10k-100k,258533,2026-09-09,approx(검색 상대시간),60,relationship,연애/관계,tv_clip,TV/예능/바이럴 클립(재업로드),T,"상단 검정 바 큰 제목(2줄, 강조색)","""사랑 썸을 탔잖아요?""",reuse,타인 저작물 재사용,TV·예능·드라마·영화 클립 재가공,search(ago),썸
264,https://www.youtube.com/shorts/YeJWvPgLIvI,YeJWvPgLIvI,박충권의 개그 소설에 빵 터진 국감장 #정청래 #박충권 #정동영 #국정감사,정치이슈다,UCNXkzs4faT9g5qxQJlrATgg,127000,100k-1M,256991,2026-10-08,exact(RSS),126,humor_meme,유머/밈,tv_clip,TV/예능/바이럴 클립(재업로드),T,"상단 검정 바 큰 제목(2줄, 강조색)","""상임위 위원장을 국힘에게 맡기면 생기는 일""",reuse,타인 저작물 재사용,TV·예능·드라마·영화 클립 재가공,search+rss,개그
265,https://www.youtube.com/shorts/x9yjvVeGI24,x9yjvVeGI24,윈터 지우 나 이 셋의 만남 너무 기쁘다 ♡,하투하투,UChkoAAQkAg-asWAqX3eNfWQ,2760,<10k,250990,2026-10-04,exact(RSS),,idol_clip,아이돌/연예 짤,tv_clip,TV/예능/바이럴 클립(재업로드),T,"상단 검정 바 큰 제목(2줄, 강조색)","""챌린지 찍은 윈터와 지우 연습생 막내 출신 지우""",reuse,타인 저작물 재사용,TV·예능·드라마·영화 클립 재가공,rss-pool(small),
266,https://www.youtube.com/shorts/pr_MImFerZo,pr_MImFerZo,뱃속에 있던 시절을 전부 기억하고 있는 짤,밈튜브,UCsYawrVV5k_AbW3o0GXbHGg,,,250473,2026-09-09,approx(검색 상대시간),22,humor_meme,유머/밈,meme_edit,밈 편집,T,"상단 검정 바 큰 제목(2줄, 강조색)","""뱃속에 있던 시절을 전부 기억하고 있는 짤""",reuse,타인 저작물 재사용,밈 원본/오디오 재가공,search(ago),짤
267,https://www.youtube.com/shorts/A3w4evunVoM,A3w4evunVoM,혼자 있을때 누가 노려봐도 기죽지 않기,키키요,UCbG_dpkBaNB2i-2YOIgajCQ,5000,<10k,248331,2026-09-21,exact(RSS),,humor_meme,유머/밈,original_filming,직접 촬영,X,텍스트 전용 화면,"""줄 기다리다가 생긴 일 -1초 기선제압-"" 본인 출연",original,자체 제작,직접 촬영 상황극/콘텐츠,rss-pool(small),
268,https://www.youtube.com/shorts/6xQQmjiqhGk,6xQQmjiqhGk,"누리호, 또 해냈다👏 소름 돋는 발사 순간 #누리호 #5차발사 #우주 #발사체",KTV 정책 K,UCn8WFi6pE4cJZP8MiUNGFxg,195000,100k-1M,246400,2026-10-07,approx(검색 상대시간),22,humor_meme,유머/밈,tv_clip,TV/예능/바이럴 클립(재업로드),S,제목 없이 하단 자막,"""'누리호' 힘찬 비상 소름 돋는 발사 순간""",official,원저작권자 공식,방송사 공식 채널,search(ago),소름
269,https://www.youtube.com/shorts/8MpW2s3v2vQ,8MpW2s3v2vQ,유행어 하기 싫은 박준형 절대 밀리지 않는 서성경 | 개그콘서트 Gagconcert | KBS 261004 방송,개그콘서트,UCzT7nHtzVqwiarTH8sqHaJA,1370000,1M+,239914,2026-10-05,approx(검색 상대시간),63,humor_meme,유머/밈,tv_clip,TV/예능/바이럴 클립(재업로드),T,"상단 검정 바 큰 제목(2줄, 강조색)","""유행어 하기 싫은 박준형 절대 밀리지 않는 서성경""",official,원저작권자 공식,방송사 공식 채널,search(ago),개그
270,https://www.youtube.com/shorts/lhCfIkRU2ps,lhCfIkRU2ps,훈육하던 아빠가 빵터진 이유 #아기 #육아 #훈육 #귀여운아기,행복한마카,UCDwtYWqUDyLjnhxkSIPzpxQ,8990,<10k,239347,2026-09-04,exact(RSS),,humor_meme,유머/밈,tv_clip,TV/예능/바이럴 클립(재업로드),T,"상단 검정 바 큰 제목(2줄, 강조색)","""혼나는 이유가 너무 귀여운데??""",reuse,타인 저작물 재사용,바이럴 영상 재업로드 + 자막,rss-pool(small),
271,https://www.youtube.com/shorts/FCRo6z9rcHc,FCRo6z9rcHc,사실대로 말해봐 너 새 아니지?,꿀잼곳간,UCs0WLo97inL2t42QYmWYGYA,6340,<10k,230550,2026-09-22,exact(RSS),,animals,동물/펫,tv_clip,TV/예능/바이럴 클립(재업로드),T,"상단 검정 바 큰 제목(2줄, 강조색)","""사실대로 말해봐 너... 새 아니지?"" 앵무새",reuse,타인 저작물 재사용,바이럴 영상 재업로드 + 자막,rss-pool(small),
272,https://www.youtube.com/shorts/fDsoocoJ_7w,fDsoocoJ_7w,반항기,카루미,UCvbY--RnyoiyV1B6QI63WSw,76900,10k-100k,228461,2026-09-18,approx(검색 상대시간),8,humor_meme,유머/밈,meme_edit,밈 편집,S,제목 없이 하단 자막,"우주 배경 + ""반항기 딸과 아버지"" 텍스트 밈",reuse,타인 저작물 재사용,밈 원본/오디오 재가공,search(ago),짤
273,https://www.youtube.com/shorts/eyecagKpmYY,eyecagKpmYY,20살 썸까지 책임져주는 낭만 그 자체 기안장 #기안84,야! 너두심심,UCmos3B4shIPDY9u1TmsPbpw,,,226276,2026-09-26,approx(검색 상대시간),59,relationship,연애/관계,tv_clip,TV/예능/바이럴 클립(재업로드),T,"상단 검정 바 큰 제목(2줄, 강조색)","""20살 썸까지 책임져주는 낭만 그 자체 기안장""",reuse,타인 저작물 재사용,TV·예능·드라마·영화 클립 재가공,search(ago),썸
274,https://www.youtube.com/shorts/7uInwv3vSu8,7uInwv3vSu8,판다를 놀리면? | 개그콘서트 Gagconcert | KBS 261004 방송,개그콘서트,UCzT7nHtzVqwiarTH8sqHaJA,1370000,1M+,226273,2026-10-05,approx(검색 상대시간),22,animals,동물/펫,tv_clip,TV/예능/바이럴 클립(재업로드),T,"상단 검정 바 큰 제목(2줄, 강조색)","""판다를 놀리면?""",official,원저작권자 공식,방송사 공식 채널,search(ago),개그
275,https://www.youtube.com/shorts/u3sxPFlcpNM,u3sxPFlcpNM,[1192회 선공개] 은근슬쩍 회장님한테 반말하기 | 개그콘서트 Gagconcert | KBS 261004 방송,개그콘서트,UCzT7nHtzVqwiarTH8sqHaJA,1370000,1M+,223986,2026-10-04,approx(검색 상대시간),23,humor_meme,유머/밈,tv_clip,TV/예능/바이럴 클립(재업로드),T,"상단 검정 바 큰 제목(2줄, 강조색)","""[선공개] 은근슬쩍 회장님한테 반말하기""",official,원저작권자 공식,방송사 공식 채널,search(ago),개그
276,https://www.youtube.com/shorts/wxsO9Wxf4Y0,wxsO9Wxf4Y0,교도관의 행동 처벌 받아야 할까요? #emotional #반전#family,반전숏,UCfMkDQSVKQG-cJ5z0UC_gDA,1890,<10k,221997,2026-10-08,exact(RSS),,story,썰/사연,ai_generated,AI 생성 영상/이미지,T,"상단 검정 바 큰 제목(2줄, 강조색)","""교도관의 행동 처벌받아야 할까요?"" AI 이미지",original,자체 제작,AI 이미지/영상 + 내레이션,search+rss,반전
277,https://www.youtube.com/shorts/1dzu6qRr3CE,1dzu6qRr3CE,직장인들 편집 된 장면 | 직장인들 시즌3,옥상평상,UCnlWtK0c3y99KhhKavcAwjA,58099,10k-100k,221835,2026-10-08,exact(RSS),,school_work,학교/직장,tv_clip,TV/예능/바이럴 클립(재업로드),C,댓글 캡처 오버레이,"""직장인들 편집된 장면"" + 댓글",reuse,타인 저작물 재사용,TV·예능·드라마·영화 클립 재가공,search+rss,직장인
278,https://www.youtube.com/shorts/4aElaJxKVnY,4aElaJxKVnY,[1192회 선공개] 면접 갔는데 회장님 낙하산이 있다 | 개그콘서트 Gagconcert | KBS 261004 방송,개그콘서트,UCzT7nHtzVqwiarTH8sqHaJA,1370000,1M+,218809,2026-10-04,approx(검색 상대시간),50,school_work,학교/직장,tv_clip,TV/예능/바이럴 클립(재업로드),T,"상단 검정 바 큰 제목(2줄, 강조색)","""[선공개] 면접 갔는데 회장님 낙하산이 있다""",official,원저작권자 공식,방송사 공식 채널,search(ago),개그
279,https://www.youtube.com/shorts/OdCuCz-fRUU,OdCuCz-fRUU,같은 챌린지 다른 느낌 #엔믹스 #NMIXX #해원 #설윤 #kpop,재미숏컷,UCGppycA9MgrlVkB3kNYk9VQ,2410,<10k,213948,2026-09-03,exact(RSS),,challenge,챌린지,tv_clip,TV/예능/바이럴 클립(재업로드),T,"상단 검정 바 큰 제목(2줄, 강조색)","""챌린지도 캐릭터 그대로 설윤x해원""",reuse,타인 저작물 재사용,바이럴 영상 재업로드 + 자막,rss-pool(small),
280,https://www.youtube.com/shorts/35D0PDX9vJU,35D0PDX9vJU,개그콘서트에 제가 나왔다구요...??,밍모,UCgjaQlejpAnIu0q-xtVfTEw,1080000,1M+,211758,2026-10-06,exact(RSS),32,humor_meme,유머/밈,tv_clip,TV/예능/바이럴 클립(재업로드),S,제목 없이 하단 자막,"본인 출연 ""여러분 제가""",reuse,타인 저작물 재사용,TV·예능·드라마·영화 클립 재가공,search+rss,개그
281,https://www.youtube.com/shorts/hz7hS7UabKQ,hz7hS7UabKQ,비주얼 미쳤다.. 쮸아즈 조합 #NMIXX #지우 #설윤 #엔믹스,재미숏컷,UCGppycA9MgrlVkB3kNYk9VQ,2410,<10k,211142,2026-09-06,exact(RSS),,idol_clip,아이돌/연예 짤,tv_clip,TV/예능/바이럴 클립(재업로드),W,흰 카드/SNS 캡처형 제목,"""예쁜애 옆에 또 예쁜애ㄷㄷ""",reuse,타인 저작물 재사용,바이럴 영상 재업로드 + 자막,rss-pool(small),
282,https://www.youtube.com/shorts/uJhXgUQhtT8,uJhXgUQhtT8,어장관리 특,자체공감,UCvgDqf0HGK58p3pRmCGOWRg,316000,100k-1M,210541,2026-09-18,approx(검색 상대시간),37,relationship,연애/관계,animation,애니메이션,T,"상단 검정 바 큰 제목(2줄, 강조색)","""어장관리 특"" 플랫 일러스트 애니(이모지·말풍선)",original,자체 제작,자체 애니메이션/웹툰형,search(ago),썸
283,https://www.youtube.com/shorts/11IVrf67864,11IVrf67864,'원희는 0살 돼버릴' 외국인이 보는 한국인,패션뻐꾹이,UC_tUEs8BU5ucJlbQ6J0XBow,30,<10k,210174,2026-10-08,exact(RSS),,idol_clip,아이돌/연예 짤,tv_clip,TV/예능/바이럴 클립(재업로드),T,"상단 검정 바 큰 제목(2줄, 강조색)","""해외 가면 미성년자 됨""",reuse,타인 저작물 재사용,TV·예능·드라마·영화 클립 재가공,rss-pool(small),
284,https://www.youtube.com/shorts/h-J7je5HGj8,h-J7je5HGj8,귀찮은데 협조는 잘해주는 강아지,사랑빛,UCrnqwzGc3rPPobaLLbO-3Kg,18200,10k-100k,208306,2026-10-08,exact(RSS),,animals,동물/펫,original_filming,직접 촬영,W,흰 카드/SNS 캡처형 제목,"""물티슈를 가져가자 자동으로 열리는 뒷다리...""",original,자체 제작,직접 촬영 반려동물,search+rss,반려견
285,https://www.youtube.com/shorts/llFO4id4YTM,llFO4id4YTM,그동안 버블 안하고 어떻게 살았나 의문인 이광수 #이광수 #버블 #버블중독,미남 백과 사전,UCkOai6B8WBjOMSlH-HWGFqQ,2390,<10k,207704,2026-10-03,exact(RSS),,humor_meme,유머/밈,tv_clip,TV/예능/바이럴 클립(재업로드),T,"상단 검정 바 큰 제목(2줄, 강조색)","""자나깨나 버블 밖에 모르는 버블 중독 이광수""",reuse,타인 저작물 재사용,TV·예능·드라마·영화 클립 재가공,rss-pool(small),
286,https://www.youtube.com/shorts/P5RfpiVY4hI,P5RfpiVY4hI,트리플 악셀하는 강아지,강형욱의 보듬TV,UCee1MvXr6E8qC_d2WEYTU5g,2260000,1M+,207016,2026-10-08,exact(RSS),,animals,동물/펫,original_filming,직접 촬영,T,"상단 검정 바 큰 제목(2줄, 강조색)","""자랑하러 와서 시트콤 찍는 애니(2)"" 강아지",original,자체 제작,직접 촬영 반려동물,search+rss,강아지
287,https://www.youtube.com/shorts/n74R76uKVTE,n74R76uKVTE,“결혼식 비용은 너희 집에서 하는 거지?”,사연있는 인생 📖,UCs1odMyYqxiC_12eEAOzQ0g,8490,<10k,201838,2026-09-13,exact(RSS),,story,썰/사연,ai_generated,AI 생성 영상/이미지,S,제목 없이 하단 자막,"AI 이미지 드라마 ""결혼식 비용은 너희""",original,자체 제작,AI 이미지/영상 + 내레이션,rss-pool(small),
288,https://www.youtube.com/shorts/0PUpA6m46UY,0PUpA6m46UY,뭔가 소름 돋는 피아노 소리... 3번 들으면 죽는 노래 ㄷㄷ (아님),긱블 Geekble,UCp94pzrtA5wPyZazbDq0CXA,1190000,1M+,201486,2026-10-08,exact(RSS),33,humor_meme,유머/밈,original_filming,직접 촬영,T,"상단 검정 바 큰 제목(2줄, 강조색)","빨간 ""언어가 들리는 이상한 피아노"" 검정 배경",original,자체 제작,직접 촬영 상황극/콘텐츠,search+rss,소름
289,https://www.youtube.com/shorts/GcRaO4ErmOw,GcRaO4ErmOw,[1192회 선공개] 거울 남녀 시청자 민원?! | 개그콘서트 Gagconcert | KBS 261004 방송,개그콘서트,UCzT7nHtzVqwiarTH8sqHaJA,1370000,1M+,201139,2026-10-04,approx(검색 상대시간),30,humor_meme,유머/밈,tv_clip,TV/예능/바이럴 클립(재업로드),T,"상단 검정 바 큰 제목(2줄, 강조색)","""[선공개] 거울 남녀 시청자 민원?!""",official,원저작권자 공식,방송사 공식 채널,search(ago),개그
290,https://www.youtube.com/shorts/iqA7ye40qss,iqA7ye40qss,남친과 동거하면서 남자 두 명과 썸 탄 아내 #shorts #이혼숙려캠프,1분예능모음zip,UC8pqfCpRwtOeVG3lfvlkb9w,733000,100k-1M,199677,2026-10-02,approx(검색 상대시간),54,relationship,연애/관계,tv_clip,TV/예능/바이럴 클립(재업로드),T,"상단 검정 바 큰 제목(2줄, 강조색)","""남친과 동거하면서 남자 두 명과 썸 탄 아내""",reuse,타인 저작물 재사용,TV·예능·드라마·영화 클립 재가공,search(ago),썸
291,https://www.youtube.com/shorts/XPaJWpOz-bg,XPaJWpOz-bg,내분 벌어진 뉴것들 상황 소름돋는 내분 이유,이야기창,UCIz3v90gtyLeDjIKvricbrw,50199,10k-100k,199162,2026-10-07,approx(검색 상대시간),57,humor_meme,유머/밈,talking_head,토킹헤드,T,"상단 검정 바 큰 제목(2줄, 강조색)","""내분 벌어진 뉴것들 상황 소름돋는 내분 이유"" 본인 출연",original,자체 제작,본인 출연 썰/토크,search(ago),소름
292,https://www.youtube.com/shorts/5bbWc4N9Rew,5bbWc4N9Rew,남동생과 오빠의 극단적인 온도차ㅋㅋㅋ,망상붕어,UCydJxaonyD_so8kZvwCIA8Q,5240,<10k,197986,2026-09-26,exact(RSS),,humor_meme,유머/밈,tv_clip,TV/예능/바이럴 클립(재업로드),T,"상단 검정 바 큰 제목(2줄, 강조색)","""남동생과 오빠의 극단적인 온도차""",reuse,타인 저작물 재사용,SNS 바이럴 클립 재가공,rss-pool(small),
293,https://www.youtube.com/shorts/G4LYZYuME0A,G4LYZYuME0A,[하츠투하츠] 때와 장소를 가리지 않는 꺼드럭 #Hearts2Hearts,하츠숭,UC82slQqvskgEELPUNMuGksA,7720,<10k,197092,2026-10-07,exact(RSS),,idol_clip,아이돌/연예 짤,tv_clip,TV/예능/바이럴 클립(재업로드),T,"상단 검정 바 큰 제목(2줄, 강조색)","""꺼드럭 빼면 시체 제스처까지 똑같은 하투하""",reuse,타인 저작물 재사용,TV·예능·드라마·영화 클립 재가공,rss-pool(small),
294,https://www.youtube.com/shorts/SA7EISc2538,SA7EISc2538,1990년대에 돈벌기 쉬웠던 이유,너의생각은머니,UCzAMSvmpAVYfMfy9cOKTTPA,8300,<10k,195888,2026-10-08,exact(RSS),,school_work,학교/직장,ai_generated,AI 생성 영상/이미지,T,"상단 검정 바 큰 제목(2줄, 강조색)","""1990년대에 돈벌기 쉬웠던 이유"" + AI 이미지 고지",original,자체 제작,AI 이미지/영상 + 내레이션,rss-pool(small),
295,https://www.youtube.com/shorts/sJloqO8fDzA,sJloqO8fDzA,치이카와 세상에 기근이 온다면?_ #치이카와 #하치와레 #우사기 #먼작귀 #기근,파란고양이,UCtnkybjsxMDgcb4ZV9Kg7EQ,1540,<10k,191167,2026-10-03,exact(RSS),,humor_meme,유머/밈,animation,애니메이션,W,흰 카드/SNS 캡처형 제목,"""치이카와 세상에 기근이 온다면?"" 만화 컷",reuse,타인 저작물 재사용,기존 애니 클립 재가공,rss-pool(small),
296,https://www.youtube.com/shorts/eiC1q2t3Nrg,eiC1q2t3Nrg,자세히 들으면 이안이 뽀뽀 소리 들림 ♡,하투하투,UChkoAAQkAg-asWAqX3eNfWQ,2760,<10k,190297,2026-10-07,exact(RSS),,idol_clip,아이돌/연예 짤,tv_clip,TV/예능/바이럴 클립(재업로드),T,"상단 검정 바 큰 제목(2줄, 강조색)","""하지 말라고 언니가 경고했는데 영원히 뽀뽀하는 이안""",reuse,타인 저작물 재사용,TV·예능·드라마·영화 클립 재가공,rss-pool(small),
297,https://www.youtube.com/shorts/HHXlQi83nbM,HHXlQi83nbM,[하츠투하츠] 주사위 걍 찢음 #Hearts2Hearts,하츠숭,UC82slQqvskgEELPUNMuGksA,7720,<10k,189529,2026-10-03,exact(RSS),,idol_clip,아이돌/연예 짤,tv_clip,TV/예능/바이럴 클립(재업로드),T,"상단 검정 바 큰 제목(2줄, 강조색)","""올백 주은 주사위 연속 666""",reuse,타인 저작물 재사용,TV·예능·드라마·영화 클립 재가공,rss-pool(small),
298,https://www.youtube.com/shorts/zdkxqXbhiFs,zdkxqXbhiFs,집회 안나온 toRl #이선민 #곽범 #웃긴영상 #웃긴짤 #밈,퍼펭모음,UCd8-1GNnnGQRyybntOOGRew,2780,<10k,188710,2026-09-15,exact(RSS),,humor_meme,유머/밈,tv_clip,TV/예능/바이럴 클립(재업로드),C,댓글 캡처 오버레이,"""지난주 집회 안나온 toRl"" + 댓글",reuse,타인 저작물 재사용,TV·예능·드라마·영화 클립 재가공,rss-pool(small),
299,https://www.youtube.com/shorts/DIT4a4VwIIQ,DIT4a4VwIIQ,이래서 연하랑 연애하는구나..연하 댕댕미 치사량 100% 이주안 #이주안 #안은진 #너말고다른연애 #한태승 #태승 #태승미도,미남 백과 사전,UCkOai6B8WBjOMSlH-HWGFqQ,2390,<10k,186699,2026-10-05,exact(RSS),,animals,동물/펫,tv_clip,TV/예능/바이럴 클립(재업로드),T,"상단 검정 바 큰 제목(2줄, 강조색)","""차도남 한태승? No! 댕댕이 이주안 Yes!""",reuse,타인 저작물 재사용,TV·예능·드라마·영화 클립 재가공,rss-pool(small),
300,https://www.youtube.com/shorts/GEs-JHH8LKw,GEs-JHH8LKw,기안장에 나타난 한 마리의 야생늑대 덱스 #덱스 #대환장기안장 #솔로지옥 #udt #강철부대,미남 백과 사전,UCkOai6B8WBjOMSlH-HWGFqQ,2390,<10k,186194,2026-10-07,exact(RSS),,humor_meme,유머/밈,tv_clip,TV/예능/바이럴 클립(재업로드),T,"상단 검정 바 큰 제목(2줄, 강조색)","""5M 문도 한 번에 열어 버리는 한마리 야생늑대 덱스""",reuse,타인 저작물 재사용,TV·예능·드라마·영화 클립 재가공,rss-pool(small),
301,https://www.youtube.com/shorts/ktaMUaPzmo8,ktaMUaPzmo8,"지효 이마 때린 광수, 반격은 바로 돌아옵니다ㅋㅋ",비됴관,UCLtoiqy6ePP4BqYNP4fgTIQ,7590,<10k,185013,2026-10-09,exact(RSS),,humor_meme,유머/밈,tv_clip,TV/예능/바이럴 클립(재업로드),W,흰 카드/SNS 캡처형 제목,"""광수가 지효 이마 때리자 바로 반격 들어옴ㅋㅋ"" 출처 런닝맨",reuse,타인 저작물 재사용,TV·예능·드라마·영화 클립 재가공,rss-pool(small),
302,https://www.youtube.com/shorts/zTgEsuGvh3M,zTgEsuGvh3M,김원훈이 부른 이름에 발끈한 현봉식 #직장인들시즌3,예짜르트,UCmL0fP4Nr2b0q55huPu9BbA,3240,<10k,184954,2026-10-02,exact(RSS),,school_work,학교/직장,tv_clip,TV/예능/바이럴 클립(재업로드),T,"상단 검정 바 큰 제목(2줄, 강조색)","""현봉식 이름으로 장난치다 제대로 혼나는 김원훈""",reuse,타인 저작물 재사용,TV·예능·드라마·영화 클립 재가공,search+rss,직장인
303,https://www.youtube.com/shorts/sxyLnr-JjcA,sxyLnr-JjcA,썸사친에게 드디어 용기내어 물어본 말,씬글벙글,UCT0OrbX8Zculj4sczxE_L1A,4300,<10k,184459,2026-09-13,exact(RSS),78,relationship,연애/관계,tv_clip,TV/예능/바이럴 클립(재업로드),W,흰 카드/SNS 캡처형 제목,"""썸 끝, 연애 시작?"" + 댓글",reuse,타인 저작물 재사용,TV·예능·드라마·영화 클립 재가공,search+rss,썸
304,https://www.youtube.com/shorts/2af9GR8SQsc,2af9GR8SQsc,종을 뛰어넘는 모성애,꿀잼곳간,UCs0WLo97inL2t42QYmWYGYA,6340,<10k,183322,2026-09-16,exact(RSS),,animals,동물/펫,tv_clip,TV/예능/바이럴 클립(재업로드),T,"상단 검정 바 큰 제목(2줄, 강조색)","""버려진 아기사슴을 본 냥이 가족의 놀라운 반응""",reuse,타인 저작물 재사용,바이럴 영상 재업로드 + 자막,rss-pool(small),
305,https://www.youtube.com/shorts/OZEqHUCXlCI,OZEqHUCXlCI,알바나 하고 있지라며 갑질하던 손님,거침없는 미스김,UCGBvpqXMlfaM2YubXym1PSg,2130,<10k,179955,2026-10-07,exact(RSS),,story,썰/사연,ai_generated,AI 생성 영상/이미지,N,텍스트 없음(장면으로 시작),AI 영상풍 회식 장면,original,자체 제작,AI 이미지/영상 + 내레이션,search+rss,알바
306,https://www.youtube.com/shorts/B_eHBAetAkw,B_eHBAetAkw,내가... 너를 모를 것 같아? | 개그콘서트 Gagconcert | KBS 방송,개그콘서트,UCzT7nHtzVqwiarTH8sqHaJA,1370000,1M+,179834,2026-10-03,approx(검색 상대시간),29,humor_meme,유머/밈,tv_clip,TV/예능/바이럴 클립(재업로드),T,"상단 검정 바 큰 제목(2줄, 강조색)","""내가... 너를 모를 것 같아?""",official,원저작권자 공식,방송사 공식 채널,search(ago),개그
307,https://www.youtube.com/shorts/iCz_LZwh478,iCz_LZwh478,이것이 국대 스케일이다! 2002년생 203cm 국가대표 자이언트 베이비(?)  #여준석 #농구 #농구선수 #나고야아시안게임,미남 백과 사전,UCkOai6B8WBjOMSlH-HWGFqQ,2390,<10k,177371,2026-09-21,exact(RSS),,humor_meme,유머/밈,tv_clip,TV/예능/바이럴 클립(재업로드),T,"상단 검정 바 큰 제목(2줄, 강조색)","""본업도 잘 하는데 얼굴도 잘생긴 월드컵 베이비 여준석""",reuse,타인 저작물 재사용,TV·예능·드라마·영화 클립 재가공,rss-pool(small),
308,https://www.youtube.com/shorts/IJ_WefSTRSg,IJ_WefSTRSg,썸 사랑 그리고 플러팅 #shorts,싱글벙글 SGBG,UC7_CFRfhIj-fSk3patOQOaw,1480000,1M+,175783,2026-09-26,exact(RSS),32,relationship,연애/관계,original_filming,직접 촬영,S,제목 없이 하단 자막,본인 출연 상황극 자막,original,자체 제작,직접 촬영 상황극,search+rss,썸
309,https://www.youtube.com/shorts/exMOF4uEajA,exMOF4uEajA,밈 끊기,효상상상,UCJBR7wMtCSCftCOC095UiSg,66700,10k-100k,174664,2026-10-04,exact(RSS),43,humor_meme,유머/밈,original_filming,직접 촬영,T,"상단 검정 바 큰 제목(2줄, 강조색)","""밈 끊기"" 대형 텍스트 + 얼굴 클로즈업",original,자체 제작,직접 촬영 상황극/콘텐츠,search+rss,밈
310,https://www.youtube.com/shorts/SAVp2gP7RXA,SAVp2gP7RXA,연봉별 실제 월급 얼마? 실수령액 비교표,황금수첩,UCfuX7zYPF2wq3mZ3A5vlgSA,9850,<10k,172102,2026-09-27,exact(RSS),,school_work,학교/직장,text_only,텍스트 화면,T,"상단 검정 바 큰 제목(2줄, 강조색)","""연봉별 실수령액 비교표"" 표 이미지 한 장",original,자체 제작,텍스트 화면 중심,rss-pool(small),
311,https://www.youtube.com/shorts/449fJylFhaI,449fJylFhaI,상남자식 참교육 하는 방법,Z존무비,UCV6lZM0h98Zfr8_who1I4QQ,14900,10k-100k,171748,2026-10-07,exact(RSS),,humor_meme,유머/밈,tv_clip,TV/예능/바이럴 클립(재업로드),T,"상단 검정 바 큰 제목(2줄, 강조색)","""전투력 만렙 남자의 참교육 하는 방법"" 영화 장면",reuse,타인 저작물 재사용,TV·예능·드라마·영화 클립 재가공,search+rss,참교육
312,https://www.youtube.com/shorts/KBt_DNK_Hwo,KBt_DNK_Hwo,호구 연하남을 바라는 40대 강남 미혼녀,씬글벙글,UCT0OrbX8Zculj4sczxE_L1A,4300,<10k,171514,2026-09-23,exact(RSS),,relationship,연애/관계,tv_clip,TV/예능/바이럴 클립(재업로드),W,흰 카드/SNS 캡처형 제목,"""호구 연하만 찾는 40대 강남녀의 등급""",reuse,타인 저작물 재사용,TV·예능·드라마·영화 클립 재가공,rss-pool(small),
313,https://www.youtube.com/shorts/ku0Nyy5hHAY,ku0Nyy5hHAY,친구 몰래 썸 타는 마리네뜨,닌드라,UCUKcP16HO4yi0cK-lcOa6fA,10900,10k-100k,170296,2026-09-18,approx(검색 상대시간),31,relationship,연애/관계,animation,애니메이션,T,"상단 검정 바 큰 제목(2줄, 강조색)","""친구 몰래 썸 타는 마리네뜨""",reuse,타인 저작물 재사용,기존 애니 클립 재가공,search(ago),썸
314,https://www.youtube.com/shorts/wcAi5aqLl9Y,wcAi5aqLl9Y,효연에게 너무했던 '소녀시대 스커트의 비밀',패션뻐꾹이,UC_tUEs8BU5ucJlbQ6J0XBow,30,<10k,169850,2026-10-05,exact(RSS),,idol_clip,아이돌/연예 짤,tv_clip,TV/예능/바이럴 클립(재업로드),T,"상단 검정 바 큰 제목(2줄, 강조색)","""데뷔하고 콤플렉스 시작""",reuse,타인 저작물 재사용,TV·예능·드라마·영화 클립 재가공,rss-pool(small),
315,https://www.youtube.com/shorts/ILcISvJcM9g,ILcISvJcM9g,오랜만 정총무가 쏜다! 결과는 누가 승리?  #김원훈 #신동엽 #카더가든 #이수지 #직장인들 #쿠팡플레이 #지예은 #cupang #직장인들3 #강지영#박명수 #정준하,60펀앤펀,UCNYDV4k-m_d2SwtP_fHC5eA,7410,<10k,169243,2026-09-25,exact(RSS),,school_work,학교/직장,tv_clip,TV/예능/바이럴 클립(재업로드),T,"상단 검정 바 큰 제목(2줄, 강조색)","""오랜만 정총무가 쏜다! 결과는 누가 승리?""",reuse,타인 저작물 재사용,TV·예능·드라마·영화 클립 재가공,rss-pool(small),
316,https://www.youtube.com/shorts/LK-pVW4sqQ8,LK-pVW4sqQ8,아빠가 너무 똑똑해서 울었던 썰,썰왕,UC7WISDbcQ0mLkmekVRSVvWQ,3270,<10k,167910,2026-10-08,exact(RSS),138,story,썰/사연,tts_story,TTS/내레이션 썰,W,흰 카드/SNS 캡처형 제목,"썰 앱 화면 ""아빠가 너무 똑똑해서 울었던 썰"" + AI 일러스트",mixed,혼합(인용+자체),커뮤니티 글 템플릿 + 일러스트/이미지 + 내레이션,search+rss,썰
317,https://www.youtube.com/shorts/xxnk68r5TSA,xxnk68r5TSA,20-21시절 페이커 물로켓밈 대놓고 비꼬는 라이엇 ㄷㄷ,티~원,UCORzxHO2quCHbE2fTo_snEg,21600,10k-100k,167426,2026-10-09,exact(RSS),14,humor_meme,유머/밈,tv_clip,TV/예능/바이럴 클립(재업로드),T,"상단 검정 바 큰 제목(2줄, 강조색)","""20-21시절 페이커 물로켓밈 대놓고 비꼬는 라이엇ㄷㄷ""",reuse,타인 저작물 재사용,TV·예능·드라마·영화 클립 재가공,search+rss,밈
318,https://www.youtube.com/shorts/g4EH2i99E8w,g4EH2i99E8w,의젓한 예온이에게 눈을 뗄 수 없는 언니들,하투하투,UChkoAAQkAg-asWAqX3eNfWQ,2760,<10k,167326,2026-10-06,exact(RSS),,idol_clip,아이돌/연예 짤,tv_clip,TV/예능/바이럴 클립(재업로드),T,"상단 검정 바 큰 제목(2줄, 강조색)","""의젓한 예온이한테 시선 집중 막냉이 사랑은 언니들""",reuse,타인 저작물 재사용,TV·예능·드라마·영화 클립 재가공,rss-pool(small),
319,https://www.youtube.com/shorts/RU8MzS-ywd4,RU8MzS-ywd4,남자가 오랜만에 나온 동창회가 불편한 이유,숏라마,UC8JgsopXE9NdHnjvE4C6Y_w,89700,10k-100k,166675,2026-10-07,exact(RSS),88,school_work,학교/직장,tv_clip,TV/예능/바이럴 클립(재업로드),T,"상단 검정 바 큰 제목(2줄, 강조색)","""15년 만의 동창회가 영업장이 된 이유"" 배우 클로즈업",reuse,타인 저작물 재사용,TV·예능·드라마·영화 클립 재가공,search+rss,개그
320,https://www.youtube.com/shorts/eIufNlXsbMM,eIufNlXsbMM,팝스타들까지 자리에서 일어난 방탄의 그래미 레전드 무대,스타셔틀,UCQI7yr5qD4k4aOpoEYRwr1g,2880,<10k,165902,2026-09-30,exact(RSS),,idol_clip,아이돌/연예 짤,tv_clip,TV/예능/바이럴 클립(재업로드),T,"상단 검정 바 큰 제목(2줄, 강조색)","""팝스타들까지 자리에서 일어난 방탄의 그래미 레전드 무대""",reuse,타인 저작물 재사용,TV·예능·드라마·영화 클립 재가공,rss-pool(small),
321,https://www.youtube.com/shorts/oQg7aSg_KV8,oQg7aSg_KV8,이경규·주병진 가면 개그 가면 썼을 땐 멀쩡 벗으니까 비명ㅋㅋ,+82정,UCAiAj8fSbRqAbjTf-57nPgg,11600,10k-100k,163814,2026-10-04,exact(RSS),45,humor_meme,유머/밈,tv_clip,TV/예능/바이럴 클립(재업로드),T,"상단 검정 바 큰 제목(2줄, 강조색)","""가면 썼을 땐 멀쩡 벗으니까 비명ㅋㅋ""",reuse,타인 저작물 재사용,TV·예능·드라마·영화 클립 재가공,search+rss,개그
322,https://www.youtube.com/shorts/U9SovdJigsU,U9SovdJigsU,말과 어린 소녀 사이의 유대감! #동물 #animals,동물맛집왕(YTB),UCGvXmxNrjUoZkeyav75rAlg,2490,<10k,162660,2026-09-24,exact(RSS),,animals,동물/펫,tv_clip,TV/예능/바이럴 클립(재업로드),S,제목 없이 하단 자막,"""소녀와 말"" 대형 자막",reuse,타인 저작물 재사용,바이럴 영상 재업로드 + 자막,search+rss,동물
323,https://www.youtube.com/shorts/qHxsGsI4x6M,qHxsGsI4x6M,범죄자 탈출을 막는 가장 쉬운 방법 ㅋㅋㅋ | 개그콘서트 Gagconcert | KBS 방송,개그콘서트,UCzT7nHtzVqwiarTH8sqHaJA,1370000,1M+,162232,2026-10-07,approx(검색 상대시간),40,humor_meme,유머/밈,tv_clip,TV/예능/바이럴 클립(재업로드),T,"상단 검정 바 큰 제목(2줄, 강조색)","""범죄자 탈출을 막는 가장 쉬운 방법ㅋㅋㅋ""",official,원저작권자 공식,방송사 공식 채널,search(ago),개그
324,https://www.youtube.com/shorts/WFzz_HYNpPM,WFzz_HYNpPM,국제결혼 일본까는 글이 많아지는 이유,튜브스마일,UCAWJeADYU7lo20tFO38X8bQ,8580,<10k,162216,2026-10-05,exact(RSS),,relationship,연애/관계,news_summary,뉴스/정보 요약,T,"상단 검정 바 큰 제목(2줄, 강조색)","""국제결혼 일본까는 글이 많아지는 이유""",mixed,혼합(인용+자체),정보/이슈 요약(이미지·클립+텍스트),rss-pool(small),
325,https://www.youtube.com/shorts/GXQMX-QGb6k,GXQMX-QGb6k,#한고은 시댁에 아들이 셋인 이유,튭쮸바,UCLlv6n0Ui3T7sc_NUo2kJMw,4480,<10k,160977,2026-10-04,exact(RSS),,relationship,연애/관계,tv_clip,TV/예능/바이럴 클립(재업로드),W,흰 카드/SNS 캡처형 제목,"""한고은 시댁에 아들이 셋인 이유"" + 댓글",reuse,타인 저작물 재사용,TV·예능·드라마·영화 클립 재가공,rss-pool(small),
326,https://www.youtube.com/shorts/arRL0WH3Zz4,arRL0WH3Zz4,고3 아들 방에서 자고 가겠다는 시어머니를 거절했더니 #사연라디오 #고부갈등 #오디오북 #사연,한밤의 사연,UCayFq2xlY-aG2xuNOmnkE6w,11600,10k-100k,158553,2026-10-08,exact(RSS),,story,썰/사연,ai_generated,AI 생성 영상/이미지,S,제목 없이 하단 자막,"AI 영상 사연 ""한밤의 사연 구독 좋아요""",original,자체 제작,AI 이미지/영상 + 내레이션,search+rss,사연
327,https://www.youtube.com/shorts/khHoXNrlFJw,khHoXNrlFJw,남사친한테 갑자기 포옹하면 생기는 일,망상붕어,UCydJxaonyD_so8kZvwCIA8Q,5240,<10k,157361,2026-09-27,exact(RSS),,relationship,연애/관계,tv_clip,TV/예능/바이럴 클립(재업로드),T,"상단 검정 바 큰 제목(2줄, 강조색)","""남사친한테 갑자기 포옹하면 생기는 일""",reuse,타인 저작물 재사용,SNS 바이럴 클립 재가공,rss-pool(small),
328,https://www.youtube.com/shorts/qFM5KX7CNfQ,qFM5KX7CNfQ,소름돋는 일본의 지진 경보 시스템ㄷㄷ,도리뱅뱅,UCZbnNHhWO9etnF3V0pRF8Bw,53700,10k-100k,156800,2026-10-08,exact(RSS),41,humor_meme,유머/밈,news_summary,뉴스/정보 요약,T,"상단 검정 바 큰 제목(2줄, 강조색)","""일본의 소름돋는 지진 경보 시스템ㄷㄷ""",mixed,혼합(인용+자체),정보/이슈 요약(이미지·클립+텍스트),search+rss,소름
329,https://www.youtube.com/shorts/iV2Kw4Jf3I0,iV2Kw4Jf3I0,반전매력 연애의조건 챌린지,뽀구미,UCO78BQwAIG-pEfhgJEt-VRQ,723000,100k-1M,156390,2026-10-08,exact(RSS),,humor_meme,유머/밈,original_filming,직접 촬영,N,텍스트 없음(장면으로 시작),본인 얼굴 챌린지,original,자체 제작,직접 촬영 상황극/콘텐츠,search+rss,챌린지
330,https://www.youtube.com/shorts/Af-A4O9BUXM,Af-A4O9BUXM,아직도 재미있고 즐거운 추억의 무한도전 개그!  #김원훈 #신동엽 #카더가든 #이수지 #직장인들 #쿠팡플레이 #지예은 #cupang #직장인들3 #강지영 #박명수 #정준하,60펀앤펀,UCNYDV4k-m_d2SwtP_fHC5eA,7410,<10k,155755,2026-09-25,exact(RSS),,school_work,학교/직장,tv_clip,TV/예능/바이럴 클립(재업로드),T,"상단 검정 바 큰 제목(2줄, 강조색)","""아직도 재미있고 즐거운 추억의 무한도전 개그""",reuse,타인 저작물 재사용,TV·예능·드라마·영화 클립 재가공,rss-pool(small),
331,https://www.youtube.com/shorts/sUHQR5WuDgI,sUHQR5WuDgI,[1192회 선공개] 윤재웅 X나쁘다 | 개그콘서트 Gagconcert | KBS 261004 방송,개그콘서트,UCzT7nHtzVqwiarTH8sqHaJA,1370000,1M+,148929,2026-10-04,approx(검색 상대시간),30,humor_meme,유머/밈,tv_clip,TV/예능/바이럴 클립(재업로드),T,"상단 검정 바 큰 제목(2줄, 강조색)","""[선공개] 윤재웅 X나쁘다""",official,원저작권자 공식,방송사 공식 채널,search(ago),개그
332,https://www.youtube.com/shorts/RTh4YqZnpUM,RTh4YqZnpUM,송지효랑 몸 바꾸고 싶다는 이광수 대답에 찐 경멸 나온 송지효 표정ㅋㅋㅋ,비됴관,UCLtoiqy6ePP4BqYNP4fgTIQ,7590,<10k,148839,2026-10-07,exact(RSS),,humor_meme,유머/밈,tv_clip,TV/예능/바이럴 클립(재업로드),W,흰 카드/SNS 캡처형 제목,"""지효와 몸 바꾸고 싶은 응큼광수"" 출처 런닝맨",reuse,타인 저작물 재사용,TV·예능·드라마·영화 클립 재가공,rss-pool(small),
333,https://www.youtube.com/shorts/OnTyPmGgl3U,OnTyPmGgl3U,이상준에게 딱 걸린 맨앞줄 어색한 남편 둘,튭쮸바,UCLlv6n0Ui3T7sc_NUo2kJMw,4480,<10k,148079,2026-10-04,exact(RSS),,relationship,연애/관계,tv_clip,TV/예능/바이럴 클립(재업로드),W,흰 카드/SNS 캡처형 제목,"""이상준 앞줄엔 남편만 남았다""",reuse,타인 저작물 재사용,TV·예능·드라마·영화 클립 재가공,rss-pool(small),
334,https://www.youtube.com/shorts/H3hfahwSYss,H3hfahwSYss,이름 개그로 웃기고자 무리수를 둔 정준하!  #김원훈 #신동엽 #카더가든 #이수지 #직장인들 #쿠팡플레이 #지예은 #cupang #직장인들3 #강지영 #박명수 #정준하,60펀앤펀,UCNYDV4k-m_d2SwtP_fHC5eA,7410,<10k,147537,2026-09-25,exact(RSS),,school_work,학교/직장,tv_clip,TV/예능/바이럴 클립(재업로드),T,"상단 검정 바 큰 제목(2줄, 강조색)","""이름 개그로 웃기고자 무리수를 둔 정준하""",reuse,타인 저작물 재사용,TV·예능·드라마·영화 클립 재가공,rss-pool(small),
335,https://www.youtube.com/shorts/4onUlNl0uts,4onUlNl0uts,시어머니와 며느리 추석 현실 고증 레전드 #유머 #웃긴영상 #개그,연예인한입,UC1JtVFtN_4MUIMg75-rqMUA,80800,10k-100k,145813,2026-09-27,approx(검색 상대시간),142,relationship,연애/관계,tv_clip,TV/예능/바이럴 클립(재업로드),T,"상단 검정 바 큰 제목(2줄, 강조색)","""추석;"" 대형 + ""시어머니와 며느리 추석 현실 고증 레전드""",reuse,타인 저작물 재사용,TV·예능·드라마·영화 클립 재가공,search(ago),개그
336,https://www.youtube.com/shorts/gZjAzdsPsRQ,gZjAzdsPsRQ,랏코의 운전 버릇_랏코와 우사기 관계성_#치이카와 #랏코 #우사기 #드라이브 #꽈베기,파란고양이,UCtnkybjsxMDgcb4ZV9Kg7EQ,1540,<10k,145608,2026-10-05,exact(RSS),,humor_meme,유머/밈,animation,애니메이션,T,"상단 검정 바 큰 제목(2줄, 강조색)","""랏코의 귀여운 버릇 운전하면 노래가 나옴"" 만화 컷",reuse,타인 저작물 재사용,기존 애니 클립 재가공,rss-pool(small),
337,https://www.youtube.com/shorts/-QHkrW9NFns,-QHkrW9NFns,Cool 챌린지 어떤 춤이 제일 잘 어울려? 댓글 남겨줘!,아띠 atti,UCd4Z04ZHUoOcUpDwMJx-r3w,31200,10k-100k,145408,2026-09-24,exact(RSS),,challenge,챌린지,original_filming,직접 촬영,S,제목 없이 하단 자막,댄스 챌린지 자막,original,자체 제작,직접 촬영 상황극/콘텐츠,search+rss,챌린지
338,https://www.youtube.com/shorts/LTPusOAEaTg,LTPusOAEaTg,안은진에게 본심 튀어나온 서강준 #SeoKangJun #서강준 #AhnEunjin #안은진 #ALoveOtherThanYours #너말고다른연애 #너다연,미남 백과 사전,UCkOai6B8WBjOMSlH-HWGFqQ,2390,<10k,145028,2026-09-21,exact(RSS),,relationship,연애/관계,tv_clip,TV/예능/바이럴 클립(재업로드),T,"상단 검정 바 큰 제목(2줄, 강조색)","""이런게 사랑이지! 점점 온더드는 서강준""",reuse,타인 저작물 재사용,TV·예능·드라마·영화 클립 재가공,rss-pool(small),
339,https://www.youtube.com/shorts/7LM11znK5F4,7LM11znK5F4,누가봐도 최소 썸! 태국에서도 알콩달콩한 서강준&안은진  #SeoKangJun #서강준 #AhnEunjin #안은진 #ALoveOtherThanYours #너말고다른연애,미남 백과 사전,UCkOai6B8WBjOMSlH-HWGFqQ,2390,<10k,144895,2026-09-19,exact(RSS),,relationship,연애/관계,tv_clip,TV/예능/바이럴 클립(재업로드),T,"상단 검정 바 큰 제목(2줄, 강조색)","""이러면 나 진짜 오해해.. 태국에서까지 알콩달콩""",reuse,타인 저작물 재사용,TV·예능·드라마·영화 클립 재가공,rss-pool(small),
340,https://www.youtube.com/shorts/ffjGHhrz3sA,ffjGHhrz3sA,여자는 한번해봤을 노크챌린지,츠키야제발,UCVwa04XAbc0LfKBgdwQ7KzQ,2610,<10k,144746,2026-10-03,exact(RSS),,challenge,챌린지,tv_clip,TV/예능/바이럴 클립(재업로드),T,"상단 검정 바 큰 제목(2줄, 강조색)","""여자는 한번쯤 해봤을 노크 챌린지"" 4분할 국기",reuse,타인 저작물 재사용,SNS 바이럴 클립 재가공,rss-pool(small),
341,https://www.youtube.com/shorts/CTEB4zGgzN0,CTEB4zGgzN0,나이먹으면서 찬구가 사라지는 과정,너의생각은머니,UCzAMSvmpAVYfMfy9cOKTTPA,8300,<10k,144344,2026-09-28,exact(RSS),,humor_meme,유머/밈,ai_generated,AI 생성 영상/이미지,T,"상단 검정 바 큰 제목(2줄, 강조색)","""나이 먹으면서 친구가 사라지는 과정"" AI 이미지",original,자체 제작,AI 이미지/영상 + 내레이션,rss-pool(small),
342,https://www.youtube.com/shorts/-xW_BJNDJdw,-xW_BJNDJdw,나보다 6살 어린 이모가 있는 썰,썰왕,UC7WISDbcQ0mLkmekVRSVvWQ,3270,<10k,144024,2026-10-08,exact(RSS),117,story,썰/사연,tts_story,TTS/내레이션 썰,W,흰 카드/SNS 캡처형 제목,"썰 앱 ""나보다 6살 어린 이모가 있는 썰"" + AI 일러스트",mixed,혼합(인용+자체),커뮤니티 글 템플릿 + 일러스트/이미지 + 내레이션,search+rss,썰
343,https://www.youtube.com/shorts/pVyieNO7fN8,pVyieNO7fN8,극 T 모먼트가 나오면 생기는 일,빵빠레,UCrT8HvgwEipSeEYZdei0jRA,3500,<10k,143880,2026-08-10,exact(RSS),,humor_meme,유머/밈,tv_clip,TV/예능/바이럴 클립(재업로드),W,흰 카드/SNS 캡처형 제목,"""20은 기분으로 넣은거지"" X 캡처",reuse,타인 저작물 재사용,TV·예능·드라마·영화 클립 재가공,rss-pool(small),
344,https://www.youtube.com/shorts/McV9OihmUOk,McV9OihmUOk,파출소에서 공개 사과한 원피스 나미 | 개그콘서트 Gagconcert | KBS 260906 방송,개그콘서트,UCzT7nHtzVqwiarTH8sqHaJA,1370000,1M+,142768,2026-09-09,approx(검색 상대시간),81,humor_meme,유머/밈,tv_clip,TV/예능/바이럴 클립(재업로드),T,"상단 검정 바 큰 제목(2줄, 강조색)","""파출소에서 공개 사과한 원피스 나미""",official,원저작권자 공식,방송사 공식 채널,search(ago),개그
345,https://www.youtube.com/shorts/NtIX-v6hkSo,NtIX-v6hkSo,나 말고 딴 사람을 찍어? #엔믹스 #NMIXX #설윤 #kpop,재미숏컷,UCGppycA9MgrlVkB3kNYk9VQ,2410,<10k,141197,2026-09-03,exact(RSS),,idol_clip,아이돌/연예 짤,tv_clip,TV/예능/바이럴 클립(재업로드),T,"상단 검정 바 큰 제목(2줄, 강조색)","""나 찍어 달라했더니 다른 여자를 찍어?""",reuse,타인 저작물 재사용,바이럴 영상 재업로드 + 자막,rss-pool(small),
346,https://www.youtube.com/shorts/FaDi_rYSDDk,FaDi_rYSDDk,너희 학교를 100% 맞혀볼게! #챌린지 #로블록스,고심,UCG8BqPSidAmpviuFuzwBGtw,207000,100k-1M,140803,2026-10-09,exact(RSS),,quiz,퀴즈/테스트,original_filming,직접 촬영,T,"상단 검정 바 큰 제목(2줄, 강조색)","""우리 학교 나오면 탈락!"" 로블록스",original,자체 제작,직접 촬영 상황극/콘텐츠,search+rss,학교
347,https://www.youtube.com/shorts/Br1IpnAbVkQ,Br1IpnAbVkQ,대한민국 진돗개가 도그쇼에 나가면 생기는일 #반려견 #강아지 #어질리티 #도그쇼,찹츄스토리,UCrBCOabZySPG0D3z_Mt9EbA,10800,10k-100k,140442,2026-10-09,exact(RSS),,animals,동물/펫,tv_clip,TV/예능/바이럴 클립(재업로드),T,"상단 검정 바 큰 제목(2줄, 강조색)","""외국 명견 다 제치고 1등 먹은 진돗개ㄷㄷ""",reuse,타인 저작물 재사용,바이럴 영상 재업로드 + 자막,search+rss,반려견
348,https://www.youtube.com/shorts/Cnj00_V3PvM,Cnj00_V3PvM,프랑스파리를 들썩게한 한국 아기의 행동 #아기 #육아 #프랑스,행복한마카,UCDwtYWqUDyLjnhxkSIPzpxQ,8990,<10k,140033,2026-10-02,exact(RSS),,humor_meme,유머/밈,tv_clip,TV/예능/바이럴 클립(재업로드),T,"상단 검정 바 큰 제목(2줄, 강조색)","""프랑스 파리를 들썩이게 한 한국 아기의 행동""",reuse,타인 저작물 재사용,바이럴 영상 재업로드 + 자막,rss-pool(small),
349,https://www.youtube.com/shorts/rKponqFlz9s,rKponqFlz9s,아빠가 출근하면 매일 집에 오는 남자의 정체 #funny #shorts #가족,반전숏,UCfMkDQSVKQG-cJ5z0UC_gDA,1890,<10k,139817,2026-10-06,exact(RSS),,story,썰/사연,ai_generated,AI 생성 영상/이미지,T,"상단 검정 바 큰 제목(2줄, 강조색)","""아빠가 출근하면 매일 집에 오는 남자의 정체"" AI 영상",original,자체 제작,AI 이미지/영상 + 내레이션,rss-pool(small),
350,https://www.youtube.com/shorts/gTJUEVSMH3w,gTJUEVSMH3w,여초에서 밀고있는 연상남자 주의운동,튜브스마일,UCAWJeADYU7lo20tFO38X8bQ,8580,<10k,139292,2026-10-03,exact(RSS),,humor_meme,유머/밈,news_summary,뉴스/정보 요약,T,"상단 검정 바 큰 제목(2줄, 강조색)","""여초에서 밀고 있는 연상남자 주의운동"" AI 이미지",mixed,혼합(인용+자체),정보/이슈 요약(이미지·클립+텍스트),rss-pool(small),
351,https://www.youtube.com/shorts/zLqoM_rU7S8,zLqoM_rU7S8,요즘 밈 못 따라가는 나 같음 #거침킥 #이순재 #최민용,오분순삭,UC9idb-NIhZrI6wkPesc3MUg,1770000,1M+,136520,2026-10-08,exact(RSS),176,humor_meme,유머/밈,tv_clip,TV/예능/바이럴 클립(재업로드),T,"상단 검정 바 큰 제목(2줄, 강조색)","""신조어 1타 강사 이민용""",official,원저작권자 공식,방송사 공식 채널,search+rss,밈
352,https://www.youtube.com/shorts/QSnHY6fgufw,QSnHY6fgufw,모찌를 태어나서 처음 본 리트리버의 귀여운 반응,뭉치의 개팔상팔,UCh1m0y8CdRCnerfhEfDFM4g,489000,100k-1M,136409,2026-10-08,exact(RSS),,animals,동물/펫,original_filming,직접 촬영,W,흰 카드/SNS 캡처형 제목,"""모찌를 태어나서 처음 본 리트리버의 귀여운 반응""",original,자체 제작,직접 촬영 반려동물,search+rss,강아지
353,https://www.youtube.com/shorts/wR9AzY1mxQQ,wR9AzY1mxQQ,[1192회 선공개] 신인 코너에 이 대선배가 나온다고?! | 개그콘서트 Gagconcert | KBS 261004 방송,개그콘서트,UCzT7nHtzVqwiarTH8sqHaJA,1370000,1M+,136297,2026-10-04,approx(검색 상대시간),31,humor_meme,유머/밈,tv_clip,TV/예능/바이럴 클립(재업로드),T,"상단 검정 바 큰 제목(2줄, 강조색)","""[선공개] 신인 코너에 이 대선배가 나온다고?!""",official,원저작권자 공식,방송사 공식 채널,search(ago),개그
354,https://www.youtube.com/shorts/E5U5n7Ss9Ag,E5U5n7Ss9Ag,개콘 방청객은 오디션 보고 뽑아요? ㅋㅋㅋ | 개그콘서트 Gagconcert | KBS 261004 방송,개그콘서트,UCzT7nHtzVqwiarTH8sqHaJA,1370000,1M+,136071,2026-10-08,approx(검색 상대시간),37,humor_meme,유머/밈,tv_clip,TV/예능/바이럴 클립(재업로드),T,"상단 검정 바 큰 제목(2줄, 강조색)","""개콘 방청객은 오디션 보고 뽑아요?ㅋㅋㅋ""",official,원저작권자 공식,방송사 공식 채널,search(ago),개그
355,https://www.youtube.com/shorts/uVVaFi3RFrw,uVVaFi3RFrw,요즘 유행 중인 고양이 박수치는 밈,밈터스텔라,UCfoJ19luM4_jCzuHl_H5a7w,103000,100k-1M,132857,2026-10-04,exact(RSS),41,animals,동물/펫,meme_edit,밈 편집,W,흰 카드/SNS 캡처형 제목,"""요즘 유행 중인 고양이 박수치는 밈""",reuse,타인 저작물 재사용,밈 원본/오디오 재가공,search+rss,밈
356,https://www.youtube.com/shorts/Btdq6C2HG6g,Btdq6C2HG6g,'남자상 때문에' 눈썹까지 지워버린 이채영,패션뻐꾹이,UC_tUEs8BU5ucJlbQ6J0XBow,30,<10k,132147,2026-10-07,exact(RSS),,idol_clip,아이돌/연예 짤,tv_clip,TV/예능/바이럴 클립(재업로드),T,"상단 검정 바 큰 제목(2줄, 강조색)","""눈썹 빼면 바로 여자됨""",reuse,타인 저작물 재사용,TV·예능·드라마·영화 클립 재가공,rss-pool(small),
357,https://www.youtube.com/shorts/FVL97BFGGgw,FVL97BFGGgw,고개 짓으로 대답하는 강아지#강아지 #천재견 #반려견일상 #보더콜리 #웃긴동물,멍냥데이즈,UCMUxTFqxGd5KdS--8CT4Ocg,15700,10k-100k,131557,2026-10-07,exact(RSS),,animals,동물/펫,original_filming,직접 촬영,W,흰 카드/SNS 캡처형 제목,"""어디 가냐고 물었더니 고개로 대답하는 강아지""",original,자체 제작,직접 촬영 반려동물,search+rss,강아지/반려견
358,https://www.youtube.com/shorts/wDz8tjQ-cFI,wDz8tjQ-cFI,짖지 않는 순둥이 버디가 바다를 보면 생기는 일,반려동무,UCdyP2StID09cDrn51kcI5zg,54700,10k-100k,131366,2026-10-09,exact(RSS),,animals,동물/펫,original_filming,직접 촬영,T,"상단 검정 바 큰 제목(2줄, 강조색)","""태어나 한번도 짖지 않은 버디가 흥분한 이유""",original,자체 제작,직접 촬영 반려동물,search+rss,강아지
359,https://www.youtube.com/shorts/bjw743WBhRc,bjw743WBhRc,[1192회 선공개] 이제는 하다하다 잔꾀부리는 AI 로봇 | 개그콘서트 Gagconcert | KBS 261004 방송,개그콘서트,UCzT7nHtzVqwiarTH8sqHaJA,1370000,1M+,130410,2026-10-04,approx(검색 상대시간),25,humor_meme,유머/밈,tv_clip,TV/예능/바이럴 클립(재업로드),T,"상단 검정 바 큰 제목(2줄, 강조색)","""[선공개] 이제는 하다하다 잔꾀부리는 AI 로봇""",official,원저작권자 공식,방송사 공식 채널,search(ago),개그
360,https://www.youtube.com/shorts/tAFMxVKmLTw,tAFMxVKmLTw,르세라핌이 '추락하면서 외친' 단 한마디,패션뻐꾹이,UC_tUEs8BU5ucJlbQ6J0XBow,30,<10k,129379,2026-10-04,exact(RSS),,idol_clip,아이돌/연예 짤,tv_clip,TV/예능/바이럴 클립(재업로드),T,"상단 검정 바 큰 제목(2줄, 강조색)","""결국 외쳐버린 르세라핌""",reuse,타인 저작물 재사용,TV·예능·드라마·영화 클립 재가공,rss-pool(small),
361,https://www.youtube.com/shorts/u9jAYNNUdug,u9jAYNNUdug,더이상 착한 리트리버는 없다,꿀잼곳간,UCs0WLo97inL2t42QYmWYGYA,6340,<10k,124191,2026-09-13,exact(RSS),,animals,동물/펫,tv_clip,TV/예능/바이럴 클립(재업로드),T,"상단 검정 바 큰 제목(2줄, 강조색)","""더이상 착한 리트리버는 없다""",reuse,타인 저작물 재사용,바이럴 영상 재업로드 + 자막,rss-pool(small),
362,https://www.youtube.com/shorts/HC_Frlqft7E,HC_Frlqft7E,동기부여에 미치면 벌어지는일,날스케치,UCBwd206krjP2nTuUL5tyDZQ,4170,<10k,123731,2026-09-28,exact(RSS),,humor_meme,유머/밈,original_filming,직접 촬영,W,흰 카드/SNS 캡처형 제목,"""동기 부여에 중독되면 벌어지는 일"" + 댓글",original,자체 제작,직접 촬영 상황극/콘텐츠,rss-pool(small),
363,https://www.youtube.com/shorts/Yt9SJAsvfKE,Yt9SJAsvfKE,이준영의 취미가 신경쓰인 회사의 특단의 조치ㅋㅋㅋ,위트픽,UC-AzplYfGNCctj3b64DhTlw,438,<10k,122978,2026-09-15,exact(RSS),,school_work,학교/직장,tv_clip,TV/예능/바이럴 클립(재업로드),W,흰 카드/SNS 캡처형 제목,"""인형뽑기가 이준영의 공식 스케줄이 된 이유ㅋㅋ""",reuse,타인 저작물 재사용,TV·예능·드라마·영화 클립 재가공,rss-pool(small),
364,https://www.youtube.com/shorts/bVLvXyKjHds,bVLvXyKjHds,만화 '호빵맨' 불편합니다 이렇게 바꿔야 합니다 | 개그콘서트 Gagconcert | KBS 260906 방송,개그콘서트,UCzT7nHtzVqwiarTH8sqHaJA,1370000,1M+,122954,2026-09-09,approx(검색 상대시간),37,humor_meme,유머/밈,tv_clip,TV/예능/바이럴 클립(재업로드),T,"상단 검정 바 큰 제목(2줄, 강조색)","""만화 <호빵맨> 불편합니다 이렇게 바꿔야 합니다""",official,원저작권자 공식,방송사 공식 채널,search(ago),개그
365,https://www.youtube.com/shorts/5ns4nUIDDac,5ns4nUIDDac,리센느 이사님과 원이 어머니의 소름 돋는 인연 #리센느 #원이,숏코스터 필름,UCXoj-zFqmfAod4xioo2RtYg,92899,10k-100k,122945,2026-10-08,exact(RSS),27,humor_meme,유머/밈,tv_clip,TV/예능/바이럴 클립(재업로드),T,"상단 검정 바 큰 제목(2줄, 강조색)","""한 다리 건너면 다 아는 사이? 이사님과 원이 어머니의 인연""",reuse,타인 저작물 재사용,TV·예능·드라마·영화 클립 재가공,search+rss,소름
366,https://www.youtube.com/shorts/TXHaVEoHPIg,TXHaVEoHPIg,소름 돋는 치이카와의 비밀?!ㄷㄷ,냠사친 Yamsachin,UCXXEXIm3P8i31NzcqnKTK2w,198000,100k-1M,121541,2026-10-08,exact(RSS),10,humor_meme,유머/밈,animation,애니메이션,S,제목 없이 하단 자막,"""남사친"" 인형 장면",reuse,타인 저작물 재사용,기존 애니 클립 재가공,search+rss,소름
367,https://www.youtube.com/shorts/PRgF7Ex4g9c,PRgF7Ex4g9c,은퇴한 경찰견에게 아빠가 믿고 밑긴일,꿀잼곳간,UCs0WLo97inL2t42QYmWYGYA,6340,<10k,118374,2026-09-17,exact(RSS),,animals,동물/펫,tv_clip,TV/예능/바이럴 클립(재업로드),T,"상단 검정 바 큰 제목(2줄, 강조색)","""은퇴한 경찰견에게 아빠가 믿고 맡긴 일""",reuse,타인 저작물 재사용,바이럴 영상 재업로드 + 자막,rss-pool(small),
368,https://www.youtube.com/shorts/hTtYrUo7rLg,hTtYrUo7rLg,썸타는 사이에 함부로 장난치면 안되는 이유ㅋㅋ,희로픽,UC7Qgp4zY75Uiudf7Q0HuiOA,794,<10k,117903,2026-09-09,approx(검색 상대시간),13,relationship,연애/관계,tv_clip,TV/예능/바이럴 클립(재업로드),W,흰 카드/SNS 캡처형 제목,"""썸타는 사이에 함부로 장난치면 안되는 이유""",reuse,타인 저작물 재사용,TV·예능·드라마·영화 클립 재가공,search(ago),썸
369,https://www.youtube.com/shorts/u2U4WlbiYiY,u2U4WlbiYiY,초보 알바생 실수 알잘딱으로 처리하는 사장님,이프나,UCMgL_4EPNcZJ26Y_vYOd22g,83300,10k-100k,117043,2026-10-07,exact(RSS),,school_work,학교/직장,tv_clip,TV/예능/바이럴 클립(재업로드),W,흰 카드/SNS 캡처형 제목,"""초보 알바생 실수 알잘딱으로 처리하는 사장님""",reuse,타인 저작물 재사용,TV·예능·드라마·영화 클립 재가공,search+rss,알바
370,https://www.youtube.com/shorts/Nkcl5NiBS9Q,Nkcl5NiBS9Q,친아버지의 암 소식을 듣고 고모랑 연을 끊었습니다.,별의별 사연,UCGO-sfqNIN0pX0ivHD7NU3w,677,<10k,116523,2026-10-06,exact(RSS),,story,썰/사연,ai_generated,AI 생성 영상/이미지,X,텍스트 전용 화면,"숲 배경 위 초대형 4줄 자막 ""친아버지의 암 소식을 듣고나서 고모랑 연을 끊었습니다"" AI 이미지",original,자체 제작,AI 이미지/영상 + 내레이션,search+rss,사연
371,https://www.youtube.com/shorts/TAtreC0vHPM,TAtreC0vHPM,태형이 방송 실수에 정국이는 중독됨 ㅋㅋ,스타셔틀,UCQI7yr5qD4k4aOpoEYRwr1g,2880,<10k,116112,2026-10-07,exact(RSS),,idol_clip,아이돌/연예 짤,tv_clip,TV/예능/바이럴 클립(재업로드),T,"상단 검정 바 큰 제목(2줄, 강조색)","""태형이 방송 실수에 정국이는 중독됨ㅋㅋ""",reuse,타인 저작물 재사용,TV·예능·드라마·영화 클립 재가공,rss-pool(small),
372,https://www.youtube.com/shorts/nUcxH1ELLCA,nUcxH1ELLCA,케이크로 고백하기 | 개그콘서트 Gagconcert | KBS 261004 방송,개그콘서트,UCzT7nHtzVqwiarTH8sqHaJA,1370000,1M+,115260,2026-10-08,approx(검색 상대시간),28,relationship,연애/관계,tv_clip,TV/예능/바이럴 클립(재업로드),T,"상단 검정 바 큰 제목(2줄, 강조색)","""케이크로 고백하기""",official,원저작권자 공식,방송사 공식 채널,search(ago),개그
373,https://www.youtube.com/shorts/ngHbsjoQ8NE,ngHbsjoQ8NE,사료를 처음 먹어 본 새끼 길냥이의 반응 ㅋㅋ,동물쑛,UCqGA2pYRNqpVCnaztHqO-jA,109000,100k-1M,113894,2026-10-08,exact(RSS),,animals,동물/펫,tv_clip,TV/예능/바이럴 클립(재업로드),T,"상단 검정 바 큰 제목(2줄, 강조색)","""사료를 처음 먹어 본 새끼 길냥이의 반응""",reuse,타인 저작물 재사용,바이럴 영상 재업로드 + 자막,search+rss,동물
374,https://www.youtube.com/shorts/IjrJSWfiowY,IjrJSWfiowY,까다로운 한가인 입맛 저격한 급식대가 두부조림 레시피,스타쿡,UCdEeiO2lSCCAgiDOwdaLgrQ,57100,10k-100k,112970,2026-10-08,exact(RSS),,school_work,학교/직장,tv_clip,TV/예능/바이럴 클립(재업로드),T,"상단 검정 바 큰 제목(2줄, 강조색)","""까다로운 한가인이 극찬한 급식대가 두부조림""",reuse,타인 저작물 재사용,TV·예능·드라마·영화 클립 재가공,search+rss,급식
375,https://www.youtube.com/shorts/EyNWTYJK2hE,EyNWTYJK2hE,어떤 스퀴시 소리가 제일 좋을까? 😮‍💨🧈 #ASMR,Jojo's ASMR,UCjyi6by44TTH0j_U3vXEGpA,5460000,1M+,110712,2026-10-08,exact(RSS),,asmr,만족감/ASMR,asmr,만족감/ASMR,S,제목 없이 하단 자막,"""which squishy sounds the best?"" ASMR",original,자체 제작,ASMR/만족감,search+rss,ASMR
376,https://www.youtube.com/shorts/X0lEMHYkKiM,X0lEMHYkKiM,견주를 미안하게 만든 강아지의 작은 착각 #강아지 #동물,골댕로그,UCgm7s38d7MKGO3-NDazlGlg,13799,10k-100k,110557,2026-10-07,exact(RSS),,animals,동물/펫,original_filming,직접 촬영,W,흰 카드/SNS 캡처형 제목,"""견주를 미안하게 만든 강아지의 작은 착각""",original,자체 제작,직접 촬영 반려동물,search+rss,강아지/반려견
377,https://www.youtube.com/shorts/Y4gi1ajU41U,Y4gi1ajU41U,얼빡 지우의 축복에 끝이 없네,하투하투,UChkoAAQkAg-asWAqX3eNfWQ,2760,<10k,110271,2026-10-02,exact(RSS),,idol_clip,아이돌/연예 짤,tv_clip,TV/예능/바이럴 클립(재업로드),T,"상단 검정 바 큰 제목(2줄, 강조색)","""지우가 너무 가까울 때 볼 꼬집고 싶은 지우""",reuse,타인 저작물 재사용,TV·예능·드라마·영화 클립 재가공,rss-pool(small),
378,https://www.youtube.com/shorts/hcYSISsLX9g,hcYSISsLX9g,세척 알바 첫날.. 관리자가 부르더니,거침없는 미스김,UCGBvpqXMlfaM2YubXym1PSg,2130,<10k,107545,2026-09-30,exact(RSS),,story,썰/사연,ai_generated,AI 생성 영상/이미지,S,제목 없이 하단 자막,"AI 영상 ""세척 알바 첫날""",original,자체 제작,AI 이미지/영상 + 내레이션,rss-pool(small),
379,https://www.youtube.com/shorts/rBv42uTLTzE,rBv42uTLTzE,에셈에 까이고 직접 춘 인규 더티워크 안무 #shorts,케이중독자,UCYqHluFVbHM6VS4X5BIVPdg,6040,<10k,107392,2026-09-09,exact(RSS),,idol_clip,아이돌/연예 짤,tv_clip,TV/예능/바이럴 클립(재업로드),T,"상단 검정 바 큰 제목(2줄, 강조색)","""SM에 까인 안무 직접 추고 퉁과 시킨 인규 더티워크 시안""",reuse,타인 저작물 재사용,TV·예능·드라마·영화 클립 재가공,rss-pool(small),
380,https://www.youtube.com/shorts/-vxBxQMTV4A,-vxBxQMTV4A,최종화-다이어트 후 귀환! 배신한 남편의 충격적 최후 #드라마 #썰 #사이다,썰디기,UCxsY_DetiLzhiMJZLXG-ypQ,,,106940,2026-10-03,exact(RSS),139,story,썰/사연,ai_generated,AI 생성 영상/이미지,S,제목 없이 하단 자막,"AI 이미지 ""최종화"" 대형 자막",original,자체 제작,AI 이미지/영상 + 내레이션,search+rss,썰
381,https://www.youtube.com/shorts/w_GqCOVv0zE,w_GqCOVv0zE,자기 얘기에 가만있지 못하는 규카츠 #직장인들시즌3,예짜르트,UCmL0fP4Nr2b0q55huPu9BbA,3240,<10k,104084,2026-10-02,exact(RSS),,school_work,학교/직장,tv_clip,TV/예능/바이럴 클립(재업로드),T,"상단 검정 바 큰 제목(2줄, 강조색)","""본인 앞에서 김규원 놀리자 슬쩍 자기 편드는 규카츠""",reuse,타인 저작물 재사용,TV·예능·드라마·영화 클립 재가공,rss-pool(small),
382,https://www.youtube.com/shorts/_dmxv4kvCc0,_dmxv4kvCc0,스바루의 그녀,카루미,UCvbY--RnyoiyV1B6QI63WSw,76900,10k-100k,103672,2026-10-09,exact(RSS),8,humor_meme,유머/밈,meme_edit,밈 편집,S,제목 없이 하단 자막,"우주 배경 + ""속임수"" 텍스트 밈",reuse,타인 저작물 재사용,밈 원본/오디오 재가공,search+rss,짤
383,https://www.youtube.com/shorts/zQ-p-qqvOTE,zQ-p-qqvOTE,체육시간에 키 큰친구가 부러웠던 이유ㅋㅋ,희로픽,UC7Qgp4zY75Uiudf7Q0HuiOA,794,<10k,103572,2026-10-04,exact(RSS),,school_work,학교/직장,tv_clip,TV/예능/바이럴 클립(재업로드),T,"상단 검정 바 큰 제목(2줄, 강조색)","""체육시간에 키 큰 친구가 부러웠던 이유ㅋㅋ""",reuse,타인 저작물 재사용,TV·예능·드라마·영화 클립 재가공,rss-pool(small),
384,https://www.youtube.com/shorts/c_3KIHblo3c,c_3KIHblo3c,아이돌과 신부님의 깊은 대화 #준호,숏디렉터,UC7M5YUU2Uz478Fvr734SRFA,2200,<10k,103417,2026-09-27,exact(RSS),,humor_meme,유머/밈,tv_clip,TV/예능/바이럴 클립(재업로드),W,흰 카드/SNS 캡처형 제목,"""요즘 MZ가 꼭 알아야 할 이야기"" + 댓글",reuse,타인 저작물 재사용,TV·예능·드라마·영화 클립 재가공,rss-pool(small),
385,https://www.youtube.com/shorts/sy0edV7WxUM,sy0edV7WxUM,영상 하나로 3000만뷰 찍은 라잇썸 초원,하루한쪼가리,UCMtwBcg4jg-NEnFeZjKpHEw,24000,10k-100k,102606,2026-09-16,exact(RSS),24,relationship,연애/관계,tv_clip,TV/예능/바이럴 클립(재업로드),T,"상단 검정 바 큰 제목(2줄, 강조색)","""비 오는 날 무대 하나로 3000만뷰 찍은 초원""",reuse,타인 저작물 재사용,TV·예능·드라마·영화 클립 재가공,search+rss,썸
386,https://www.youtube.com/shorts/btkxC7MBD1c,btkxC7MBD1c,[1192회 선공개] 거울 그냥... 하지말자 | 개그콘서트 Gagconcert | KBS 261004 방송,개그콘서트,UCzT7nHtzVqwiarTH8sqHaJA,1370000,1M+,102515,2026-10-04,approx(검색 상대시간),18,animals,동물/펫,tv_clip,TV/예능/바이럴 클립(재업로드),T,"상단 검정 바 큰 제목(2줄, 강조색)","""[선공개] 거울 그냥... 하지말자""",official,원저작권자 공식,방송사 공식 채널,search(ago),개그
387,https://www.youtube.com/shorts/LVTIuNr8qr8,LVTIuNr8qr8,목이 없는 #짤,학생,UCx-Cmo_MXUx1D91s-cWANFQ,,,102065,2026-10-03,approx(검색 상대시간),6,humor_meme,유머/밈,meme_edit,밈 편집,S,제목 없이 하단 자막,"하늘색 하트 배경 + ""목이 없는"" 텍스트 밈",reuse,타인 저작물 재사용,밈 원본/오디오 재가공,search(ago),짤
388,https://www.youtube.com/shorts/zriFWFwaHH8,zriFWFwaHH8,서빙알바 이틀 만에 그만둔 알바생,거침없는 미스김,UCGBvpqXMlfaM2YubXym1PSg,2130,<10k,100548,2026-10-04,exact(RSS),,story,썰/사연,ai_generated,AI 생성 영상/이미지,N,텍스트 없음(장면으로 시작),AI 영상풍 장면 텍스트 없음,original,자체 제작,AI 이미지/영상 + 내레이션,rss-pool(small),
