format,channel,channel_id,subscribers,position,in_window,video_id,url,title,views,views_text,length,length_sec,date_approx,published_text,hit_100k,made,makeable
F1 스토리형 역사·문명 다큐(15~25분),딥 호라이즌,UCt_8GB_0yVB_kFLLLVd_0hQ,70700,1,N,lK2FHgxnh08,https://www.youtube.com/watch?v=lK2FHgxnh08,나폴레옹은 왜 몰락했을까? | 나폴레옹 역사,44000,4.4만,17:29,1049,2026-10-03,7일 전,N,자체 제작,○ (Commons PD 회화·유물 사진 + 자체 그림 + 지도)
F1 스토리형 역사·문명 다큐(15~25분),딥 호라이즌,UCt_8GB_0yVB_kFLLLVd_0hQ,70700,2,N,BSBhHXh15Aw,https://www.youtube.com/watch?v=BSBhHXh15Aw,오스만 제국은 왜 멸망했을까?,110000,11만,19:17,1157,2026-09-26,2주 전,Y,자체 제작,○ (Commons PD 회화·유물 사진 + 자체 그림 + 지도)
F1 스토리형 역사·문명 다큐(15~25분),딥 호라이즌,UCt_8GB_0yVB_kFLLLVd_0hQ,70700,3,Y,JZY4hNMNu9A,https://www.youtube.com/watch?v=JZY4hNMNu9A,바이킹 — 배 한 척으로 유럽을 정복하다,550000,55만,19:32,1172,2026-09-19,3주 전,Y,자체 제작,○ (Commons PD 회화·유물 사진 + 자체 그림 + 지도)
F1 스토리형 역사·문명 다큐(15~25분),딥 호라이즌,UCt_8GB_0yVB_kFLLLVd_0hQ,70700,4,Y,ymyvysUivBw,https://www.youtube.com/watch?v=ymyvysUivBw,세계를 지배했던 로마제국은 왜 멸망했을까?,1400000,140만,17:23,1043,2026-09-10,1개월 전,Y,자체 제작,○ (Commons PD 회화·유물 사진 + 자체 그림 + 지도)
F1 스토리형 역사·문명 다큐(15~25분),딥 호라이즌,UCt_8GB_0yVB_kFLLLVd_0hQ,70700,5,Y,7nUrH-UlRbQ,https://www.youtube.com/watch?v=7nUrH-UlRbQ,《오디세이》는 실화였나? — 실제 유물이 땅에서 나왔다,110000,11만,11:38,698,2026-09-10,1개월 전,Y,자체 제작,○ (Commons PD 회화·유물 사진 + 자체 그림 + 지도)
F1 스토리형 역사·문명 다큐(15~25분),딥 호라이즌,UCt_8GB_0yVB_kFLLLVd_0hQ,70700,6,Y,RoxYavfKixU,https://www.youtube.com/watch?v=RoxYavfKixU,"칭기즈칸, 10만 명으로 수억 명을 삼켰다 — 노예 소년이 세운 인류 최대 제국",920000,92만,19:14,1154,2026-08-11,2개월 전,Y,자체 제작,○ (Commons PD 회화·유물 사진 + 자체 그림 + 지도)
F1 스토리형 역사·문명 다큐(15~25분),딥 호라이즌,UCt_8GB_0yVB_kFLLLVd_0hQ,70700,7,Y,YGkHyXisLuk,https://www.youtube.com/watch?v=YGkHyXisLuk,"이집트 최대의 미스터리 — 투탕카멘의 저주, 그 진짜 정체",350000,35만,13:58,838,2026-08-11,2개월 전,Y,자체 제작,○ (Commons PD 회화·유물 사진 + 자체 그림 + 지도)
F1 스토리형 역사·문명 다큐(15~25분),딥 호라이즌,UCt_8GB_0yVB_kFLLLVd_0hQ,70700,8,Y,u51kTVUzAIM,https://www.youtube.com/watch?v=u51kTVUzAIM,노예가 고기와 맥주를 먹었다? — 피라미드를 지은 건 노예가 아니었다,44000,4.4만,11:44,704,2026-08-11,2개월 전,N,자체 제작,○ (Commons PD 회화·유물 사진 + 자체 그림 + 지도)
F1 스토리형 역사·문명 다큐(15~25분),딥 호라이즌,UCt_8GB_0yVB_kFLLLVd_0hQ,70700,9,Y,xg2YU4_zonc,https://www.youtube.com/watch?v=xg2YU4_zonc,절세미인은 거짓말이었다 — 로마가 2천 년간 숨긴 클레오파트라의 진짜 얼굴 | 클레오파트라,180000,18만,17:43,1063,2026-08-11,2개월 전,Y,자체 제작,○ (Commons PD 회화·유물 사진 + 자체 그림 + 지도)
F1 스토리형 역사·문명 다큐(15~25분),딥 호라이즌,UCt_8GB_0yVB_kFLLLVd_0hQ,70700,10,Y,A6bZ0f7abmE,https://www.youtube.com/watch?v=A6bZ0f7abmE,4000년 전 세계 최강 도시의 미스터리 — 당신의 시계에만 흔적이 남았다 | 바빌론 제국,540000,54만,16:37,997,2026-08-11,2개월 전,Y,자체 제작,○ (Commons PD 회화·유물 사진 + 자체 그림 + 지도)
F1 스토리형 역사·문명 다큐(15~25분),딥 호라이즌,UCt_8GB_0yVB_kFLLLVd_0hQ,70700,11,Y,mWfuE1IhAHk,https://www.youtube.com/watch?v=mWfuE1IhAHk,4500년 전 수세식 화장실을 쓰던 문명 — 인류가 아직도 그들이 누군지 모른다 | 인더스 문명,680000,68만,15:41,941,2026-07-11,3개월 전,Y,자체 제작,○ (Commons PD 회화·유물 사진 + 자체 그림 + 지도)
F1 스토리형 역사·문명 다큐(15~25분),딥 호라이즌,UCt_8GB_0yVB_kFLLLVd_0hQ,70700,12,Y,P9kog8MlGro,https://www.youtube.com/watch?v=P9kog8MlGro,수은의 강이 흐르는 무덤 — 2천 년간 인류가 열지 못한 단 하나의 봉인 | 진시황릉,430000,43만,20:53,1253,2026-07-11,3개월 전,Y,자체 제작,○ (Commons PD 회화·유물 사진 + 자체 그림 + 지도)
F1 스토리형 역사·문명 다큐(15~25분),딥 호라이즌,UCt_8GB_0yVB_kFLLLVd_0hQ,70700,13,Y,4cPZ8aX7jA4,https://www.youtube.com/watch?v=4cPZ8aX7jA4,"인류의 시작이 송두리째 뒤집혔다 — 석기시대 원시인이 세운 12,000년 전 최초의 신전 | 괴베클리 테페",260000,26만,19:22,1162,2026-07-11,3개월 전,Y,자체 제작,○ (Commons PD 회화·유물 사진 + 자체 그림 + 지도)
F1 스토리형 역사·문명 다큐(15~25분),딥 호라이즌,UCt_8GB_0yVB_kFLLLVd_0hQ,70700,14,Y,ncfT8EvuX24,https://www.youtube.com/watch?v=ncfT8EvuX24,잉카 문명은 왜 멸망했나? — 형제의 배신이 무너뜨린 구름 위의 제국,630000,63만,19:29,1169,2026-07-11,3개월 전,Y,자체 제작,○ (Commons PD 회화·유물 사진 + 자체 그림 + 지도)
F1 스토리형 역사·문명 다큐(15~25분),딥 호라이즌,UCt_8GB_0yVB_kFLLLVd_0hQ,70700,15,Y,esbxY7CSsqk,https://www.youtube.com/watch?v=esbxY7CSsqk,아즈텍 문명의 모든 것 — 인간의 피로 세운 물 위의 제국,630000,63만,12:45,765,2026-06-11,4개월 전,Y,자체 제작,○ (Commons PD 회화·유물 사진 + 자체 그림 + 지도)
F1 스토리형 역사·문명 다큐(15~25분),딥 호라이즌,UCt_8GB_0yVB_kFLLLVd_0hQ,70700,16,Y,z2i3Mzinj74,https://www.youtube.com/watch?v=z2i3Mzinj74,알프스를 넘어 로마를 멸망 직전까지 몰아넣은 한니발 | 코끼리 37마리의 진실,250000,25만,23:36,1416,2026-06-11,4개월 전,Y,자체 제작,○ (Commons PD 회화·유물 사진 + 자체 그림 + 지도)
F1 스토리형 역사·문명 다큐(15~25분),딥 호라이즌,UCt_8GB_0yVB_kFLLLVd_0hQ,70700,17,Y,VxG7wlQ6jYg,https://www.youtube.com/watch?v=VxG7wlQ6jYg,최초의 세계 제국 페르시아 — 시작은 양 치던 소년이었다,130000,13만,21:18,1278,2026-06-11,4개월 전,Y,자체 제작,○ (Commons PD 회화·유물 사진 + 자체 그림 + 지도)
F1 스토리형 역사·문명 다큐(15~25분),역사로그,UCrF7xJycWUvxV6pzTjU51LQ,21300,1,N,gib4447_chk,https://www.youtube.com/watch?v=gib4447_chk,"[세계사] ""기술을 가진 자가 지배자가 된다"" 인류 역사상 가장 잔혹했던 권력의 탄생 비밀 | 도구는 어떻게 권력이 되는가 | 신무연 정기문",2100,2.1천,12:11,731,2026-09-10,1개월 전,N,자체 제작,○ (Commons PD 회화·유물 사진 + 자체 그림 + 지도)
F1 스토리형 역사·문명 다큐(15~25분),역사로그,UCrF7xJycWUvxV6pzTjU51LQ,21300,2,N,BjwW1rCFLPg,https://www.youtube.com/watch?v=BjwW1rCFLPg,"[세계사] ""옆 나라 말인데 왜 한쪽만 들릴까?"" 스페인 사람만 포르투갈어를 못 알아듣는 진짜 이유",180000,18만,38:23,2303,2026-09-10,1개월 전,Y,자체 제작,○ (Commons PD 회화·유물 사진 + 자체 그림 + 지도)
F1 스토리형 역사·문명 다큐(15~25분),역사로그,UCrF7xJycWUvxV6pzTjU51LQ,21300,3,Y,_xqGaRcRIuQ,https://www.youtube.com/watch?v=_xqGaRcRIuQ,[세계사] '한 번도 지지 않은' 알렉산더 대왕이 딱 한 번 무릎 꿇은 상대 (49분 완결),54000,5.4만,48:46,2926,2026-09-10,1개월 전,N,자체 제작,○ (Commons PD 회화·유물 사진 + 자체 그림 + 지도)
F1 스토리형 역사·문명 다큐(15~25분),역사로그,UCrF7xJycWUvxV6pzTjU51LQ,21300,4,Y,95eqObZUTDc,https://www.youtube.com/watch?v=95eqObZUTDc,"""낭만 따윈 없었다"" 실크로드가 사실 거대한 ‘통행세 검문소’였던 충격적 진실 | 세계사 | 실크로드 | 삼장법사 | 현장법사",13000,1.3만,44:34,2674,2026-09-10,1개월 전,N,자체 제작,○ (Commons PD 회화·유물 사진 + 자체 그림 + 지도)
F1 스토리형 역사·문명 다큐(15~25분),역사로그,UCrF7xJycWUvxV6pzTjU51LQ,21300,5,Y,FWVAwc3EJEA,https://www.youtube.com/watch?v=FWVAwc3EJEA,"""168명에게 1,000만 명이 학살당했다"" 대제국 잉카가 단 하루 만에 무너진 소름 돋는 진실 | 세계사 | 잉카제국 마추픽추 문명사",32000,3.2만,56:34,3394,2026-09-10,1개월 전,N,자체 제작,○ (Commons PD 회화·유물 사진 + 자체 그림 + 지도)
F1 스토리형 역사·문명 다큐(15~25분),역사로그,UCrF7xJycWUvxV6pzTjU51LQ,21300,6,Y,5uvchCL3G3I,https://www.youtube.com/watch?v=5uvchCL3G3I,"""인류 최고의 천재? 사실은 최악의 사기꾼이었다"" 다빈치가 '최악의 천재'라 불린 진짜 이유 | 세계사 | 레오나르도다빈치 모나리자 인물사",160000,16만,1:04:30,3870,2026-09-10,1개월 전,Y,자체 제작,○ (Commons PD 회화·유물 사진 + 자체 그림 + 지도)
F1 스토리형 역사·문명 다큐(15~25분),역사로그,UCrF7xJycWUvxV6pzTjU51LQ,21300,7,Y,fky52CTVCPg,https://www.youtube.com/watch?v=fky52CTVCPg,"""승리 파티가 끝난 지 단 5일 만에…"" 링컨 대통령 암살 배후에 숨겨진 추악한 진실 | 세계사 | 링컨 남북전쟁 노예해방 미국사",18000,1.8만,47:32,2852,2026-09-10,1개월 전,N,자체 제작,○ (Commons PD 회화·유물 사진 + 자체 그림 + 지도)
F1 스토리형 역사·문명 다큐(15~25분),역사로그,UCrF7xJycWUvxV6pzTjU51LQ,21300,8,Y,zQYWJ1rcpo8,https://www.youtube.com/watch?v=zQYWJ1rcpo8,[세계사] 역대급 스케일! 피라미드는 장난이었다? 1만 2천 년 전 인류 최초의 거대 문명 발견! 괴베클리 테페 | 초고대문명 신석기 고고학 튀르키예,11000,1.1만,25:37,1537,2026-09-10,1개월 전,N,자체 제작,○ (Commons PD 회화·유물 사진 + 자체 그림 + 지도)
F1 스토리형 역사·문명 다큐(15~25분),역사로그,UCrF7xJycWUvxV6pzTjU51LQ,21300,9,Y,XpCTwlz00FY,https://www.youtube.com/watch?v=XpCTwlz00FY,"[세계사] ""힌두교는 원래부터 소를 안 먹었다..?"" 3,000년 전 인도는 손님이 오면 소를 잡아 대접하던 충격적 진실 | 인도 힌두교 소고기 신성한소",13000,1.3만,36:06,2166,2026-08-11,2개월 전,N,자체 제작,○ (Commons PD 회화·유물 사진 + 자체 그림 + 지도)
F1 스토리형 역사·문명 다큐(15~25분),역사로그,UCrF7xJycWUvxV6pzTjU51LQ,21300,10,Y,KKDzQPaZCao,https://www.youtube.com/watch?v=KKDzQPaZCao,[세계사] 이슬람은 왜 돼지고기를 절대 안 먹을까? 1400년 금기의 진실과 역사 | 이슬람 돼지고기 꾸란 할랄 하람,300000,30만,39:05,2345,2026-08-11,2개월 전,Y,자체 제작,○ (Commons PD 회화·유물 사진 + 자체 그림 + 지도)
F1 스토리형 역사·문명 다큐(15~25분),역사로그,UCrF7xJycWUvxV6pzTjU51LQ,21300,11,Y,G6SwN_1udbk,https://www.youtube.com/watch?v=G6SwN_1udbk,"[세계사] 유럽의 언어는 다 라틴어에서 나왔다는데, 독일어는 왜 이 족보에 없을까? | 라틴어 독일어 이탈리아어 스페인어 로망스어",210000,21만,48:43,2923,2026-08-11,2개월 전,Y,자체 제작,○ (Commons PD 회화·유물 사진 + 자체 그림 + 지도)
F1 스토리형 역사·문명 다큐(15~25분),역사로그,UCrF7xJycWUvxV6pzTjU51LQ,21300,12,Y,vJF-TCj9BFI,https://www.youtube.com/watch?v=vJF-TCj9BFI,"[세계사] ""외계인이 만들었을까?"" 5,000년 전 초고대 이집트 문명이 남긴 미스터리 | 이집트 문명 피라미드 미라 파라오 미스터리",140000,14만,55:54,3354,2026-08-11,2개월 전,Y,자체 제작,○ (Commons PD 회화·유물 사진 + 자체 그림 + 지도)
F1 스토리형 역사·문명 다큐(15~25분),역사로그,UCrF7xJycWUvxV6pzTjU51LQ,21300,13,Y,ywElBlWPuMI,https://www.youtube.com/watch?v=ywElBlWPuMI,"[세계사] ""죄악의 도시는 없었다"" 성경이 4천 년간 저주한 바빌론의 진짜 정체 | 공중정원 | 이슈타르의 문 | 지구라트 | 바빌론",30000,3만,41:38,2498,2026-08-11,2개월 전,N,자체 제작,○ (Commons PD 회화·유물 사진 + 자체 그림 + 지도)
F1 스토리형 역사·문명 다큐(15~25분),역사로그,UCrF7xJycWUvxV6pzTjU51LQ,21300,14,Y,w6pJwDASNmY,https://www.youtube.com/watch?v=w6pJwDASNmY,"[세계사] 예수는 신인가, 인간인가? 역사적 기록으로 본 예수의 진짜 정체 | 삼위일체 | 니케아공의회 | 예수님",90000,9만,43:05,2585,2026-08-11,2개월 전,N,자체 제작,○ (Commons PD 회화·유물 사진 + 자체 그림 + 지도)
F1 스토리형 역사·문명 다큐(15~25분),역사로그,UCrF7xJycWUvxV6pzTjU51LQ,21300,15,Y,kyOEgqRb3f8,https://www.youtube.com/watch?v=kyOEgqRb3f8,"[세계사] ""외계인이 만든 문명"" 200만명이 하루 아침에 사라진 미스터리 마야 문명 | 마야문명 | 고대문명 | 미스터리 | 외계문명",190000,19만,1:07:00,4020,2026-08-11,2개월 전,Y,자체 제작,○ (Commons PD 회화·유물 사진 + 자체 그림 + 지도)
F1 스토리형 역사·문명 다큐(15~25분),역사로그,UCrF7xJycWUvxV6pzTjU51LQ,21300,16,Y,LzJvaxZSNpc,https://www.youtube.com/watch?v=LzJvaxZSNpc,"[세계사] 2400년간 아무도 못 찾은 ""아틀란티스"", 우리는 왜 아틀란티스를 못찾는가? | 아틀란티스 | 플라톤 | 고대문명 | 미스터리",46000,4.6만,35:23,2123,2026-08-11,2개월 전,N,자체 제작,○ (Commons PD 회화·유물 사진 + 자체 그림 + 지도)
F1 스토리형 역사·문명 다큐(15~25분),역사로그,UCrF7xJycWUvxV6pzTjU51LQ,21300,17,Y,L9F65w6Qbjk,https://www.youtube.com/watch?v=L9F65w6Qbjk,[세계사] 유럽을 300년간 떨게 한 바이킹은 왜 흔적도 없이 사라졌나?｜당신이 아는 바이킹의 진짜 최후 | 블루투스,94000,9.4만,30:35,1835,2026-07-11,3개월 전,N,자체 제작,○ (Commons PD 회화·유물 사진 + 자체 그림 + 지도)
F1 스토리형 역사·문명 다큐(15~25분),역사여행,UCCEvBFx52AFs4iff-9FMBFQ,27500,1,N,ft1fayCDTiM,https://www.youtube.com/watch?v=ft1fayCDTiM,선사시대 출산 진짜 적은 동물이 아니었다. 매머드보다 위험했던 동굴 속 그 순간,150000,15만,40:09,2409,2026-09-19,3주 전,Y,자체 제작,○ (Commons PD 회화·유물 사진 + 자체 그림 + 지도)
F1 스토리형 역사·문명 다큐(15~25분),역사여행,UCCEvBFx52AFs4iff-9FMBFQ,27500,2,N,DH9wbRri8-0,https://www.youtube.com/watch?v=DH9wbRri8-0,비안오는 이집트의 나일강 물은 어디서 오는가? 가장 더운 날 강이 가장 많이 넘친 이유,36000,3.6만,35:28,2128,2026-09-19,3주 전,N,자체 제작,○ (Commons PD 회화·유물 사진 + 자체 그림 + 지도)
F1 스토리형 역사·문명 다큐(15~25분),역사여행,UCCEvBFx52AFs4iff-9FMBFQ,27500,3,Y,lT4g2BT7iGk,https://www.youtube.com/watch?v=lT4g2BT7iGk,스페인이 이 땅을 지키지 못한 진짜 이유,11000,1.1만,31:04,1864,2026-09-12,4주 전,N,자체 제작,○ (Commons PD 회화·유물 사진 + 자체 그림 + 지도)
F1 스토리형 역사·문명 다큐(15~25분),역사여행,UCCEvBFx52AFs4iff-9FMBFQ,27500,4,Y,cvvW1jiviuQ,https://www.youtube.com/watch?v=cvvW1jiviuQ,추석 벌초 대행 맡겼더니 형제가 등을 돌린 이유 |  추석 벌초의 역사,56000,5.6만,34:35,2075,2026-09-10,1개월 전,N,자체 제작,○ (Commons PD 회화·유물 사진 + 자체 그림 + 지도)
F1 스토리형 역사·문명 다큐(15~25분),역사여행,UCCEvBFx52AFs4iff-9FMBFQ,27500,5,Y,7qeWL6fMPq4,https://www.youtube.com/watch?v=7qeWL6fMPq4,일본 방사선 물질까지 걸러낸 세계에서 가장 깨끗한 한국의 물 | 자면서 듣는 역사이야기,180000,18만,52:26,3146,2026-09-10,1개월 전,Y,자체 제작,○ (Commons PD 회화·유물 사진 + 자체 그림 + 지도)
F1 스토리형 역사·문명 다큐(15~25분),역사여행,UCCEvBFx52AFs4iff-9FMBFQ,27500,6,Y,fNAK-iALWHQ,https://www.youtube.com/watch?v=fNAK-iALWHQ,당신이 아는 로마 만찬 전부 틀렸습니다 | 로마인들이 누워서 밥 먹는 이유,74000,7.4만,54:39,3279,2026-09-10,1개월 전,N,자체 제작,○ (Commons PD 회화·유물 사진 + 자체 그림 + 지도)
F1 스토리형 역사·문명 다큐(15~25분),역사여행,UCCEvBFx52AFs4iff-9FMBFQ,27500,7,Y,MWPpUuYB_Ro,https://www.youtube.com/watch?v=MWPpUuYB_Ro,-40도 빙하기의 밤 살아서 아침을 맞는 방법 | 자면서 듣는 역사 이야기,330000,33만,41:17,2477,2026-09-10,1개월 전,Y,자체 제작,○ (Commons PD 회화·유물 사진 + 자체 그림 + 지도)
F1 스토리형 역사·문명 다큐(15~25분),역사여행,UCCEvBFx52AFs4iff-9FMBFQ,27500,8,Y,ILgC3nCNLJ8,https://www.youtube.com/watch?v=ILgC3nCNLJ8,지구의 온도가 기온1도가 떨어진다면? 교과서엔 안 나오는 참사의 역사,24000,2.4만,31:57,1917,2026-09-10,1개월 전,N,자체 제작,○ (Commons PD 회화·유물 사진 + 자체 그림 + 지도)
F1 스토리형 역사·문명 다큐(15~25분),역사여행,UCCEvBFx52AFs4iff-9FMBFQ,27500,9,Y,cqHHpq_5N7g,https://www.youtube.com/watch?v=cqHHpq_5N7g,왜 우리 역사책엔 이 대폭발이 없을까?백두산이 터지면 서울도 안전하지 않다,170000,17만,23:30,1410,2026-09-10,1개월 전,Y,자체 제작,○ (Commons PD 회화·유물 사진 + 자체 그림 + 지도)
F1 스토리형 역사·문명 다큐(15~25분),역사여행,UCCEvBFx52AFs4iff-9FMBFQ,27500,10,Y,X63G1sYXA-U,https://www.youtube.com/watch?v=X63G1sYXA-U,해수면상승이건 먼 미래가 아니다 이미 시작됐다. 한국에서 가장 먼저 잠기는 곳은?,710000,71만,42:50,2570,2026-09-10,1개월 전,Y,자체 제작,○ (Commons PD 회화·유물 사진 + 자체 그림 + 지도)
F1 스토리형 역사·문명 다큐(15~25분),역사여행,UCCEvBFx52AFs4iff-9FMBFQ,27500,11,Y,IDt9kI5SoEY,https://www.youtube.com/watch?v=IDt9kI5SoEY,진돗개를 살린 건 놀랍게도 일본이었습니다 왜 진돗개만 살아남았을까?,22000,2.2만,28:48,1728,2026-09-10,1개월 전,N,자체 제작,○ (Commons PD 회화·유물 사진 + 자체 그림 + 지도)
F1 스토리형 역사·문명 다큐(15~25분),역사여행,UCCEvBFx52AFs4iff-9FMBFQ,27500,12,Y,LHcuS4E9vkM,https://www.youtube.com/watch?v=LHcuS4E9vkM,전 세계 유일 '만든 사람'을 아는 문자 왜 한국만 자기 말을 쉽게 적을까?,44000,4.4만,35:55,2155,2026-09-10,1개월 전,N,자체 제작,○ (Commons PD 회화·유물 사진 + 자체 그림 + 지도)
F1 스토리형 역사·문명 다큐(15~25분),역사여행,UCCEvBFx52AFs4iff-9FMBFQ,27500,13,Y,f2ggOrdVcnU,https://www.youtube.com/watch?v=f2ggOrdVcnU,죽기 1년 전 진시황에게 일어난 소름 돋는 세가지 일,30000,3만,30:23,1823,2026-09-10,1개월 전,N,자체 제작,○ (Commons PD 회화·유물 사진 + 자체 그림 + 지도)
F1 스토리형 역사·문명 다큐(15~25분),역사여행,UCCEvBFx52AFs4iff-9FMBFQ,27500,14,Y,AIF8BsiXEBM,https://www.youtube.com/watch?v=AIF8BsiXEBM,신은 왜 이 땅에만 모든 걸 몰아줬을까?지도를 펼친 순간 전 세계가 말을 잃었다 한반도의 미친 지형,610000,61만,53:57,3237,2026-09-10,1개월 전,Y,자체 제작,○ (Commons PD 회화·유물 사진 + 자체 그림 + 지도)
F1 스토리형 역사·문명 다큐(15~25분),역사여행,UCCEvBFx52AFs4iff-9FMBFQ,27500,15,Y,5rroPVr_uHw,https://www.youtube.com/watch?v=5rroPVr_uHw,당태종이 죽을 때까지 숨기고 싶었던 단 하나| 왜 당태종은 안시성만 넘지 못했나?,2400,2.4천,14:52,892,2026-09-10,1개월 전,N,자체 제작,○ (Commons PD 회화·유물 사진 + 자체 그림 + 지도)
F1 스토리형 역사·문명 다큐(15~25분),역사여행,UCCEvBFx52AFs4iff-9FMBFQ,27500,16,Y,px6w36Zudys,https://www.youtube.com/watch?v=px6w36Zudys,자면서 듣는 역사 이야기 | 그 많던 발해 사람들은 전부 어디로 갔을까 백두산이 폭발하자 나라가 사라졌다?,73000,7.3만,1:00:56,3656,2026-09-10,1개월 전,N,자체 제작,○ (Commons PD 회화·유물 사진 + 자체 그림 + 지도)
F1 스토리형 역사·문명 다큐(15~25분),역사여행,UCCEvBFx52AFs4iff-9FMBFQ,27500,17,Y,A5p5XCMhzP4,https://www.youtube.com/watch?v=A5p5XCMhzP4,만주에서 잊혀진 216만명 한국인들의 마지막 이야기,86000,8.6만,37:43,2263,2026-09-10,1개월 전,N,자체 제작,○ (Commons PD 회화·유물 사진 + 자체 그림 + 지도)
F1 스토리형 역사·문명 다큐(15~25분),지식해적단,UC9cCBxBAQW2CzLYeT20q49A,1410000,1,N,54Y-yTB3hTk,https://www.youtube.com/watch?v=54Y-yTB3hTk,💀 2차세계대전 🇺🇸미국편 몰아보기 (2시간 40분 순삭) / 💀 31화~40화,130000,13만,2:41:30,9690,2026-10-09,1일 전,Y,자체 제작,○ (Commons PD 회화·유물 사진 + 자체 그림 + 지도)
F1 스토리형 역사·문명 다큐(15~25분),지식해적단,UC9cCBxBAQW2CzLYeT20q49A,1410000,2,N,wLlNA7XfGmA,https://www.youtube.com/watch?v=wLlNA7XfGmA,💀 전자담배 액상만 세금 올리는 이유 / 💀 전자담배는 그동안 담배가 아니었다…?,760000,76만,14:11,851,2026-10-05,5일 전,Y,자체 제작,○ (Commons PD 회화·유물 사진 + 자체 그림 + 지도)
F1 스토리형 역사·문명 다큐(15~25분),지식해적단,UC9cCBxBAQW2CzLYeT20q49A,1410000,3,Y,W02vH8eGVtQ,https://www.youtube.com/watch?v=W02vH8eGVtQ,💀 2차세계대전 🇺🇸미국편 10화 (完) / 💀 마닐라 탈환!! 🇯🇵일본 앞마당까지 진출한 🇺🇸미군 ㄷㄷ,710000,71만,18:38,1118,2026-09-26,2주 전,Y,자체 제작,○ (Commons PD 회화·유물 사진 + 자체 그림 + 지도)
F1 스토리형 역사·문명 다큐(15~25분),지식해적단,UC9cCBxBAQW2CzLYeT20q49A,1410000,4,Y,HUe_ivO_smw,https://www.youtube.com/watch?v=HUe_ivO_smw,💀 친구따라 강남간다…? 아니 나락간다 / 💀 주식으로 장난 치면 안되는 이유,310000,31만,14:46,886,2026-09-19,3주 전,Y,자체 제작,○ (Commons PD 회화·유물 사진 + 자체 그림 + 지도)
F1 스토리형 역사·문명 다큐(15~25분),지식해적단,UC9cCBxBAQW2CzLYeT20q49A,1410000,5,Y,J-PrL3eM33U,https://www.youtube.com/watch?v=J-PrL3eM33U,💀 호칭 인플레이션?? 왜 일어나는 걸까 / 💀 한국어 화자들이 피곤한 이유,980000,98만,16:38,998,2026-09-10,1개월 전,Y,자체 제작,○ (Commons PD 회화·유물 사진 + 자체 그림 + 지도)
F1 스토리형 역사·문명 다큐(15~25분),지식해적단,UC9cCBxBAQW2CzLYeT20q49A,1410000,6,Y,5JTEU99XKb0,https://www.youtube.com/watch?v=5JTEU99XKb0,💀 2차세계대전 🇺🇸미국편 9화 / 💀 인류 역사상 최대의 해전… 레이테만 해전!!,550000,55만,17:24,1044,2026-09-10,1개월 전,Y,자체 제작,○ (Commons PD 회화·유물 사진 + 자체 그림 + 지도)
F1 스토리형 역사·문명 다큐(15~25분),지식해적단,UC9cCBxBAQW2CzLYeT20q49A,1410000,7,Y,7wDZLR2ZfN4,https://www.youtube.com/watch?v=7wDZLR2ZfN4,💀 2차세계대전 🇺🇸미국편 8화 / 💀 일본의 마지막 반격! 효과는 굉장했다…?!!!,370000,37만,19:06,1146,2026-08-11,2개월 전,Y,자체 제작,○ (Commons PD 회화·유물 사진 + 자체 그림 + 지도)
F1 스토리형 역사·문명 다큐(15~25분),지식해적단,UC9cCBxBAQW2CzLYeT20q49A,1410000,8,Y,LJcY1B8bPVI,https://www.youtube.com/watch?v=LJcY1B8bPVI,💀 2차세계대전 🇺🇸미국편 7화 / 💀 필리핀해 해전... 칠면조 사냥 드가자~!!!,330000,33만,20:24,1224,2026-08-11,2개월 전,Y,자체 제작,○ (Commons PD 회화·유물 사진 + 자체 그림 + 지도)
F1 스토리형 역사·문명 다큐(15~25분),지식해적단,UC9cCBxBAQW2CzLYeT20q49A,1410000,9,Y,FYnOVZMzctE,https://www.youtube.com/watch?v=FYnOVZMzctE,💀 고도로 발달된 참외는 멜론🍈과 구분할 수 없다 / 💀 참외를 한국인🇰🇷들만 먹는 이유,440000,44만,16:29,989,2026-08-11,2개월 전,Y,자체 제작,○ (Commons PD 회화·유물 사진 + 자체 그림 + 지도)
F1 스토리형 역사·문명 다큐(15~25분),지식해적단,UC9cCBxBAQW2CzLYeT20q49A,1410000,10,Y,m89oz3WEv8I,https://www.youtube.com/watch?v=m89oz3WEv8I,💀 동양인은 원래 하얗다니까??? / 💀인종별로 피부색이 달라진 이유,550000,55만,20:55,1255,2026-07-11,3개월 전,Y,자체 제작,○ (Commons PD 회화·유물 사진 + 자체 그림 + 지도)
F1 스토리형 역사·문명 다큐(15~25분),지식해적단,UC9cCBxBAQW2CzLYeT20q49A,1410000,11,Y,OKpqgTqM9ZU,https://www.youtube.com/watch?v=OKpqgTqM9ZU,💀 후보 간에 득표 수가 똑같으면 어떻게 될까?? / 💀 유교 민주주의 ㄷㄷ,88000,8.8만,7:47,467,2026-07-11,3개월 전,N,자체 제작,○ (Commons PD 회화·유물 사진 + 자체 그림 + 지도)
F1 스토리형 역사·문명 다큐(15~25분),지식해적단,UC9cCBxBAQW2CzLYeT20q49A,1410000,12,Y,9nLrUnE3Ozk,https://www.youtube.com/watch?v=9nLrUnE3Ozk,💀 2차세계대전 🇺🇸미국편 6화 / 💀 임팔작전 받고 대륙타통작전까지 ㄱㄱ,260000,26만,16:50,1010,2026-07-11,3개월 전,Y,자체 제작,○ (Commons PD 회화·유물 사진 + 자체 그림 + 지도)
F1 스토리형 역사·문명 다큐(15~25분),지식해적단,UC9cCBxBAQW2CzLYeT20q49A,1410000,13,Y,76lxqBnef2o,https://www.youtube.com/watch?v=76lxqBnef2o,💀 2차세계대전 🇺🇸미국편 5화 / 💀 동양의 스탈린그라드… 창더 전투!!,270000,27만,15:17,917,2026-06-11,4개월 전,Y,자체 제작,○ (Commons PD 회화·유물 사진 + 자체 그림 + 지도)
F1 스토리형 역사·문명 다큐(15~25분),지식해적단,UC9cCBxBAQW2CzLYeT20q49A,1410000,14,Y,pQSw_SdrTaE,https://www.youtube.com/watch?v=pQSw_SdrTaE,💀 2차세계대전 🇺🇸미국편 4화 / 💀 이제야 기어나온 공산당🇨🇳,330000,33만,16:43,1003,2026-06-11,4개월 전,Y,자체 제작,○ (Commons PD 회화·유물 사진 + 자체 그림 + 지도)
F1 스토리형 역사·문명 다큐(15~25분),지식해적단,UC9cCBxBAQW2CzLYeT20q49A,1410000,15,Y,jLIIU2MwBvc,https://www.youtube.com/watch?v=jLIIU2MwBvc,💀 몽골🇲🇳이 한국🇰🇷을 좋아하는 이유 / 💀 고려시대부터 시작됨 ㄷㄷ,950000,95만,19:01,1141,2026-06-11,4개월 전,Y,자체 제작,○ (Commons PD 회화·유물 사진 + 자체 그림 + 지도)
F1 스토리형 역사·문명 다큐(15~25분),지식해적단,UC9cCBxBAQW2CzLYeT20q49A,1410000,16,Y,IAxahflvzjU,https://www.youtube.com/watch?v=IAxahflvzjU,💀 미국🇺🇸이 원유를 수입해야 하는 이유 / 💀 세계 1위 산유국인데…???,930000,93만,15:20,920,2026-05-11,5개월 전,Y,자체 제작,○ (Commons PD 회화·유물 사진 + 자체 그림 + 지도)
F1 스토리형 역사·문명 다큐(15~25분),지식해적단,UC9cCBxBAQW2CzLYeT20q49A,1410000,17,Y,8nhJ-BMBuws,https://www.youtube.com/watch?v=8nhJ-BMBuws,💀 진짜 이상한 과일 / 💀 아보카도🥑의 간략한 역사,360000,36만,14:02,842,2026-04-11,6개월 전,Y,자체 제작,○ (Commons PD 회화·유물 사진 + 자체 그림 + 지도)
F2 수면 역사·신화 낭독(1~2시간),잘듣세 - 잘 때 듣는 세계사,UCgMppGtIOm5KrXqTHcWwjvA,167000,1,N,zQ-WS30CA0k,https://www.youtube.com/watch?v=zQ-WS30CA0k,🌙성우 이지선 낭독 | 가장 처절했던 철학자 니체 일대기 풀버전 | 잘듣세,110000,11만,1:17:29,4649,2026-10-06,4일 전,Y,자체 제작,△ (스틸 루프라 가능하지만 60분+는 95MB 초과 위험)
F2 수면 역사·신화 낭독(1~2시간),잘듣세 - 잘 때 듣는 세계사,UCgMppGtIOm5KrXqTHcWwjvA,167000,2,N,3BeGsxgMYCs,https://www.youtube.com/watch?v=3BeGsxgMYCs,🌙성우 이지선 낭독 | 드라마보다 더 재미있는 신라 1000년 풀스토리 | 잘듣세,240000,24만,1:21:47,4907,2026-09-28,12일 전,Y,자체 제작,△ (스틸 루프라 가능하지만 60분+는 95MB 초과 위험)
F2 수면 역사·신화 낭독(1~2시간),잘듣세 - 잘 때 듣는 세계사,UCgMppGtIOm5KrXqTHcWwjvA,167000,3,Y,RGZ5lN8P7Gc,https://www.youtube.com/watch?v=RGZ5lN8P7Gc,🌙성우 이지선 낭독 | 번뇌가 사라지고 저절로 외워지는 동양 철학(순자·한비자·석가모니·혜능·주희)|잘듣세,290000,29만,53:13,3193,2026-09-26,2주 전,Y,자체 제작,△ (스틸 루프라 가능하지만 60분+는 95MB 초과 위험)
F2 수면 역사·신화 낭독(1~2시간),잘듣세 - 잘 때 듣는 세계사,UCgMppGtIOm5KrXqTHcWwjvA,167000,4,Y,WNIcdIGs3cI,https://www.youtube.com/watch?v=WNIcdIGs3cI,🌙성우 이지선 낭독 | 듣다 보면 5분 만에 잠드는 동양 철학 1부 (공자·묵자·노자·장자·맹자) | 잘듣세,840000,84만,56:48,3408,2026-09-19,3주 전,Y,자체 제작,△ (스틸 루프라 가능하지만 60분+는 95MB 초과 위험)
F2 수면 역사·신화 낭독(1~2시간),잘듣세 - 잘 때 듣는 세계사,UCgMppGtIOm5KrXqTHcWwjvA,167000,5,Y,zOSDCQ2Q1dQ,https://www.youtube.com/watch?v=zOSDCQ2Q1dQ,🌙성우 이지선 낭독 | 영화보다 10배 재밌는 트로이 전쟁과 오디세이 완결판 | 잘듣세,240000,24만,2:17:06,8226,2026-09-10,1개월 전,Y,자체 제작,△ (스틸 루프라 가능하지만 60분+는 95MB 초과 위험)
F2 수면 역사·신화 낭독(1~2시간),잘듣세 - 잘 때 듣는 세계사,UCgMppGtIOm5KrXqTHcWwjvA,167000,6,Y,qbc8clunueY,https://www.youtube.com/watch?v=qbc8clunueY,🌙성우 이지선 낭독 | 드라마보다 더 재밌는 백제 700년 풀스토리 | 잘듣세,880000,88만,1:08:48,4128,2026-09-10,1개월 전,Y,자체 제작,△ (스틸 루프라 가능하지만 60분+는 95MB 초과 위험)
F2 수면 역사·신화 낭독(1~2시간),잘듣세 - 잘 때 듣는 세계사,UCgMppGtIOm5KrXqTHcWwjvA,167000,7,Y,ma8HYUG8jOE,https://www.youtube.com/watch?v=ma8HYUG8jOE,🌙성우 이지선 낭독 | 트로이 목마의 진실과 그리스 신화 5대 미스터리 | 잘듣세,280000,28만,58:06,3486,2026-09-10,1개월 전,Y,자체 제작,△ (스틸 루프라 가능하지만 60분+는 95MB 초과 위험)
F2 수면 역사·신화 낭독(1~2시간),잘듣세 - 잘 때 듣는 세계사,UCgMppGtIOm5KrXqTHcWwjvA,167000,8,Y,oF6sbiIbTpk,https://www.youtube.com/watch?v=oF6sbiIbTpk,🌙성우 이지선 낭독 | 조선왕조 500년 숙종편 | 잘듣세,330000,33만,51:34,3094,2026-09-10,1개월 전,Y,자체 제작,△ (스틸 루프라 가능하지만 60분+는 95MB 초과 위험)
F2 수면 역사·신화 낭독(1~2시간),잘듣세 - 잘 때 듣는 세계사,UCgMppGtIOm5KrXqTHcWwjvA,167000,9,Y,vvIwQGUT140,https://www.youtube.com/watch?v=vvIwQGUT140,🌙성우 이지선 낭독 | 영화보다 더 재미있어 밤새 듣다 잠드는 오디세이아 | 잘듣세,460000,46만,1:14:10,4450,2026-08-11,2개월 전,Y,자체 제작,△ (스틸 루프라 가능하지만 60분+는 95MB 초과 위험)
F2 수면 역사·신화 낭독(1~2시간),잘듣세 - 잘 때 듣는 세계사,UCgMppGtIOm5KrXqTHcWwjvA,167000,10,Y,uAgKCmq1P9o,https://www.youtube.com/watch?v=uAgKCmq1P9o,🌙성우 이지선 낭독 | 마르틴 루터의 종교개혁 풀스토리| 잘듣세,250000,25만,49:29,2969,2026-08-11,2개월 전,Y,자체 제작,△ (스틸 루프라 가능하지만 60분+는 95MB 초과 위험)
F2 수면 역사·신화 낭독(1~2시간),잘듣세 - 잘 때 듣는 세계사,UCgMppGtIOm5KrXqTHcWwjvA,167000,11,Y,h3QcHnveYsw,https://www.youtube.com/watch?v=h3QcHnveYsw,🌙성우 이지선 낭독 | 120년 중동 잔혹사 : 검은 보물의 저주 | 잘듣세,160000,16만,1:03:09,3789,2026-08-11,2개월 전,Y,자체 제작,△ (스틸 루프라 가능하지만 60분+는 95MB 초과 위험)
F2 수면 역사·신화 낭독(1~2시간),잘듣세 - 잘 때 듣는 세계사,UCgMppGtIOm5KrXqTHcWwjvA,167000,12,Y,eA1QbWDuk-E,https://www.youtube.com/watch?v=eA1QbWDuk-E,🌙성우 이지선 낭독 | 드라마보다 더 재밌는 고려사 풀스토리 | 잘듣세,400000,40만,1:01:45,3705,2026-08-11,2개월 전,Y,자체 제작,△ (스틸 루프라 가능하지만 60분+는 95MB 초과 위험)
F2 수면 역사·신화 낭독(1~2시간),잘듣세 - 잘 때 듣는 세계사,UCgMppGtIOm5KrXqTHcWwjvA,167000,13,Y,ViE04ZpCWjk,https://www.youtube.com/watch?v=ViE04ZpCWjk,🌙성우 이지선 낭독 | 초원의 가장 약한 소년이 세운 역사상 가장 거대한 몽골제국 | 잘듣세,100000,10만,56:44,3404,2026-08-11,2개월 전,Y,자체 제작,△ (스틸 루프라 가능하지만 60분+는 95MB 초과 위험)
F2 수면 역사·신화 낭독(1~2시간),잘듣세 - 잘 때 듣는 세계사,UCgMppGtIOm5KrXqTHcWwjvA,167000,14,Y,pxHoP7doVNs,https://www.youtube.com/watch?v=pxHoP7doVNs,🌙성우 이지선 낭독 | 제단 위에 올려진 저주의 문서 기독교를 천년 동안 갈라놓다 | 잘듣세,200000,20만,48:47,2927,2026-07-11,3개월 전,Y,자체 제작,△ (스틸 루프라 가능하지만 60분+는 95MB 초과 위험)
F2 수면 역사·신화 낭독(1~2시간),잘듣세 - 잘 때 듣는 세계사,UCgMppGtIOm5KrXqTHcWwjvA,167000,15,Y,3Iiv7zXDO-E,https://www.youtube.com/watch?v=3Iiv7zXDO-E,🌙성우 이지선 낭독 | 17세기 네덜란드를 들뜨게 만든 튤립버블 | 잘듣세,70000,7만,53:16,3196,2026-07-11,3개월 전,N,자체 제작,△ (스틸 루프라 가능하지만 60분+는 95MB 초과 위험)
F2 수면 역사·신화 낭독(1~2시간),잘듣세 - 잘 때 듣는 세계사,UCgMppGtIOm5KrXqTHcWwjvA,167000,16,Y,INUmJgPgYRk,https://www.youtube.com/watch?v=INUmJgPgYRk,🌙성우 이지선 낭독 | 고대 도시들이 증발한 이유 | 잘듣세,270000,27만,57:37,3457,2026-07-11,3개월 전,Y,자체 제작,△ (스틸 루프라 가능하지만 60분+는 95MB 초과 위험)
F2 수면 역사·신화 낭독(1~2시간),잘듣세 - 잘 때 듣는 세계사,UCgMppGtIOm5KrXqTHcWwjvA,167000,17,Y,T8GZuJZtc7g,https://www.youtube.com/watch?v=T8GZuJZtc7g,🌙성우 이지선 낭독 | 맥아더의 도박과 인천상륙작전 : 6.25 전쟁 풀스토리 | 잘듣세,370000,37만,42:57,2577,2026-07-11,3개월 전,Y,자체 제작,△ (스틸 루프라 가능하지만 60분+는 95MB 초과 위험)
F2 수면 역사·신화 낭독(1~2시간),"깊은 밤, 이야기",UCiP3mCFIOjSJ2hNm3a77QFw,113000,1,N,VdVc4NZlg7g,https://www.youtube.com/watch?v=VdVc4NZlg7g,"⚡신들의 탄생부터 오디세이까지｜📜바로 잠드는 그리스로마신화 통합본｜깊은 밤, 이야기",75000,7.5만,13:44:30,49470,2026-09-26,2주 전,N,자체 제작,△ (스틸 루프라 가능하지만 60분+는 95MB 초과 위험)
F2 수면 역사·신화 낭독(1~2시간),"깊은 밤, 이야기",UCiP3mCFIOjSJ2hNm3a77QFw,113000,2,N,liQZ4CsMfas,https://www.youtube.com/watch?v=liQZ4CsMfas,"🔮당신이 모르는 당신을 알려드립니다🔮｜눈 감고 듣는 칼 융의 심리학 🛌 ｜깊은 밤, 이야기",94000,9.4만,48:01,2881,2026-09-26,2주 전,N,자체 제작,△ (스틸 루프라 가능하지만 60분+는 95MB 초과 위험)
F2 수면 역사·신화 낭독(1~2시간),"깊은 밤, 이야기",UCiP3mCFIOjSJ2hNm3a77QFw,113000,3,Y,QikKm8jSAQE,https://www.youtube.com/watch?v=QikKm8jSAQE,"⚔️ 트로이 함락, 나는 잠에 함락 😴｜📜 누워서 듣는 트로이 전쟁｜깊은 밤, 이야기",71000,7.1만,4:02:07,14527,2026-09-19,3주 전,N,자체 제작,△ (스틸 루프라 가능하지만 60분+는 95MB 초과 위험)
F2 수면 역사·신화 낭독(1~2시간),"깊은 밤, 이야기",UCiP3mCFIOjSJ2hNm3a77QFw,113000,4,Y,n2x2TUL3XxU,https://www.youtube.com/watch?v=n2x2TUL3XxU,"🚨 이제 주무소서!! 내일 아침이 두렵지도 않으십니까!!!! 🚨｜📜 그리스 로마 신화 (2부) | 깊은 밤, 이야기",87000,8.7만,3:54:10,14050,2026-09-10,1개월 전,N,자체 제작,△ (스틸 루프라 가능하지만 60분+는 95MB 초과 위험)
F2 수면 역사·신화 낭독(1~2시간),"깊은 밤, 이야기",UCiP3mCFIOjSJ2hNm3a77QFw,113000,5,Y,4rg-RNNr-1g,https://www.youtube.com/watch?v=4rg-RNNr-1g,"😴 당신의 수면 도우미로 신을 섭외했습니다⚡｜📜 그리스 로마 신화 (1부) | 깊은 밤, 이야기",340000,34만,3:46:36,13596,2026-09-10,1개월 전,Y,자체 제작,△ (스틸 루프라 가능하지만 60분+는 95MB 초과 위험)
F2 수면 역사·신화 낭독(1~2시간),"깊은 밤, 이야기",UCiP3mCFIOjSJ2hNm3a77QFw,113000,6,Y,oNus-ABFtdw,https://www.youtube.com/watch?v=oNus-ABFtdw,"나라의 이름이 빼앗기고, 다시 되찾기까지의 35년 🇰🇷 | 일제강점기의 역사 | 깊은 밤, 이야기",56000,5.6만,2:41:59,9719,2026-09-10,1개월 전,N,자체 제작,△ (스틸 루프라 가능하지만 60분+는 95MB 초과 위험)
F2 수면 역사·신화 낭독(1~2시간),"깊은 밤, 이야기",UCiP3mCFIOjSJ2hNm3a77QFw,113000,7,Y,u7XtozqUZC4,https://www.youtube.com/watch?v=u7XtozqUZC4,"왔다 내 수면제 💊 코르시카 촌놈이 황제가 되기까지 🇫🇷 자면서 듣는 나폴레옹 일대기｜깊은 밤, 이야기",140000,14만,2:04:19,7459,2026-08-11,2개월 전,Y,자체 제작,△ (스틸 루프라 가능하지만 60분+는 95MB 초과 위험)
F2 수면 역사·신화 낭독(1~2시간),"깊은 밤, 이야기",UCiP3mCFIOjSJ2hNm3a77QFw,113000,8,Y,CcJHb0M9C1U,https://www.youtube.com/watch?v=CcJHb0M9C1U,"이 사람은 집 가는 데 10년⛵ 나는 잠드는데 10분 💤 | 이야기로 듣는 『오디세이아』｜깊은 밤, 이야기",570000,57만,2:09:13,7753,2026-08-11,2개월 전,Y,자체 제작,△ (스틸 루프라 가능하지만 60분+는 95MB 초과 위험)
F2 수면 역사·신화 낭독(1~2시간),"깊은 밤, 이야기",UCiP3mCFIOjSJ2hNm3a77QFw,113000,9,Y,o3Xr9PP1n9c,https://www.youtube.com/watch?v=o3Xr9PP1n9c,"🌙 틀어놓고 주무세요: 하룻밤에 듣는 조선왕조 500년의 역사｜깊은 밤, 이야기",110000,11만,5:05:04,18304,2026-08-11,2개월 전,Y,자체 제작,△ (스틸 루프라 가능하지만 60분+는 95MB 초과 위험)
F2 수면 역사·신화 낭독(1~2시간),"깊은 밤, 이야기",UCiP3mCFIOjSJ2hNm3a77QFw,113000,10,Y,NzhJA80o7cE,https://www.youtube.com/watch?v=NzhJA80o7cE,"🌙 틀어놓고 주무세요: 모든 근대 철학이 그에게서 시작되었다, 임마누엘 칸트의 인생｜깊은 밤, 이야기",64000,6.4만,2:17:31,8251,2026-08-11,2개월 전,N,자체 제작,△ (스틸 루프라 가능하지만 60분+는 95MB 초과 위험)
F2 수면 역사·신화 낭독(1~2시간),"깊은 밤, 이야기",UCiP3mCFIOjSJ2hNm3a77QFw,113000,11,Y,IfaApRZUj80,https://www.youtube.com/watch?v=IfaApRZUj80,"🌙 틀어놓고 주무세요: 여섯 번 결혼하고, 그중 두 명을 처형한 왕 헨리 8세의 이야기｜깊은 밤, 이야기",68000,6.8만,1:56:46,7006,2026-07-11,3개월 전,N,자체 제작,△ (스틸 루프라 가능하지만 60분+는 95MB 초과 위험)
F2 수면 역사·신화 낭독(1~2시간),"깊은 밤, 이야기",UCiP3mCFIOjSJ2hNm3a77QFw,113000,12,Y,_CiFNEj8AyI,https://www.youtube.com/watch?v=_CiFNEj8AyI,"🌙 틀어놓고 주무세요: 중국은 왜 수천 년 동안 만리장성 건설에 집착했을까｜깊은 밤, 이야기",68000,6.8만,1:14:48,4488,2026-07-11,3개월 전,N,자체 제작,△ (스틸 루프라 가능하지만 60분+는 95MB 초과 위험)
F2 수면 역사·신화 낭독(1~2시간),"깊은 밤, 이야기",UCiP3mCFIOjSJ2hNm3a77QFw,113000,13,Y,G3yP_huoa5E,https://www.youtube.com/watch?v=G3yP_huoa5E,"🌙 틀어놓고 주무세요: 작은 어촌이었던 도쿄는 어떻게 일본의 수도가 되었는가｜깊은 밤, 이야기",280000,28만,1:42:12,6132,2026-07-11,3개월 전,Y,자체 제작,△ (스틸 루프라 가능하지만 60분+는 95MB 초과 위험)
F2 수면 역사·신화 낭독(1~2시간),"깊은 밤, 이야기",UCiP3mCFIOjSJ2hNm3a77QFw,113000,14,Y,fD3CEaiXCj0,https://www.youtube.com/watch?v=fD3CEaiXCj0,"🌙 틀어놓고 주무세요: 건국부터 멸망까지, 누워서 듣는 고대 로마의 역사｜깊은 밤, 이야기",170000,17만,2:22:34,8554,2026-07-11,3개월 전,Y,자체 제작,△ (스틸 루프라 가능하지만 60분+는 95MB 초과 위험)
F2 수면 역사·신화 낭독(1~2시간),"깊은 밤, 이야기",UCiP3mCFIOjSJ2hNm3a77QFw,113000,15,Y,IBTfbSTAY_w,https://www.youtube.com/watch?v=IBTfbSTAY_w,"🌙 틀어놓고 주무세요: 40억 인구가 4년을 기다리는 이유, 월드컵의 역사｜깊은 밤, 이야기",100000,10만,2:14:23,8063,2026-06-11,4개월 전,Y,자체 제작,△ (스틸 루프라 가능하지만 60분+는 95MB 초과 위험)
F2 수면 역사·신화 낭독(1~2시간),"깊은 밤, 이야기",UCiP3mCFIOjSJ2hNm3a77QFw,113000,16,Y,6cDGHoPTHBc,https://www.youtube.com/watch?v=6cDGHoPTHBc,"🌙 틀어놓고 주무세요: 춘추전국시대, 긴 분열을 끝내고 천하통일을 이룩하기까지｜깊은 밤, 이야기",240000,24만,3:10:39,11439,2026-06-11,4개월 전,Y,자체 제작,△ (스틸 루프라 가능하지만 60분+는 95MB 초과 위험)
F2 수면 역사·신화 낭독(1~2시간),"깊은 밤, 이야기",UCiP3mCFIOjSJ2hNm3a77QFw,113000,17,Y,5_oHozPJjXk,https://www.youtube.com/watch?v=5_oHozPJjXk,"🌙 틀어놓고 주무세요: 기존의 가치를 파괴한 철학자, 니체의 일생｜깊은 밤, 이야기",270000,27만,1:44:53,6293,2026-06-11,4개월 전,Y,자체 제작,△ (스틸 루프라 가능하지만 60분+는 95MB 초과 위험)
F2 수면 역사·신화 낭독(1~2시간),달빛 세계사,UC8cs_ZKc6AUwbQTNa9_XQ_Q,17500,1,N,-s8Uu96w5LI,https://www.youtube.com/watch?v=-s8Uu96w5LI,"한편으로 끝내는 미국역사, 어떻게 세계 1위 괴물이 되었나? 미국의 기막힌 생존법 퓰스토리 ",30000,3만,57:22,3442,2026-09-19,3주 전,N,자체 제작,△ (스틸 루프라 가능하지만 60분+는 95MB 초과 위험)
F2 수면 역사·신화 낭독(1~2시간),달빛 세계사,UC8cs_ZKc6AUwbQTNa9_XQ_Q,17500,2,N,GQ8MgS91qIQ,https://www.youtube.com/watch?v=GQ8MgS91qIQ,"피라미드보다 오래된 도시, 인간은 신들의 노예였다: 흙으로 빚은 인류 최초의 문명, 수메르 5천 년의 기록",34000,3.4만,1:15:21,4521,2026-09-12,4주 전,N,자체 제작,△ (스틸 루프라 가능하지만 60분+는 95MB 초과 위험)
F2 수면 역사·신화 낭독(1~2시간),달빛 세계사,UC8cs_ZKc6AUwbQTNa9_XQ_Q,17500,3,Y,uPQqFJPYhwQ,https://www.youtube.com/watch?v=uPQqFJPYhwQ,"한 뿌리의 세 종교, 유대교·기독교·이슬람교의 차이 l 종교전쟁의 시작 l 왜 원수가 되었을까?",180000,18만,2:11:42,7902,2026-09-10,1개월 전,Y,자체 제작,△ (스틸 루프라 가능하지만 60분+는 95MB 초과 위험)
F2 수면 역사·신화 낭독(1~2시간),달빛 세계사,UC8cs_ZKc6AUwbQTNa9_XQ_Q,17500,4,Y,bgzj5B1lgr4,https://www.youtube.com/watch?v=bgzj5B1lgr4,"지구상에서 8,000만 명이 사라진 이유: 인류 최악의 전쟁사 [제2차 세계대전 몰아보기]",48000,4.8만,2:04:59,7499,2026-09-10,1개월 전,N,자체 제작,△ (스틸 루프라 가능하지만 60분+는 95MB 초과 위험)
F2 수면 역사·신화 낭독(1~2시간),달빛 세계사,UC8cs_ZKc6AUwbQTNa9_XQ_Q,17500,5,Y,IAH_sL2e9uo,https://www.youtube.com/watch?v=IAH_sL2e9uo,찬란했던 당나라 일대기: 피로 시작해 눈물로 끝난 289년 당나라 영광과 파멸의 역사 풀스토리,360000,36만,1:41:00,6060,2026-09-10,1개월 전,Y,자체 제작,△ (스틸 루프라 가능하지만 60분+는 95MB 초과 위험)
F2 수면 역사·신화 낭독(1~2시간),달빛 세계사,UC8cs_ZKc6AUwbQTNa9_XQ_Q,17500,6,Y,EjRxsCOhmGY,https://www.youtube.com/watch?v=EjRxsCOhmGY,유럽을 공포에 떨게 한 600년 이슬람 제국은 왜 흔적도 없이 사라졌을까? | 오스만 제국사 풀스토리,690000,69만,1:17:23,4643,2026-09-10,1개월 전,Y,자체 제작,△ (스틸 루프라 가능하지만 60분+는 95MB 초과 위험)
F2 수면 역사·신화 낭독(1~2시간),달빛 세계사,UC8cs_ZKc6AUwbQTNa9_XQ_Q,17500,7,Y,h818XOD9ngc,https://www.youtube.com/watch?v=h818XOD9ngc,"피의 제국 '아즈텍' vs 탐욕과 화약으로 무장한 침략자 '코르테스', 단 500명에게 멸망당했다. 아즈텍 역사 풀스토리",5700,5.7천,54:15,3255,2026-09-10,1개월 전,N,자체 제작,△ (스틸 루프라 가능하지만 60분+는 95MB 초과 위험)
F2 수면 역사·신화 낭독(1~2시간),달빛 세계사,UC8cs_ZKc6AUwbQTNa9_XQ_Q,17500,8,Y,yI3VjgieFOI,https://www.youtube.com/watch?v=yI3VjgieFOI,"영화 《오디세이》 이전, 트로이에선 대체 무슨일이 있었나?  호메로스 원작 『일리아스』완벽 해설, 알고보면 더 재밌다!",42000,4.2만,55:08,3308,2026-09-10,1개월 전,N,자체 제작,△ (스틸 루프라 가능하지만 60분+는 95MB 초과 위험)
F2 수면 역사·신화 낭독(1~2시간),달빛 세계사,UC8cs_ZKc6AUwbQTNa9_XQ_Q,17500,9,Y,dVXE7th-scA,https://www.youtube.com/watch?v=dVXE7th-scA,"로마의 건국부터 멸망까지, 로마 천년 역사 완벽 정리",210000,21만,1:51:33,6693,2026-09-10,1개월 전,Y,자체 제작,△ (스틸 루프라 가능하지만 60분+는 95MB 초과 위험)
F2 수면 역사·신화 낭독(1~2시간),달빛 세계사,UC8cs_ZKc6AUwbQTNa9_XQ_Q,17500,10,Y,y9_igVqj-rg,https://www.youtube.com/watch?v=y9_igVqj-rg,"살아남은 자만 전사가 되는 나라 — 강철의 제국 스파르타 1,000년 역사 완벽 정리",31000,3.1만,59:02,3542,2026-09-10,1개월 전,N,자체 제작,△ (스틸 루프라 가능하지만 60분+는 95MB 초과 위험)
F2 수면 역사·신화 낭독(1~2시간),달빛 세계사,UC8cs_ZKc6AUwbQTNa9_XQ_Q,17500,11,Y,kg5ajbyBAQY,https://www.youtube.com/watch?v=kg5ajbyBAQY,"나라를 빼앗기고 이름을 빼앗겼던 일제강점기 35년의 참혹한 역사, 일제강점기 총정리",1700,1.7천,1:02:30,3750,2026-09-10,1개월 전,N,자체 제작,△ (스틸 루프라 가능하지만 60분+는 95MB 초과 위험)
F2 수면 역사·신화 낭독(1~2시간),달빛 세계사,UC8cs_ZKc6AUwbQTNa9_XQ_Q,17500,12,Y,ilghWoruysE,https://www.youtube.com/watch?v=ilghWoruysE,"초고대문명, 세계 최초의 완벽한 도시가 사라진 이유, 인더스 문명 5,000년의 수수께끼 [🌙수면 오디오북]",52000,5.2만,53:17,3197,2026-08-11,2개월 전,N,자체 제작,△ (스틸 루프라 가능하지만 60분+는 95MB 초과 위험)
F2 수면 역사·신화 낭독(1~2시간),달빛 세계사,UC8cs_ZKc6AUwbQTNa9_XQ_Q,17500,13,Y,DtBRxDsiiN8,https://www.youtube.com/watch?v=DtBRxDsiiN8,"《왕좌의 게임》실제 모델, 친족끼리 피비린내나게 싸운 영국 왕위 찬탈전. 장미전쟁 풀스토리",70000,7만,1:14:30,4470,2026-08-11,2개월 전,N,자체 제작,△ (스틸 루프라 가능하지만 60분+는 95MB 초과 위험)
F2 수면 역사·신화 낭독(1~2시간),달빛 세계사,UC8cs_ZKc6AUwbQTNa9_XQ_Q,17500,14,Y,DAc08d5Tguk,https://www.youtube.com/watch?v=DAc08d5Tguk,"막부의 탄생부터 전국시대, 메이지 유신, 제국주의 폭주와 버블 붕괴까지 한 번에 끝내는 일본사 총정리 [🌙꿀잠 오디오북]",130000,13만,1:24:15,5055,2026-08-11,2개월 전,Y,자체 제작,△ (스틸 루프라 가능하지만 60분+는 95MB 초과 위험)
F2 수면 역사·신화 낭독(1~2시간),달빛 세계사,UC8cs_ZKc6AUwbQTNa9_XQ_Q,17500,15,Y,_KdSJr42TXI,https://www.youtube.com/watch?v=_KdSJr42TXI,"그리스 로마 신화 완벽 정리 : 태초의 창세부터 올림포스 12신, 트로이 전쟁의 종말까지 [🌙꿀잠 오디오북]",400000,40만,1:20:16,4816,2026-08-11,2개월 전,Y,자체 제작,△ (스틸 루프라 가능하지만 60분+는 95MB 초과 위험)
F2 수면 역사·신화 낭독(1~2시간),달빛 세계사,UC8cs_ZKc6AUwbQTNa9_XQ_Q,17500,16,Y,nYixC_xwSMc,https://www.youtube.com/watch?v=nYixC_xwSMc,세계 인구 0.2%의 유대인이 지구를 움직이는 진짜 이유 ㅣ 유대인 역사 완벽 정리 [🌙꿀잠 오디오북],24000,2.4만,46:46,2806,2026-08-11,2개월 전,N,자체 제작,△ (스틸 루프라 가능하지만 60분+는 95MB 초과 위험)
F2 수면 역사·신화 낭독(1~2시간),달빛 세계사,UC8cs_ZKc6AUwbQTNa9_XQ_Q,17500,17,Y,32zCKZxX_EY,https://www.youtube.com/watch?v=32zCKZxX_EY,"영화《오디세이》원작은 어떨까? 트로이전쟁, 그리스신화 이해하기, 호메로스의 (오디세이아) 풀스토리 [🌙꿀잠 오디오북]",330000,33만,1:10:49,4249,2026-08-11,2개월 전,Y,자체 제작,△ (스틸 루프라 가능하지만 60분+는 95MB 초과 위험)
F2 수면 역사·신화 낭독(1~2시간),달빛 역사관 : 자면서 듣는 세계사,UCArzr2q8BdHOAY4KtoWoioQ,9110,1,N,MPhEoG48MGw,https://www.youtube.com/watch?v=MPhEoG48MGw,🌙 고려 474년 전체 역사 몰아보기 풀버전｜한 번 보면 잊을 수 없는 고려 이야기,99000,9.9만,3:07:53,11273,2026-09-10,1개월 전,N,자체 제작,△ (스틸 루프라 가능하지만 60분+는 95MB 초과 위험)
F2 수면 역사·신화 낭독(1~2시간),달빛 역사관 : 자면서 듣는 세계사,UCArzr2q8BdHOAY4KtoWoioQ,9110,2,N,fdyGXlo_K9U,https://www.youtube.com/watch?v=fdyGXlo_K9U,🌙 조선을 움직인 여인들｜ 왕을 무릎 꿇린 조선의 여성 권력자들 풀버전｜달빛 역사관,44000,4.4만,2:42:05,9725,2026-09-10,1개월 전,N,자체 제작,△ (스틸 루프라 가능하지만 60분+는 95MB 초과 위험)
F2 수면 역사·신화 낭독(1~2시간),달빛 역사관 : 자면서 듣는 세계사,UCArzr2q8BdHOAY4KtoWoioQ,9110,3,Y,jDuSGkp8zu0,https://www.youtube.com/watch?v=jDuSGkp8zu0,"🌙 제주도 역사 풀버전｜천 년 동안 살아남은 섬, 탐라국의 모든 것｜달빛 역사관",72000,7.2만,1:31:51,5511,2026-09-10,1개월 전,N,자체 제작,△ (스틸 루프라 가능하지만 60분+는 95MB 초과 위험)
F2 수면 역사·신화 낭독(1~2시간),달빛 역사관 : 자면서 듣는 세계사,UCArzr2q8BdHOAY4KtoWoioQ,9110,4,Y,aaTs2bOOdz8,https://www.youtube.com/watch?v=aaTs2bOOdz8,🌙 틀어놓고 주무세요｜광복절 특집｜일제강점기 35년 풀버전 나라를 잃은 날부터 광복 까지｜달빛 역사관,13000,1.3만,3:01:04,10864,2026-09-10,1개월 전,N,자체 제작,△ (스틸 루프라 가능하지만 60분+는 95MB 초과 위험)
F2 수면 역사·신화 낭독(1~2시간),달빛 역사관 : 자면서 듣는 세계사,UCArzr2q8BdHOAY4KtoWoioQ,9110,5,Y,oNj_nYKsr34,https://www.youtube.com/watch?v=oNj_nYKsr34,🌙 중국역사ㅣ대약진운동과 문화대혁명 풀버전ㅣ마오쩌둥 최악의18년 몰아보기ㅣ무엇이 수천만을 죽게 했나,28000,2.8만,2:27:38,8858,2026-08-11,2개월 전,N,자체 제작,△ (스틸 루프라 가능하지만 60분+는 95MB 초과 위험)
F2 수면 역사·신화 낭독(1~2시간),달빛 역사관 : 자면서 듣는 세계사,UCArzr2q8BdHOAY4KtoWoioQ,9110,6,Y,dcwVkFkjIEU,https://www.youtube.com/watch?v=dcwVkFkjIEU,"🌙 고려역사 왕 34명 완벽정리 풀버전ㅣ474년, 왕건에서 공양왕까지 이야기로 듣는 고려사",120000,12만,3:19:01,11941,2026-08-11,2개월 전,Y,자체 제작,△ (스틸 루프라 가능하지만 60분+는 95MB 초과 위험)
F2 수면 역사·신화 낭독(1~2시간),달빛 역사관 : 자면서 듣는 세계사,UCArzr2q8BdHOAY4KtoWoioQ,9110,7,Y,1UuSXjQ4-dk,https://www.youtube.com/watch?v=1UuSXjQ4-dk,🌙자면서듣는 역사 |  성씨 없는 백성의 나라는 어떻게 모두가 양반의 후손이 되었을까｜성씨와 족보의 역사 풀버전｜달빛 역사관,17000,1.7만,1:32:05,5525,2026-08-11,2개월 전,N,자체 제작,△ (스틸 루프라 가능하지만 60분+는 95MB 초과 위험)
F2 수면 역사·신화 낭독(1~2시간),달빛 역사관 : 자면서 듣는 세계사,UCArzr2q8BdHOAY4KtoWoioQ,9110,8,Y,ywvRiEYvn6Y,https://www.youtube.com/watch?v=ywvRiEYvn6Y,🌙병자호란 풀스토리 ｜ 조선 역사상 가장 춥고 잔혹했던 겨울 ｜달빛 역사관,15000,1.5만,2:11:36,7896,2026-08-11,2개월 전,N,자체 제작,△ (스틸 루프라 가능하지만 60분+는 95MB 초과 위험)
F2 수면 역사·신화 낭독(1~2시간),달빛 역사관 : 자면서 듣는 세계사,UCArzr2q8BdHOAY4KtoWoioQ,9110,9,Y,N4219Rww6po,https://www.youtube.com/watch?v=N4219Rww6po,🌙자면서듣는 역사 | 모든 것이 무너졌는데 왜 북한만은 무너지지 않을까｜북한역사｜달빛 역사관,74000,7.4만,2:08:01,7681,2026-08-11,2개월 전,N,자체 제작,△ (스틸 루프라 가능하지만 60분+는 95MB 초과 위험)
F2 수면 역사·신화 낭독(1~2시간),달빛 역사관 : 자면서 듣는 세계사,UCArzr2q8BdHOAY4KtoWoioQ,9110,10,Y,Dbs5fzxgIpc,https://www.youtube.com/watch?v=Dbs5fzxgIpc,🌙자면서듣는 역사 | 당시 최강 일본군은 왜 조선을 끝내 먹지 못했나 | 임진왜란 7년의 진실｜달빛 역사관,130000,13만,1:49:48,6588,2026-07-11,3개월 전,Y,자체 제작,△ (스틸 루프라 가능하지만 60분+는 95MB 초과 위험)
F2 수면 역사·신화 낭독(1~2시간),달빛 역사관 : 자면서 듣는 세계사,UCArzr2q8BdHOAY4KtoWoioQ,9110,11,Y,ajQI8_0Llh4,https://www.youtube.com/watch?v=ajQI8_0Llh4,🌙자면서듣는 역사 | 의자왕은 정말 폭군이었나 | 700년 역사 백제 멸망의 숨겨진 진실｜달빛 역사관,49000,4.9만,1:17:20,4640,2026-07-11,3개월 전,N,자체 제작,△ (스틸 루프라 가능하지만 60분+는 95MB 초과 위험)
F2 수면 역사·신화 낭독(1~2시간),달빛 역사관 : 자면서 듣는 세계사,UCArzr2q8BdHOAY4KtoWoioQ,9110,12,Y,NsPPBrSr17g,https://www.youtube.com/watch?v=NsPPBrSr17g,"🌙자면서듣는 역사 | 조선왕은 27명, 신라왕은 56명이다｜천 년 왕국 신라 완벽정리 풀버전｜달빛 역사관",120000,12만,2:36:21,9381,2026-07-11,3개월 전,Y,자체 제작,△ (스틸 루프라 가능하지만 60분+는 95MB 초과 위험)
F2 수면 역사·신화 낭독(1~2시간),달빛 역사관 : 자면서 듣는 세계사,UCArzr2q8BdHOAY4KtoWoioQ,9110,13,Y,RAUdr9BFiDM,https://www.youtube.com/watch?v=RAUdr9BFiDM,"🌙자면서듣는 역사 | 조선왕비실록 풀버전 ｜36명의 국모, 500년 동안 흘린 눈물의 잔혹사｜달빛 역사관",140000,14만,2:43:53,9833,2026-07-11,3개월 전,Y,자체 제작,△ (스틸 루프라 가능하지만 60분+는 95MB 초과 위험)
F2 수면 역사·신화 낭독(1~2시간),달빛 역사관 : 자면서 듣는 세계사,UCArzr2q8BdHOAY4KtoWoioQ,9110,14,Y,tvas56E5rtk,https://www.youtube.com/watch?v=tvas56E5rtk,🌙자면서듣는 역사 | 100만 대군도 막은 고구려가 왜 삼국 통일은 못 했을까?｜달빛 역사관,87000,8.7만,1:25:39,5139,2026-07-11,3개월 전,N,자체 제작,△ (스틸 루프라 가능하지만 60분+는 95MB 초과 위험)
F2 수면 역사·신화 낭독(1~2시간),달빛 역사관 : 자면서 듣는 세계사,UCArzr2q8BdHOAY4KtoWoioQ,9110,15,Y,tNn6Ydh7Tdw,https://www.youtube.com/watch?v=tNn6Ydh7Tdw,🌙 자면서듣는 역사 | 조선역사 27명의 왕  조선왕조실록 완벽 정리 풀버전｜달빛 역사관,190000,19만,2:40:54,9654,2026-06-11,4개월 전,Y,자체 제작,△ (스틸 루프라 가능하지만 60분+는 95MB 초과 위험)
F2 수면 역사·신화 낭독(1~2시간),달빛 역사관 : 자면서 듣는 세계사,UCArzr2q8BdHOAY4KtoWoioQ,9110,16,Y,Tq1ADCDu3hQ,https://www.youtube.com/watch?v=Tq1ADCDu3hQ,🌙 자면서듣는 역사 | 조선왕조실록 : 조선의역사 풀스토리 500년 대서사｜달빛 역사관,210000,21만,1:44:17,6257,2026-06-11,4개월 전,Y,자체 제작,△ (스틸 루프라 가능하지만 60분+는 95MB 초과 위험)
F2 수면 역사·신화 낭독(1~2시간),달빛 역사관 : 자면서 듣는 세계사,UCArzr2q8BdHOAY4KtoWoioQ,9110,17,Y,DsN7QyGQfTM,https://www.youtube.com/watch?v=DsN7QyGQfTM,🌙 자면서듣는 역사 | 해동성국 발해 역사 — 잊혀진 고구려의 후예들 풀버전 ｜달빛 역사관,69000,6.9만,1:21:59,4919,2026-06-11,4개월 전,N,자체 제작,△ (스틸 루프라 가능하지만 60분+는 95MB 초과 위험)
F2 수면 역사·신화 낭독(1~2시간),잠결에듣는세계사,UC0GexWeBf9zYaVPI9pxjp6A,37900,1,N,-593UnQhVPM,https://www.youtube.com/watch?v=-593UnQhVPM,🌙틀어놓고 주무세요 '타인은 지옥이다' 인간관계 피로를 단번에 끊어내는 샤르트르의 밤,19000,1.9만,1:24:07,5047,2026-10-03,7일 전,N,자체 제작,△ (스틸 루프라 가능하지만 60분+는 95MB 초과 위험)
F2 수면 역사·신화 낭독(1~2시간),잠결에듣는세계사,UC0GexWeBf9zYaVPI9pxjp6A,37900,2,N,V9i4rqTjY9E,https://www.youtube.com/watch?v=V9i4rqTjY9E,🌙틀어놓고 주무세요 '지옥의 끝에서 천국을 노래한 단테의 신곡 풀스토리',9300,9.3천,1:27:47,5267,2026-09-28,12일 전,N,자체 제작,△ (스틸 루프라 가능하지만 60분+는 95MB 초과 위험)
F2 수면 역사·신화 낭독(1~2시간),잠결에듣는세계사,UC0GexWeBf9zYaVPI9pxjp6A,37900,3,Y,0BNeVtEpq3s,https://www.youtube.com/watch?v=0BNeVtEpq3s,🌙틀어놓고 주무세요 '악한 세상에서 나를 지키는 마키아벨리의 차가운 통찰 풀스토리',7900,7.9천,1:24:17,5057,2026-09-26,2주 전,N,자체 제작,△ (스틸 루프라 가능하지만 60분+는 95MB 초과 위험)
F2 수면 역사·신화 낭독(1~2시간),잠결에듣는세계사,UC0GexWeBf9zYaVPI9pxjp6A,37900,4,Y,Q7GSHide6cQ,https://www.youtube.com/watch?v=Q7GSHide6cQ,🌙틀어놓고 주무세요 '지친 영혼을 치유하는 칼릴 지브란의 예언자 전편 낭독',5000,5천,1:27:15,5235,2026-09-19,3주 전,N,자체 제작,△ (스틸 루프라 가능하지만 60분+는 95MB 초과 위험)
F2 수면 역사·신화 낭독(1~2시간),잠결에듣는세계사,UC0GexWeBf9zYaVPI9pxjp6A,37900,5,Y,NFge1khlPow,https://www.youtube.com/watch?v=NFge1khlPow,"🌙틀어놓고 주무세요 '남편을 버리고 러시아의 주인이 된 여제, 예카테리나 2세 풀스토리'",8200,8.2천,1:23:21,5001,2026-09-19,3주 전,N,자체 제작,△ (스틸 루프라 가능하지만 60분+는 95MB 초과 위험)
F2 수면 역사·신화 낭독(1~2시간),잠결에듣는세계사,UC0GexWeBf9zYaVPI9pxjp6A,37900,6,Y,52fsDvLknVk,https://www.youtube.com/watch?v=52fsDvLknVk,🌙틀어놓고 주무세요 '단두대의 공포를 딛고 대영제국을 연 엘리자베스 1세의 생존과 고독 풀스토리',26000,2.6만,1:42:09,6129,2026-09-10,1개월 전,N,자체 제작,△ (스틸 루프라 가능하지만 60분+는 95MB 초과 위험)
F2 수면 역사·신화 낭독(1~2시간),잠결에듣는세계사,UC0GexWeBf9zYaVPI9pxjp6A,37900,7,Y,6b3KrM_wC8A,https://www.youtube.com/watch?v=6b3KrM_wC8A,🌙틀어놓고 주무세요 '중국 역사상 가장 더러운 배신자 주전충과 잔혹한 복수자 이극용 풀스토리',37000,3.7만,1:29:04,5344,2026-09-10,1개월 전,N,자체 제작,△ (스틸 루프라 가능하지만 60분+는 95MB 초과 위험)
F2 수면 역사·신화 낭독(1~2시간),잠결에듣는세계사,UC0GexWeBf9zYaVPI9pxjp6A,37900,8,Y,gAYK-RdBTms,https://www.youtube.com/watch?v=gAYK-RdBTms,🌙틀어놓고 주무세요 '밑바닥에서 한나라 최고의 승상이 된 천재 모사 진평의 6가지 비밀 지략 풀스토리',110000,11만,1:46:20,6380,2026-09-10,1개월 전,Y,자체 제작,△ (스틸 루프라 가능하지만 60분+는 95MB 초과 위험)
F2 수면 역사·신화 낭독(1~2시간),잠결에듣는세계사,UC0GexWeBf9zYaVPI9pxjp6A,37900,9,Y,nAM0R-j_BWk,https://www.youtube.com/watch?v=nAM0R-j_BWk,"🌙틀어놓고 주무세요 '천하를 뒤흔든 치명적 매력, 한무제의 여인들과 경국지색의 비극 풀스토리'",36000,3.6만,1:29:46,5386,2026-09-10,1개월 전,N,자체 제작,△ (스틸 루프라 가능하지만 60분+는 95MB 초과 위험)
F2 수면 역사·신화 낭독(1~2시간),잠결에듣는세계사,UC0GexWeBf9zYaVPI9pxjp6A,37900,10,Y,V7VX32HRUdQ,https://www.youtube.com/watch?v=V7VX32HRUdQ,"🌙틀어놓고 주무세요 ""100년의 피비린내 나는 배신과 암투, 일본 전국시대 풀스토리""",21000,2.1만,1:47:43,6463,2026-09-10,1개월 전,N,자체 제작,△ (스틸 루프라 가능하지만 60분+는 95MB 초과 위험)
F2 수면 역사·신화 낭독(1~2시간),잠결에듣는세계사,UC0GexWeBf9zYaVPI9pxjp6A,37900,11,Y,uclZwcuE9p8,https://www.youtube.com/watch?v=uclZwcuE9p8,🌙틀어놓고 주무세요 '여진족 풀스토리',90000,9만,1:52:48,6768,2026-09-10,1개월 전,N,자체 제작,△ (스틸 루프라 가능하지만 60분+는 95MB 초과 위험)
F2 수면 역사·신화 낭독(1~2시간),잠결에듣는세계사,UC0GexWeBf9zYaVPI9pxjp6A,37900,12,Y,wGbpmzxj2lA,https://www.youtube.com/watch?v=wGbpmzxj2lA,💥저작권등록💥 '동아시아를 뒤흔든 거란족 요나라 200년 흥망성쇠,94000,9.4만,2:19:18,8358,2026-09-10,1개월 전,N,자체 제작,△ (스틸 루프라 가능하지만 60분+는 95MB 초과 위험)
F2 수면 역사·신화 낭독(1~2시간),잠결에듣는세계사,UC0GexWeBf9zYaVPI9pxjp6A,37900,13,Y,Mab0wA7LhpU,https://www.youtube.com/watch?v=Mab0wA7LhpU,"💥저작권등록💥 '당나라를 뒤흔든 고구려 유민의 제국, 이정기의 제나라 풀스토리'",32000,3.2만,1:42:51,6171,2026-09-10,1개월 전,N,자체 제작,△ (스틸 루프라 가능하지만 60분+는 95MB 초과 위험)
F2 수면 역사·신화 낭독(1~2시간),잠결에듣는세계사,UC0GexWeBf9zYaVPI9pxjp6A,37900,14,Y,8UrplFH1V68,https://www.youtube.com/watch?v=8UrplFH1V68,"💥저작권등록💥 '칼을 쥔 자가 황제가 되던 피와 배신의 70년, 5대 10국 풀스토리'",68000,6.8만,2:37:02,9422,2026-09-10,1개월 전,N,자체 제작,△ (스틸 루프라 가능하지만 60분+는 95MB 초과 위험)
F2 수면 역사·신화 낭독(1~2시간),잠결에듣는세계사,UC0GexWeBf9zYaVPI9pxjp6A,37900,15,Y,L5vGYGFe85Q,https://www.youtube.com/watch?v=L5vGYGFe85Q,💥저작권등록💥 '천하를 삼킨 38년 대제국 수나라의 찬란한 통일과 비극적 몰락 풀스토,36000,3.6만,1:42:17,6137,2026-09-10,1개월 전,N,자체 제작,△ (스틸 루프라 가능하지만 60분+는 95MB 초과 위험)
F2 수면 역사·신화 낭독(1~2시간),잠결에듣는세계사,UC0GexWeBf9zYaVPI9pxjp6A,37900,16,Y,EyHrb-2IOiI,https://www.youtube.com/watch?v=EyHrb-2IOiI,💥저작권등록💥 '피비린내 나는 난세  남북조시대 풀스토리,61000,6.1만,1:55:06,6906,2026-09-10,1개월 전,N,자체 제작,△ (스틸 루프라 가능하지만 60분+는 95MB 초과 위험)
F2 수면 역사·신화 낭독(1~2시간),잠결에듣는세계사,UC0GexWeBf9zYaVPI9pxjp6A,37900,17,Y,JGs2ZVj0fNI,https://www.youtube.com/watch?v=JGs2ZVj0fNI,"💥저작권등록💥 '중국 역사상 최악의 막장 시대, 5호 16국 풀스토리",190000,19만,1:48:34,6514,2026-09-10,1개월 전,Y,자체 제작,△ (스틸 루프라 가능하지만 60분+는 95MB 초과 위험)
F2 수면 역사·신화 낭독(1~2시간),잠들기 전 이야기 세계사,UCYryULJ9wgimK0ZrYN9AZpQ,7380,1,N,gPaG53JInvY,https://www.youtube.com/watch?v=gPaG53JInvY,"🌙꿀잠직행 | 신화에서 역사로 부활한 왕조, 상나라 이야기 | 중간광고 없음",13000,1.3만,1:11:08,4268,2026-01-10,9개월 전,N,자체 제작,△ (스틸 루프라 가능하지만 60분+는 95MB 초과 위험)
F2 수면 역사·신화 낭독(1~2시간),잠들기 전 이야기 세계사,UCYryULJ9wgimK0ZrYN9AZpQ,7380,2,N,BixXrzHebKQ,https://www.youtube.com/watch?v=BixXrzHebKQ,"처형된 죄인 예수, 로마 황제가 무릎 꿇은 이유 (십자가에서 왕좌로...)",95000,9.5만,56:25,3385,2026-01-10,9개월 전,N,자체 제작,△ (스틸 루프라 가능하지만 60분+는 95MB 초과 위험)
F2 수면 역사·신화 낭독(1~2시간),잠들기 전 이야기 세계사,UCYryULJ9wgimK0ZrYN9AZpQ,7380,3,Y,2Lvy3gFYqzw,https://www.youtube.com/watch?v=2Lvy3gFYqzw,"🌙꿀잠직행 | 이야기로 듣는중국 최초 왕조 하나라의 비밀 (신화인가, 실존인가?) | 중간광고 없음",9000,9천,1:05:09,3909,2026-01-10,9개월 전,N,자체 제작,△ (스틸 루프라 가능하지만 60분+는 95MB 초과 위험)
F2 수면 역사·신화 낭독(1~2시간),잠들기 전 이야기 세계사,UCYryULJ9wgimK0ZrYN9AZpQ,7380,4,Y,RaP1SvDMIr4,https://www.youtube.com/watch?v=RaP1SvDMIr4,"성경이 침묵한 400년, 그 사이 과연 무슨일이 있었나?",100000,10만,57:18,3438,2026-01-10,9개월 전,Y,자체 제작,△ (스틸 루프라 가능하지만 60분+는 95MB 초과 위험)
F2 수면 역사·신화 낭독(1~2시간),잠들기 전 이야기 세계사,UCYryULJ9wgimK0ZrYN9AZpQ,7380,5,Y,ldXgUKmer7U,https://www.youtube.com/watch?v=ldXgUKmer7U,🌙꿀잠직행 | 33세에 세계를 정복한 남자 이야기 (전투에서 한번도 패한적이 없는 왕) ] 중간광고 없음,1800,1.8천,51:34,3094,2026-01-10,9개월 전,N,자체 제작,△ (스틸 루프라 가능하지만 60분+는 95MB 초과 위험)
F2 수면 역사·신화 낭독(1~2시간),잠들기 전 이야기 세계사,UCYryULJ9wgimK0ZrYN9AZpQ,7380,6,Y,5FnOTC__PL4,https://www.youtube.com/watch?v=5FnOTC__PL4,"🌙틀어놓고 주무세요 | 1만의 아테네군, 세계최강 페르시아군 2만5천에 맞서다 | 중간광고X | 잠들기전 이야기 세계사 | 수면 오디오북",1900,1.9천,47:15,2835,2026-01-10,9개월 전,N,자체 제작,△ (스틸 루프라 가능하지만 60분+는 95MB 초과 위험)
F2 수면 역사·신화 낭독(1~2시간),잠들기 전 이야기 세계사,UCYryULJ9wgimK0ZrYN9AZpQ,7380,7,Y,72zmq7LXUtw,https://www.youtube.com/watch?v=72zmq7LXUtw,"2500년 전, 인류는 처음으로 왕 없이 나라를 운영했다",2600,2.6천,57:19,3439,2026-01-10,9개월 전,N,자체 제작,△ (스틸 루프라 가능하지만 60분+는 95MB 초과 위험)
F2 수면 역사·신화 낭독(1~2시간),잠들기 전 이야기 세계사,UCYryULJ9wgimK0ZrYN9AZpQ,7380,8,Y,UN6QltWzfX8,https://www.youtube.com/watch?v=UN6QltWzfX8,"전설인 줄 알았던 트로이 전쟁, 실제로 존재한 왕국의 비밀",6800,6.8천,1:00:31,3631,2026-01-10,9개월 전,N,자체 제작,△ (스틸 루프라 가능하지만 60분+는 95MB 초과 위험)
F2 수면 역사·신화 낭독(1~2시간),잠들기 전 이야기 세계사,UCYryULJ9wgimK0ZrYN9AZpQ,7380,9,Y,sRfGJC49DUg,https://www.youtube.com/watch?v=sRfGJC49DUg,"전설인 줄 알았던 미궁, 실제로 발견된 충격적인 문명",4700,4.7천,56:51,3411,2025-12-10,10개월 전,N,자체 제작,△ (스틸 루프라 가능하지만 60분+는 95MB 초과 위험)
F2 수면 역사·신화 낭독(1~2시간),잠들기 전 이야기 세계사,UCYryULJ9wgimK0ZrYN9AZpQ,7380,10,Y,XbZq1zLFxgM,https://www.youtube.com/watch?v=XbZq1zLFxgM,"미노아보다 먼저, 그리스 문명의 시작이 된 섬들",2500,2.5천,50:48,3048,2025-12-10,10개월 전,N,자체 제작,△ (스틸 루프라 가능하지만 60분+는 95MB 초과 위험)
F2 수면 역사·신화 낭독(1~2시간),잠들기 전 이야기 세계사,UCYryULJ9wgimK0ZrYN9AZpQ,7380,11,Y,SDN0PiNlEsI,https://www.youtube.com/watch?v=SDN0PiNlEsI,듣기만해도 빨려 들어가는 고대 이스라엘 왕국 풀버전,190000,19만,1:05:25,3925,2025-12-10,10개월 전,Y,자체 제작,△ (스틸 루프라 가능하지만 60분+는 95MB 초과 위험)
F2 수면 역사·신화 낭독(1~2시간),잠들기 전 이야기 세계사,UCYryULJ9wgimK0ZrYN9AZpQ,7380,12,Y,yO5XhrsWHy4,https://www.youtube.com/watch?v=yO5XhrsWHy4,"""우리가 쓰는 알파벳은 사실 이 도시에서 시작됐다""",8600,8.6천,45:32,2732,2025-12-10,10개월 전,N,자체 제작,△ (스틸 루프라 가능하지만 60분+는 95MB 초과 위험)
F2 수면 역사·신화 낭독(1~2시간),잠들기 전 이야기 세계사,UCYryULJ9wgimK0ZrYN9AZpQ,7380,13,Y,s1M7QD5Bs5s,https://www.youtube.com/watch?v=s1M7QD5Bs5s,"""수메르와 바빌론 뒤에서 역사를 움직인 숨겨진 제국들""",19000,1.9만,59:36,3576,2025-12-10,10개월 전,N,자체 제작,△ (스틸 루프라 가능하지만 60분+는 95MB 초과 위험)
F2 수면 역사·신화 낭독(1~2시간),잠들기 전 이야기 세계사,UCYryULJ9wgimK0ZrYN9AZpQ,7380,14,Y,BhrmbmuZmDE,https://www.youtube.com/watch?v=BhrmbmuZmDE,"""칼로 정복하고 관용으로 지배한 왕, 페르시아 키루스 대왕""",75000,7.5만,1:13:04,4384,2025-12-10,10개월 전,N,자체 제작,△ (스틸 루프라 가능하지만 60분+는 95MB 초과 위험)
F2 수면 역사·신화 낭독(1~2시간),잠들기 전 이야기 세계사,UCYryULJ9wgimK0ZrYN9AZpQ,7380,15,Y,6zTnliAV0-o,https://www.youtube.com/watch?v=6zTnliAV0-o,"""인류는 정말 하늘에 닿으려 했다… 바벨탑의 진실""",12000,1.2만,50:01,3001,2025-12-10,10개월 전,N,자체 제작,△ (스틸 루프라 가능하지만 60분+는 95MB 초과 위험)
F2 수면 역사·신화 낭독(1~2시간),잠들기 전 이야기 세계사,UCYryULJ9wgimK0ZrYN9AZpQ,7380,16,Y,FcI8gGa51SY,https://www.youtube.com/watch?v=FcI8gGa51SY,"""인류 최초의 도서관을 세운 가장 잔혹한 제국""",74000,7.4만,1:09:17,4157,2025-12-10,10개월 전,N,자체 제작,△ (스틸 루프라 가능하지만 60분+는 95MB 초과 위험)
F2 수면 역사·신화 낭독(1~2시간),잠들기 전 이야기 세계사,UCYryULJ9wgimK0ZrYN9AZpQ,7380,17,Y,UYMdkOuD_Qs,https://www.youtube.com/watch?v=UYMdkOuD_Qs,"""세상을 바꾼 금속… 히타이트는 어떻게 철을 독점했을까?""",17000,1.7만,1:00:48,3648,2025-11-10,11개월 전,N,자체 제작,△ (스틸 루프라 가능하지만 60분+는 95MB 초과 위험)
F2 수면 역사·신화 낭독(1~2시간),알아두면 쓸모있는 역사이야기,UC3dcojrx2C-aJZ91di54c7w,12500,1,N,kaGTN-UgnCk,https://www.youtube.com/watch?v=kaGTN-UgnCk,"[러시아 1000년 역사 총정리] 소련은 왜 무너졌나? 알래스카 매각부터 냉전, 우크라이나 전쟁까지| 키예프 루스부터 푸틴까지",5200,5.2천,1:24:25,5065,2026-10-09,1일 전,N,자체 제작,△ (스틸 루프라 가능하지만 60분+는 95MB 초과 위험)
F2 수면 역사·신화 낭독(1~2시간),알아두면 쓸모있는 역사이야기,UC3dcojrx2C-aJZ91di54c7w,12500,2,N,GlhbXxIvk2Y,https://www.youtube.com/watch?v=GlhbXxIvk2Y,[2차세계대전 총정리 하편] 일본은 왜 미국을 공격했을까? 석유로 읽는 태평양 전쟁,25000,2.5만,1:24:29,5069,2026-10-05,5일 전,N,자체 제작,△ (스틸 루프라 가능하지만 60분+는 95MB 초과 위험)
F2 수면 역사·신화 낭독(1~2시간),알아두면 쓸모있는 역사이야기,UC3dcojrx2C-aJZ91di54c7w,12500,3,Y,-4nymkFYnjc,https://www.youtube.com/watch?v=-4nymkFYnjc,[2차 세계대전 총정리 상편] 히틀러는 왜 석유에 집착했나? 2차 대전의 숨겨진 진실,11000,1.1만,1:23:43,5023,2026-10-02,8일 전,N,자체 제작,△ (스틸 루프라 가능하지만 60분+는 95MB 초과 위험)
F2 수면 역사·신화 낭독(1~2시간),알아두면 쓸모있는 역사이야기,UC3dcojrx2C-aJZ91di54c7w,12500,4,Y,itNZ-s3oKMI,https://www.youtube.com/watch?v=itNZ-s3oKMI,[중동 100년 역사 총정리] 중동은 왜 끊임없이 싸울까? | 100년 전 그어진 국경선의 비밀 사이크스-피코 100년,599,599,1:30:23,5423,2026-09-29,11일 전,N,자체 제작,△ (스틸 루프라 가능하지만 60분+는 95MB 초과 위험)
F2 수면 역사·신화 낭독(1~2시간),알아두면 쓸모있는 역사이야기,UC3dcojrx2C-aJZ91di54c7w,12500,5,Y,DoWTolg14Ls,https://www.youtube.com/watch?v=DoWTolg14Ls,"[예멘 3,000년 역사 총정리] 세계 석유 목줄을 쥔 아랍 최빈국 예멘 | 시바 여왕부터 후티까지 아무도 정복하지 못한 땅, 예멘 3,000년",150000,15만,1:37:47,5867,2026-09-26,2주 전,Y,자체 제작,△ (스틸 루프라 가능하지만 60분+는 95MB 초과 위험)
F2 수면 역사·신화 낭독(1~2시간),알아두면 쓸모있는 역사이야기,UC3dcojrx2C-aJZ91di54c7w,12500,6,Y,ULYAhIrO7Bs,https://www.youtube.com/watch?v=ULYAhIrO7Bs,미국 대공황을 끝낸 건 뉴딜정책이 아니었다? | 1929 미국은 왜 무너졌나,10000,1만,1:22:46,4966,2026-09-12,4주 전,N,자체 제작,△ (스틸 루프라 가능하지만 60분+는 95MB 초과 위험)
F2 수면 역사·신화 낭독(1~2시간),알아두면 쓸모있는 역사이야기,UC3dcojrx2C-aJZ91di54c7w,12500,7,Y,ilHN1U-iQHw,https://www.youtube.com/watch?v=ilHN1U-iQHw,[미국 역사의 시작] 미국 탄생의 비밀 | 미국은 어떻게 만들어졌을까? | 독립 선언서부터 헌법 제정까지,21000,2.1만,1:14:24,4464,2026-09-10,1개월 전,N,자체 제작,△ (스틸 루프라 가능하지만 60분+는 95MB 초과 위험)
F2 수면 역사·신화 낭독(1~2시간),알아두면 쓸모있는 역사이야기,UC3dcojrx2C-aJZ91di54c7w,12500,8,Y,-W5vOS_9280,https://www.youtube.com/watch?v=-W5vOS_9280,[250년 미국 역사 총정리] 미국이 세계 최강국이 된 진짜 이유 | 지정학으로 본 250년 영토 확장의 역사,22000,2.2만,1:32:38,5558,2026-09-10,1개월 전,N,자체 제작,△ (스틸 루프라 가능하지만 60분+는 95MB 초과 위험)
F2 수면 역사·신화 낭독(1~2시간),알아두면 쓸모있는 역사이야기,UC3dcojrx2C-aJZ91di54c7w,12500,9,Y,4Zh40XuwIXY,https://www.youtube.com/watch?v=4Zh40XuwIXY,로마 황제들은 어디까지 타락했을까? | 칼리굴라·네로 그리고 로마 제국의 쾌락,936,936,1:14:13,4453,2026-09-10,1개월 전,N,자체 제작,△ (스틸 루프라 가능하지만 60분+는 95MB 초과 위험)
F2 수면 역사·신화 낭독(1~2시간),알아두면 쓸모있는 역사이야기,UC3dcojrx2C-aJZ91di54c7w,12500,10,Y,YQYkCrLepXw,https://www.youtube.com/watch?v=YQYkCrLepXw,[로마 제국 1200년 역사 총정리] 결국 돈이 문제였다 | 세계 최강 제국을 무너뜨린 진짜 이유,9500,9.5천,1:17:02,4622,2026-09-10,1개월 전,N,자체 제작,△ (스틸 루프라 가능하지만 60분+는 95MB 초과 위험)
F2 수면 역사·신화 낭독(1~2시간),알아두면 쓸모있는 역사이야기,UC3dcojrx2C-aJZ91di54c7w,12500,11,Y,34ytDz-v0g8,https://www.youtube.com/watch?v=34ytDz-v0g8,[십자군 전쟁 200년] 왜 예루살렘을 차지하고도 결국 모두 잃었을까? | 십자군 전쟁의 시작과 끝,3800,3.8천,1:21:15,4875,2026-09-10,1개월 전,N,자체 제작,△ (스틸 루프라 가능하지만 60분+는 95MB 초과 위험)
F2 수면 역사·신화 낭독(1~2시간),알아두면 쓸모있는 역사이야기,UC3dcojrx2C-aJZ91di54c7w,12500,12,Y,7nvIyuG9dC8,https://www.youtube.com/watch?v=7nvIyuG9dC8,"수니파와 시아파, 1400년 갈등은 어떻게 시작됐을까? | 카르발라에서 이란·사우디까지",15000,1.5만,1:26:58,5218,2026-09-10,1개월 전,N,자체 제작,△ (스틸 루프라 가능하지만 60분+는 95MB 초과 위험)
F2 수면 역사·신화 낭독(1~2시간),알아두면 쓸모있는 역사이야기,UC3dcojrx2C-aJZ91di54c7w,12500,13,Y,LyQEssks7q4,https://www.youtube.com/watch?v=LyQEssks7q4,[1시간에 끝내는 원작 오디세이아] 오디세우스는 왜 10년을 떠돌았나| 영화가 다 보여주지 못한 원작 전체 이야기 | 트로이 전쟁의 승자는 왜 집으로 돌아가지 못했나,16000,1.6만,1:07:43,4063,2026-08-11,2개월 전,N,자체 제작,△ (스틸 루프라 가능하지만 60분+는 95MB 초과 위험)
F2 수면 역사·신화 낭독(1~2시간),알아두면 쓸모있는 역사이야기,UC3dcojrx2C-aJZ91di54c7w,12500,14,Y,MDjc5Urf0p8,https://www.youtube.com/watch?v=MDjc5Urf0p8,"[오딧세이특별기획] 오디세이 전에 벌어진 10년 전쟁 | 트로이 전쟁은 진짜였을까? 신화인 줄 알았던 트로이 전쟁, 땅속에서 증거가 나왔다 | 오디세이 1부",9100,9.1천,57:14,3434,2026-08-11,2개월 전,N,자체 제작,△ (스틸 루프라 가능하지만 60분+는 95MB 초과 위험)
F2 수면 역사·신화 낭독(1~2시간),알아두면 쓸모있는 역사이야기,UC3dcojrx2C-aJZ91di54c7w,12500,15,Y,FTkLM49Q79k,https://www.youtube.com/watch?v=FTkLM49Q79k,[오스만 제국·튀르키예 역사 총정리] 623년을 버틴 제국은 왜 군함 한 척으로 끝났을까,68000,6.8만,1:37:14,5834,2026-08-11,2개월 전,N,자체 제작,△ (스틸 루프라 가능하지만 60분+는 95MB 초과 위험)
F2 수면 역사·신화 낭독(1~2시간),알아두면 쓸모있는 역사이야기,UC3dcojrx2C-aJZ91di54c7w,12500,16,Y,ro-hZHlzmTM,https://www.youtube.com/watch?v=ro-hZHlzmTM,"4천 년 전 한 가족에서 갈라진 세 종교, 왜 지금도 싸울까? | 유대교·기독교·이슬람은 원래 한 가족",97000,9.7만,1:35:11,5711,2026-08-11,2개월 전,N,자체 제작,△ (스틸 루프라 가능하지만 60분+는 95MB 초과 위험)
F2 수면 역사·신화 낭독(1~2시간),알아두면 쓸모있는 역사이야기,UC3dcojrx2C-aJZ91di54c7w,12500,17,Y,3VzV937DnlY,https://www.youtube.com/watch?v=3VzV937DnlY,[예멘 후티 반군 30년 역사] 4년 만에 사우디로 미사일 쏜 ‘슬리퍼 군대’… 그들은 누구인가? | 예멘·홍해·이란 전쟁,71000,7.1만,49:38,2978,2026-08-11,2개월 전,N,자체 제작,△ (스틸 루프라 가능하지만 60분+는 95MB 초과 위험)
F2 수면 역사·신화 낭독(1~2시간),푸른 태양,UCPOp4Ef_xLI4JXANp2V8r7A,1810,1,N,xnqEfAghg5Y,https://www.youtube.com/watch?v=xnqEfAghg5Y,역사상 가장 불가능한 미해결 고대 미스터리 3시간 몰아보기,2200,2.2천,2:39:00,9540,2026-10-10,22시간 전,N,자체 제작,△ (스틸 루프라 가능하지만 60분+는 95MB 초과 위험)
F2 수면 역사·신화 낭독(1~2시간),푸른 태양,UCPOp4Ef_xLI4JXANp2V8r7A,1810,2,N,g7POfFK_csg,https://www.youtube.com/watch?v=g7POfFK_csg,수십 년 동안 고고학자들을 두렵게 한 가장 충격적인 고대 미스터리 3시간 몰아보기,1300,1.3천,2:38:16,9496,2026-10-09,1일 전,N,자체 제작,△ (스틸 루프라 가능하지만 60분+는 95MB 초과 위험)
F2 수면 역사·신화 낭독(1~2시간),푸른 태양,UCPOp4Ef_xLI4JXANp2V8r7A,1810,3,Y,Th2tR9CkGkg,https://www.youtube.com/watch?v=Th2tR9CkGkg,역사가 남기고 간 가장 기묘한 미해결 고대 미스터리 3시간 몰아보기,1700,1.7천,2:33:36,9216,2026-10-08,2일 전,N,자체 제작,△ (스틸 루프라 가능하지만 60분+는 95MB 초과 위험)
F2 수면 역사·신화 낭독(1~2시간),푸른 태양,UCPOp4Ef_xLI4JXANp2V8r7A,1810,4,Y,xLLaAOmS7eg,https://www.youtube.com/watch?v=xLLaAOmS7eg,수천 년 만에 처음으로 문이 열린 고대 고분 100곳,13000,1.3만,1:18:22,4702,2026-10-07,3일 전,N,자체 제작,△ (스틸 루프라 가능하지만 60분+는 95MB 초과 위험)
F2 수면 역사·신화 낭독(1~2시간),푸른 태양,UCPOp4Ef_xLI4JXANp2V8r7A,1810,5,Y,gw6jt9p-kHU,https://www.youtube.com/watch?v=gw6jt9p-kHU,세상이 믿지 못한 가장 놀라운 미해결 고대 미스터리 3시간 몰아보기,2900,2.9천,2:50:25,10225,2026-10-06,4일 전,N,자체 제작,△ (스틸 루프라 가능하지만 60분+는 95MB 초과 위험)
F2 수면 역사·신화 낭독(1~2시간),푸른 태양,UCPOp4Ef_xLI4JXANp2V8r7A,1810,6,Y,kUmswOr4ul8,https://www.youtube.com/watch?v=kUmswOr4ul8,외부 세계와 단절된 채 봉인된 가장 무서운 고대 미스터리 3시간 몰아보기,6200,6.2천,3:08:13,11293,2026-10-05,5일 전,N,자체 제작,△ (스틸 루프라 가능하지만 60분+는 95MB 초과 위험)
F2 수면 역사·신화 낭독(1~2시간),푸른 태양,UCPOp4Ef_xLI4JXANp2V8r7A,1810,7,Y,SSHANnybf_I,https://www.youtube.com/watch?v=SSHANnybf_I,아직도 설명하지 못한 가장 기묘한 고대 미스터리 3시간 몰아보기,4900,4.9천,2:59:49,10789,2026-10-04,6일 전,N,자체 제작,△ (스틸 루프라 가능하지만 60분+는 95MB 초과 위험)
F2 수면 역사·신화 낭독(1~2시간),푸른 태양,UCPOp4Ef_xLI4JXANp2V8r7A,1810,8,Y,SE-1kNcAab0,https://www.youtube.com/watch?v=SE-1kNcAab0,"처음 설계 그대로 멈춰 버린 고대 유적들, 가장 충격적인 미해결 미스터리 3시간 몰아보기",3400,3.4천,2:54:38,10478,2026-10-03,7일 전,N,자체 제작,△ (스틸 루프라 가능하지만 60분+는 95MB 초과 위험)
F2 수면 역사·신화 낭독(1~2시간),푸른 태양,UCPOp4Ef_xLI4JXANp2V8r7A,1810,9,Y,C5EU2LbpHic,https://www.youtube.com/watch?v=C5EU2LbpHic,아무도 이해하지 못한 기억을 품은 가장 기묘한 고대 미스터리 3시간 몰아보기,11000,1.1만,3:08:22,11302,2026-10-02,8일 전,N,자체 제작,△ (스틸 루프라 가능하지만 60분+는 95MB 초과 위험)
F2 수면 역사·신화 낭독(1~2시간),푸른 태양,UCPOp4Ef_xLI4JXANp2V8r7A,1810,10,Y,hbMEzGDV-og,https://www.youtube.com/watch?v=hbMEzGDV-og,"완전히 우연히 발견된 고고학 대발견 100가지, 교과서에는 없는 역사",20000,2만,1:41:58,6118,2026-10-01,9일 전,N,자체 제작,△ (스틸 루프라 가능하지만 60분+는 95MB 초과 위험)
F2 수면 역사·신화 낭독(1~2시간),푸른 태양,UCPOp4Ef_xLI4JXANp2V8r7A,1810,11,Y,8ugXmu4fb1I,https://www.youtube.com/watch?v=8ugXmu4fb1I,과학도 아직 설명 못 한 '가장 소름 돋는' 고대 미스터리 3시간 몰아보기,12000,1.2만,2:34:01,9241,2026-09-30,10일 전,N,자체 제작,△ (스틸 루프라 가능하지만 60분+는 95MB 초과 위험)
F2 수면 역사·신화 낭독(1~2시간),푸른 태양,UCPOp4Ef_xLI4JXANp2V8r7A,1810,12,Y,sqj9V6pTJhI,https://www.youtube.com/watch?v=sqj9V6pTJhI,벽 속과 마룻바닥 아래에서 나온 고고학 발견 100가지 | 잠들기 전에 듣는 고고학,12000,1.2만,1:31:45,5505,2026-09-26,2주 전,N,자체 제작,△ (스틸 루프라 가능하지만 60분+는 95MB 초과 위험)
F2 수면 역사·신화 낭독(1~2시간),푸른 태양,UCPOp4Ef_xLI4JXANp2V8r7A,1810,13,Y,_hixSGrCh9w,https://www.youtube.com/watch?v=_hixSGrCh9w,위치도 알고 장비도 있는데 2200년째 열지 못하는 무덤 | 산속에 숨은 고대 건축 100곳,410,410,1:36:53,5813,2026-09-26,2주 전,N,자체 제작,△ (스틸 루프라 가능하지만 60분+는 95MB 초과 위험)
F2 수면 역사·신화 낭독(1~2시간),푸른 태양,UCPOp4Ef_xLI4JXANp2V8r7A,1810,14,Y,s_pDCkQyy70,https://www.youtube.com/watch?v=s_pDCkQyy70,너무 갑자기 버려져서 모든 게 그대로 남아 있는 고대 장소 100곳 | 잠들기 전에 듣는 고고학,15000,1.5만,1:29:14,5354,2026-09-26,2주 전,N,자체 제작,△ (스틸 루프라 가능하지만 60분+는 95MB 초과 위험)
F2 수면 역사·신화 낭독(1~2시간),푸른 태양,UCPOp4Ef_xLI4JXANp2V8r7A,1810,15,Y,0NMN-jx7HGM,https://www.youtube.com/watch?v=0NMN-jx7HGM,고대 문명의 연대를 다시 쓰게 만든 발견 100가지 | 잠들기 전에 듣는 고고학 이야기,9000,9천,1:27:28,5248,2026-09-26,2주 전,N,자체 제작,△ (스틸 루프라 가능하지만 60분+는 95MB 초과 위험)
F2 수면 역사·신화 낭독(1~2시간),푸른 태양,UCPOp4Ef_xLI4JXANp2V8r7A,1810,16,Y,Uw9kZzRN5o0,https://www.youtube.com/watch?v=Uw9kZzRN5o0,과학이 아직 설명하지 못한 고고학 미스터리 50가지 | 잠들기 전에 듣는 고대 유적 이야기,20000,2만,3:15:51,11751,2026-09-26,2주 전,N,자체 제작,△ (스틸 루프라 가능하지만 60분+는 95MB 초과 위험)
F2 수면 역사·신화 낭독(1~2시간),푸른 태양,UCPOp4Ef_xLI4JXANp2V8r7A,1810,17,Y,QLv0sVgJbX8,https://www.youtube.com/watch?v=QLv0sVgJbX8,사라진 고대 문명 4시간 몰아보기 | 왜 사라졌는지 아무도 모르는 사람들의 이야기,14000,1.4만,3:58:58,14338,2026-09-26,2주 전,N,자체 제작,△ (스틸 루프라 가능하지만 60분+는 95MB 초과 위험)
F3 잡학·과학 리스트형 해설(8~15분),잡학게티,UCa5c474zwav6yij1MCB8dQg,192000,1,N,FZI2mhbHbHw,https://www.youtube.com/watch?v=FZI2mhbHbHw,미래가 다 보이거등요,33000,3.3만,11:52,712,2026-10-09,1일 전,N,자체 제작,○ (자체 낙서 아이콘 + PD 사진)
F3 잡학·과학 리스트형 해설(8~15분),잡학게티,UCa5c474zwav6yij1MCB8dQg,192000,2,N,9CVI9wnXGuA,https://www.youtube.com/watch?v=9CVI9wnXGuA,마트가 '지갑을 터는 방법',110000,11만,12:45,765,2026-10-06,4일 전,Y,자체 제작,○ (자체 낙서 아이콘 + PD 사진)
F3 잡학·과학 리스트형 해설(8~15분),잡학게티,UCa5c474zwav6yij1MCB8dQg,192000,3,Y,0yd42jhcBHM,https://www.youtube.com/watch?v=0yd42jhcBHM,명검 특) 사연만 ㅈㄴ 많음,220000,22만,12:02,722,2026-10-02,8일 전,Y,자체 제작,○ (자체 낙서 아이콘 + PD 사진)
F3 잡학·과학 리스트형 해설(8~15분),잡학게티,UCa5c474zwav6yij1MCB8dQg,192000,4,Y,t2oGxyTOYGg,https://www.youtube.com/watch?v=t2oGxyTOYGg,한국인이라면 한 번쯤 속았던 '가짜 상식',230000,23만,10:57,657,2026-09-29,11일 전,Y,자체 제작,○ (자체 낙서 아이콘 + PD 사진)
F3 잡학·과학 리스트형 해설(8~15분),잡학게티,UCa5c474zwav6yij1MCB8dQg,192000,5,Y,dmjbUYxCPzo,https://www.youtube.com/watch?v=dmjbUYxCPzo,알고 나면 다르게 보이는 '일상 속 기호',300000,30만,10:16,616,2026-09-26,2주 전,Y,자체 제작,○ (자체 낙서 아이콘 + PD 사진)
F3 잡학·과학 리스트형 해설(8~15분),잡학게티,UCa5c474zwav6yij1MCB8dQg,192000,6,Y,69hs3Hqg8rc,https://www.youtube.com/watch?v=69hs3Hqg8rc,'그리스 로마 신화' 몰아보기,290000,29만,1:09:45,4185,2026-09-26,2주 전,Y,자체 제작,○ (자체 낙서 아이콘 + PD 사진)
F3 잡학·과학 리스트형 해설(8~15분),잡학게티,UCa5c474zwav6yij1MCB8dQg,192000,7,Y,xPeIjf1Fc3w,https://www.youtube.com/watch?v=xPeIjf1Fc3w,청와대로 향한 '북파부대',79000,7.9만,8:43,523,2026-09-26,2주 전,N,자체 제작,○ (자체 낙서 아이콘 + PD 사진)
F3 잡학·과학 리스트형 해설(8~15분),잡학게티,UCa5c474zwav6yij1MCB8dQg,192000,8,Y,moRsbQta6dA,https://www.youtube.com/watch?v=moRsbQta6dA,인류는 아직도 '진화 중',650000,65만,8:24,504,2026-09-19,3주 전,Y,자체 제작,○ (자체 낙서 아이콘 + PD 사진)
F3 잡학·과학 리스트형 해설(8~15분),잡학게티,UCa5c474zwav6yij1MCB8dQg,192000,9,Y,qi9uckNqxG4,https://www.youtube.com/watch?v=qi9uckNqxG4,한화는 왜 이럴까?,51000,5.1만,7:28,448,2026-09-19,3주 전,N,자체 제작,○ (자체 낙서 아이콘 + PD 사진)
F3 잡학·과학 리스트형 해설(8~15분),잡학게티,UCa5c474zwav6yij1MCB8dQg,192000,10,Y,Wja99yZOCxY,https://www.youtube.com/watch?v=Wja99yZOCxY,당신의 최애 '특수부대'에게 투표하세요,170000,17만,11:24,684,2026-09-19,3주 전,Y,자체 제작,○ (자체 낙서 아이콘 + PD 사진)
F3 잡학·과학 리스트형 해설(8~15분),잡학게티,UCa5c474zwav6yij1MCB8dQg,192000,11,Y,NGb74AwWIaQ,https://www.youtube.com/watch?v=NGb74AwWIaQ,'청와대 습격 사건',47000,4.7만,8:01,481,2026-09-12,4주 전,N,자체 제작,○ (자체 낙서 아이콘 + PD 사진)
F3 잡학·과학 리스트형 해설(8~15분),잡학게티,UCa5c474zwav6yij1MCB8dQg,192000,12,Y,t32bp3G8SWs,https://www.youtube.com/watch?v=t32bp3G8SWs,절대 따라하면 안 되는 괴담,140000,14만,10:42,642,2026-09-10,1개월 전,Y,자체 제작,○ (자체 낙서 아이콘 + PD 사진)
F3 잡학·과학 리스트형 해설(8~15분),잡학게티,UCa5c474zwav6yij1MCB8dQg,192000,13,Y,wr9T_CaroUY,https://www.youtube.com/watch?v=wr9T_CaroUY,레전드 군대 괴담 '허병장 괴담',110000,11만,9:05,545,2026-09-10,1개월 전,Y,자체 제작,○ (자체 낙서 아이콘 + PD 사진)
F3 잡학·과학 리스트형 해설(8~15분),잡학게티,UCa5c474zwav6yij1MCB8dQg,192000,14,Y,hNJQbpHOu1Q,https://www.youtube.com/watch?v=hNJQbpHOu1Q,동물의 '초능력',100000,10만,8:03,483,2026-09-10,1개월 전,Y,자체 제작,○ (자체 낙서 아이콘 + PD 사진)
F3 잡학·과학 리스트형 해설(8~15분),잡학게티,UCa5c474zwav6yij1MCB8dQg,192000,15,Y,gn4tBtuL-4k,https://www.youtube.com/watch?v=gn4tBtuL-4k,대환장 '트로이 전쟁',400000,40만,15:31,931,2026-09-10,1개월 전,Y,자체 제작,○ (자체 낙서 아이콘 + PD 사진)
F3 잡학·과학 리스트형 해설(8~15분),잡학게티,UCa5c474zwav6yij1MCB8dQg,192000,16,Y,A3sZIcY0fK0,https://www.youtube.com/watch?v=A3sZIcY0fK0,대한민국의 '전투준비태세',240000,24만,10:02,602,2026-09-10,1개월 전,Y,자체 제작,○ (자체 낙서 아이콘 + PD 사진)
F3 잡학·과학 리스트형 해설(8~15분),잡학게티,UCa5c474zwav6yij1MCB8dQg,192000,17,Y,EBRnG9EGNFE,https://www.youtube.com/watch?v=EBRnG9EGNFE,오디세이 '괴물설명회',1040000,104만,9:12,552,2026-09-10,1개월 전,Y,자체 제작,○ (자체 낙서 아이콘 + PD 사진)
F3 잡학·과학 리스트형 해설(8~15분),지식카트,UCsd3sako-x7RidLUTRxOAHA,30200,1,N,BXAatE4zvTA,https://www.youtube.com/watch?v=BXAatE4zvTA,알고 보면 '지능캐'? 우리가 무시했던 동물들의 미친 생존 전략,7200,7.2천,8:02,482,2026-05-11,5개월 전,N,자체 제작,○ (자체 낙서 아이콘 + PD 사진)
F3 잡학·과학 리스트형 해설(8~15분),지식카트,UCsd3sako-x7RidLUTRxOAHA,30200,2,N,q0U2JbdRfr4,https://www.youtube.com/watch?v=q0U2JbdRfr4,"""무엇을 숨겼길래? 전 세계가 24시간 감시하는 절대 금기 구역 6곳""",14000,1.4만,8:54,534,2026-03-12,7개월 전,N,자체 제작,○ (자체 낙서 아이콘 + PD 사진)
F3 잡학·과학 리스트형 해설(8~15분),지식카트,UCsd3sako-x7RidLUTRxOAHA,30200,3,Y,8f4crMB2Zbs,https://www.youtube.com/watch?v=8f4crMB2Zbs,CG가 아닌 실제 상황! 진짜 실존하는 심해 생물들의 기괴한 미스테리,23000,2.3만,12:14,734,2026-03-12,7개월 전,N,자체 제작,○ (자체 낙서 아이콘 + PD 사진)
F3 잡학·과학 리스트형 해설(8~15분),지식카트,UCsd3sako-x7RidLUTRxOAHA,30200,4,Y,bWAz5lYLmcM,https://www.youtube.com/watch?v=bWAz5lYLmcM,중산층이 당할수밖에 없는 모든 소비의 함정 설명,7400,7.4천,14:26,866,2026-03-12,7개월 전,N,자체 제작,○ (자체 낙서 아이콘 + PD 사진)
F3 잡학·과학 리스트형 해설(8~15분),지식카트,UCsd3sako-x7RidLUTRxOAHA,30200,5,Y,wofsry1YM3k,https://www.youtube.com/watch?v=wofsry1YM3k,당신이 잘못 알고 있는 진짜 공룡 시대 13분정리,170000,17만,13:41,821,2026-02-09,8개월 전,Y,자체 제작,○ (자체 낙서 아이콘 + PD 사진)
F3 잡학·과학 리스트형 해설(8~15분),지식카트,UCsd3sako-x7RidLUTRxOAHA,30200,6,Y,tmJZzE8TNNA,https://www.youtube.com/watch?v=tmJZzE8TNNA,"우리가 아직 풀지못한, 과학적 이상현상 9대 난제",180000,18만,14:34,874,2026-02-09,8개월 전,Y,자체 제작,○ (자체 낙서 아이콘 + PD 사진)
F3 잡학·과학 리스트형 해설(8~15분),지식카트,UCsd3sako-x7RidLUTRxOAHA,30200,7,Y,CbaT6dDsH3I,https://www.youtube.com/watch?v=CbaT6dDsH3I,"네티즌 수사대에 의해 밝혀진, 섬뜩 미스테리 미제 사건",64000,6.4만,12:02,722,2026-02-09,8개월 전,N,자체 제작,○ (자체 낙서 아이콘 + PD 사진)
F3 잡학·과학 리스트형 해설(8~15분),지식카트,UCsd3sako-x7RidLUTRxOAHA,30200,8,Y,JKwnYbZ7BbY,https://www.youtube.com/watch?v=JKwnYbZ7BbY,대부분 잘못 알고 있는 정신질환 12가지 총정리,60000,6만,15:36,936,2026-02-09,8개월 전,N,자체 제작,○ (자체 낙서 아이콘 + PD 사진)
F3 잡학·과학 리스트형 해설(8~15분),지식카트,UCsd3sako-x7RidLUTRxOAHA,30200,9,Y,oMgaDzOPK2s,https://www.youtube.com/watch?v=oMgaDzOPK2s,왜 이 다큐멘터리는 금지되었을까? 상영이 금지된 다큐멘터리 9분요약,190000,19만,9:45,585,2026-01-10,9개월 전,Y,자체 제작,○ (자체 낙서 아이콘 + PD 사진)
F3 잡학·과학 리스트형 해설(8~15분),지식카트,UCsd3sako-x7RidLUTRxOAHA,30200,10,Y,Uy_pKigLjHA,https://www.youtube.com/watch?v=Uy_pKigLjHA,모든 혈액형의 숨겨진 특징 설명,310000,31만,14:18,858,2026-01-10,9개월 전,Y,자체 제작,○ (자체 낙서 아이콘 + PD 사진)
F3 잡학·과학 리스트형 해설(8~15분),지식카트,UCsd3sako-x7RidLUTRxOAHA,30200,11,Y,5_XCn8UP_P8,https://www.youtube.com/watch?v=5_XCn8UP_P8,역대급 최악의 동물원 사고 TOP7,280000,28만,12:45,765,2026-01-10,9개월 전,Y,자체 제작,○ (자체 낙서 아이콘 + PD 사진)
F3 잡학·과학 리스트형 해설(8~15분),지식카트,UCsd3sako-x7RidLUTRxOAHA,30200,12,Y,05ciyD_a2Gw,https://www.youtube.com/watch?v=05ciyD_a2Gw,지구상 “출입이 금지된” 절대 들어갈수없는 장소 - 1분요약,390000,39만,13:02,782,2025-12-10,10개월 전,Y,자체 제작,○ (자체 낙서 아이콘 + PD 사진)
F3 잡학·과학 리스트형 해설(8~15분),지식카트,UCsd3sako-x7RidLUTRxOAHA,30200,13,Y,W9rStbB4IFk,https://www.youtube.com/watch?v=W9rStbB4IFk,이게 다 수면 오류라고? 우리가 몰랐던 밤의 이상 행동들,120000,12만,14:40,880,2025-11-10,11개월 전,Y,자체 제작,○ (자체 낙서 아이콘 + PD 사진)
F3 잡학·과학 리스트형 해설(8~15분),지식카트,UCsd3sako-x7RidLUTRxOAHA,30200,14,Y,McZAXzddxeY,https://www.youtube.com/watch?v=McZAXzddxeY, 역사상 최악의 독재자 TOP12,58000,5.8만,15:38,938,2025-11-10,11개월 전,N,자체 제작,○ (자체 낙서 아이콘 + PD 사진)
F3 잡학·과학 리스트형 해설(8~15분),지식카트,UCsd3sako-x7RidLUTRxOAHA,30200,15,Y,kctboR4-GBM,https://www.youtube.com/watch?v=kctboR4-GBM,"성경 밖의 금서들, 진짜 이야기 공개! -12권 1분 요약",420000,42만,13:32,812,2025-11-10,11개월 전,Y,자체 제작,○ (자체 낙서 아이콘 + PD 사진)
F3 잡학·과학 리스트형 해설(8~15분),지식카트,UCsd3sako-x7RidLUTRxOAHA,30200,16,Y,kWzxI2XTYtw,https://www.youtube.com/watch?v=kWzxI2XTYtw,"IQ부터 초월자까지,  모든 인간 지능 10단계 9분요약",680000,68만,9:22,562,2025-10-10,1년 전,Y,자체 제작,○ (자체 낙서 아이콘 + PD 사진)
F3 잡학·과학 리스트형 해설(8~15분),지식카트,UCsd3sako-x7RidLUTRxOAHA,30200,17,Y,xhVyhZTSpbQ,https://www.youtube.com/watch?v=xhVyhZTSpbQ,역사를 바꾼 충격적인 실수들 12가지 - 10분요약,180000,18만,10:18,618,2025-10-10,1년 전,Y,자체 제작,○ (자체 낙서 아이콘 + PD 사진)
F3 잡학·과학 리스트형 해설(8~15분),몽구로운 지식,UCy9SHpHGDW261-qbbwzcy4Q,121000,1,N,IHYZ_yp-_u0,https://www.youtube.com/watch?v=IHYZ_yp-_u0,항문을 매번 새로 만드는 동물이 있다?,35000,3.5만,8:02,482,2026-10-10,9시간 전,N,자체 제작,○ (자체 낙서 아이콘 + PD 사진)
F3 잡학·과학 리스트형 해설(8~15분),몽구로운 지식,UCy9SHpHGDW261-qbbwzcy4Q,121000,2,N,8AY9-FnhDDE,https://www.youtube.com/watch?v=8AY9-FnhDDE,가로등 머리가 '잘생겨' 보이는 이유,180000,18만,8:57,537,2026-10-03,7일 전,Y,자체 제작,○ (자체 낙서 아이콘 + PD 사진)
F3 잡학·과학 리스트형 해설(8~15분),몽구로운 지식,UCy9SHpHGDW261-qbbwzcy4Q,121000,3,Y,Zv2KRxvYoJI,https://www.youtube.com/watch?v=Zv2KRxvYoJI,불꽃놀이는 누가 먼저 시작한 걸까?,59000,5.9만,9:18,558,2026-09-26,2주 전,N,자체 제작,○ (자체 낙서 아이콘 + PD 사진)
F3 잡학·과학 리스트형 해설(8~15분),몽구로운 지식,UCy9SHpHGDW261-qbbwzcy4Q,121000,4,Y,NYUW4jsbkaQ,https://www.youtube.com/watch?v=NYUW4jsbkaQ,미국 땅이 진짜 사기인 이유 4가지,180000,18만,9:46,586,2026-09-19,3주 전,Y,자체 제작,○ (자체 낙서 아이콘 + PD 사진)
F3 잡학·과학 리스트형 해설(8~15분),몽구로운 지식,UCy9SHpHGDW261-qbbwzcy4Q,121000,5,Y,K3BorOY0scU,https://www.youtube.com/watch?v=K3BorOY0scU,블랙홀보다 난폭하다?! 지구를 공격한 좀비별 '중성자별',540000,54만,9:13,553,2026-09-12,4주 전,Y,자체 제작,○ (자체 낙서 아이콘 + PD 사진)
F3 잡학·과학 리스트형 해설(8~15분),몽구로운 지식,UCy9SHpHGDW261-qbbwzcy4Q,121000,6,Y,iuSjzaDf0IA,https://www.youtube.com/watch?v=iuSjzaDf0IA,너구리는 사실 음식을 씻어 먹지 않는다?!,64000,6.4만,10:17,617,2026-09-10,1개월 전,N,자체 제작,○ (자체 낙서 아이콘 + PD 사진)
F3 잡학·과학 리스트형 해설(8~15분),몽구로운 지식,UCy9SHpHGDW261-qbbwzcy4Q,121000,7,Y,XI3NZZvlsNY,https://www.youtube.com/watch?v=XI3NZZvlsNY,뾰족해서가 아니다? 요로결석이 매우 아픈 이유,150000,15만,8:03,483,2026-09-10,1개월 전,Y,자체 제작,○ (자체 낙서 아이콘 + PD 사진)
F3 잡학·과학 리스트형 해설(8~15분),몽구로운 지식,UCy9SHpHGDW261-qbbwzcy4Q,121000,8,Y,B8EKHOQxdtY,https://www.youtube.com/watch?v=B8EKHOQxdtY,과학자들이 ‘거울 박테리아’를 만들지 말라고 경고한 이유,320000,32만,8:08,488,2026-09-10,1개월 전,Y,자체 제작,○ (자체 낙서 아이콘 + PD 사진)
F3 잡학·과학 리스트형 해설(8~15분),몽구로운 지식,UCy9SHpHGDW261-qbbwzcy4Q,121000,9,Y,uhB6FrXWfM4,https://www.youtube.com/watch?v=uhB6FrXWfM4,"완전 예민 덩어리인 금속, 세슘",130000,13만,9:30,570,2026-09-10,1개월 전,Y,자체 제작,○ (자체 낙서 아이콘 + PD 사진)
F3 잡학·과학 리스트형 해설(8~15분),몽구로운 지식,UCy9SHpHGDW261-qbbwzcy4Q,121000,10,Y,aHdMem4idzc,https://www.youtube.com/watch?v=aHdMem4idzc,가장 공포스러운 심해 TOP3,250000,25만,10:55,655,2026-08-11,2개월 전,Y,자체 제작,○ (자체 낙서 아이콘 + PD 사진)
F3 잡학·과학 리스트형 해설(8~15분),몽구로운 지식,UCy9SHpHGDW261-qbbwzcy4Q,121000,11,Y,cMHx3VFsleU,https://www.youtube.com/watch?v=cMHx3VFsleU,"달 130m 아래, 거대한 동굴이 발견됐다｜달 기지가 될 수 있을까?",68000,6.8만,8:05,485,2026-08-11,2개월 전,N,자체 제작,○ (자체 낙서 아이콘 + PD 사진)
F3 잡학·과학 리스트형 해설(8~15분),몽구로운 지식,UCy9SHpHGDW261-qbbwzcy4Q,121000,12,Y,A2uTb46kR94,https://www.youtube.com/watch?v=A2uTb46kR94,브라질: 왜 저희 이름이 붙었죠..?｜브라질도 몰랐던 브라질리언 왁싱의 탄생,67000,6.7만,9:35,575,2026-08-11,2개월 전,N,자체 제작,○ (자체 낙서 아이콘 + PD 사진)
F3 잡학·과학 리스트형 해설(8~15분),몽구로운 지식,UCy9SHpHGDW261-qbbwzcy4Q,121000,13,Y,Ykbi6_KVcG4,https://www.youtube.com/watch?v=Ykbi6_KVcG4,"가장 어벙하게 생긴 고대 물고기, 사카밤바스피스",230000,23만,8:16,496,2026-08-11,2개월 전,Y,자체 제작,○ (자체 낙서 아이콘 + PD 사진)
F3 잡학·과학 리스트형 해설(8~15분),몽구로운 지식,UCy9SHpHGDW261-qbbwzcy4Q,121000,14,Y,ZIxYD9lknZE,https://www.youtube.com/watch?v=ZIxYD9lknZE,미라를 도대체 어디까지 쓴 걸까..,37000,3.7만,8:31,511,2026-08-11,2개월 전,N,자체 제작,○ (자체 낙서 아이콘 + PD 사진)
F3 잡학·과학 리스트형 해설(8~15분),몽구로운 지식,UCy9SHpHGDW261-qbbwzcy4Q,121000,15,Y,xdlZ_-ppgU0,https://www.youtube.com/watch?v=xdlZ_-ppgU0,우주에서 발견된 이상한 천체들,150000,15만,9:17,557,2026-07-11,3개월 전,Y,자체 제작,○ (자체 낙서 아이콘 + PD 사진)
F3 잡학·과학 리스트형 해설(8~15분),몽구로운 지식,UCy9SHpHGDW261-qbbwzcy4Q,121000,16,Y,znG_4oiyxUU,https://www.youtube.com/watch?v=znG_4oiyxUU,세상에서 제일 이상한 상 [2탄],41000,4.1만,9:35,575,2026-07-11,3개월 전,N,자체 제작,○ (자체 낙서 아이콘 + PD 사진)
F3 잡학·과학 리스트형 해설(8~15분),몽구로운 지식,UCy9SHpHGDW261-qbbwzcy4Q,121000,17,Y,zTlFHiPIO7g,https://www.youtube.com/watch?v=zTlFHiPIO7g,"눈표범, 알고 보면 표범이 아니다?! 반전 가득한 큰 하얀 고양이",170000,17만,9:24,564,2026-07-11,3개월 전,Y,자체 제작,○ (자체 낙서 아이콘 + PD 사진)
F3 잡학·과학 리스트형 해설(8~15분),세모과학,UCWe8t83GL8J-N3a4ZF6BG-Q,193000,1,N,Kh46DQ3ghkA,https://www.youtube.com/watch?v=Kh46DQ3ghkA,“과학적으로 증명됐다”는 말을 그대로 믿어선 안 되는 이유,130000,13만,9:00,540,2026-09-29,11일 전,Y,자체 제작,○ (자체 낙서 아이콘 + PD 사진)
F3 잡학·과학 리스트형 해설(8~15분),세모과학,UCWe8t83GL8J-N3a4ZF6BG-Q,193000,2,N,bYNevR7Ttds,https://www.youtube.com/watch?v=bYNevR7Ttds,과학자들은 왜 아직 119번 원소를 만들지 못했을까?,670000,67만,11:21,681,2026-09-26,2주 전,Y,자체 제작,○ (자체 낙서 아이콘 + PD 사진)
F3 잡학·과학 리스트형 해설(8~15분),세모과학,UCWe8t83GL8J-N3a4ZF6BG-Q,193000,3,Y,i7hdde-2yxc,https://www.youtube.com/watch?v=i7hdde-2yxc,과학자들은 어떻게 빛의 한계를 넘어 반도체를 더 작게 만들었을까?,580000,58만,13:08,788,2026-09-19,3주 전,Y,자체 제작,○ (자체 낙서 아이콘 + PD 사진)
F3 잡학·과학 리스트형 해설(8~15분),세모과학,UCWe8t83GL8J-N3a4ZF6BG-Q,193000,4,Y,wTjuy0jni_Q,https://www.youtube.com/watch?v=wTjuy0jni_Q,"과학자들이 예측한 우주의 마지막, 뭐가 남을까?",480000,48만,11:03,663,2026-09-10,1개월 전,Y,자체 제작,○ (자체 낙서 아이콘 + PD 사진)
F3 잡학·과학 리스트형 해설(8~15분),세모과학,UCWe8t83GL8J-N3a4ZF6BG-Q,193000,5,Y,6aAbUvef8vA,https://www.youtube.com/watch?v=6aAbUvef8vA,한국 고등학생들이 블랙홀 열역학의 20년 난제를 풀어낸 방법,1100000,110만,21:40,1300,2026-09-10,1개월 전,Y,자체 제작,○ (자체 낙서 아이콘 + PD 사진)
F3 잡학·과학 리스트형 해설(8~15분),세모과학,UCWe8t83GL8J-N3a4ZF6BG-Q,193000,6,Y,3_sI2Ahl4ZM,https://www.youtube.com/watch?v=3_sI2Ahl4ZM,과학자들이 보이지 않는 공기 속에서 발견한 것,57000,5.7만,11:33,693,2026-08-11,2개월 전,N,자체 제작,○ (자체 낙서 아이콘 + PD 사진)
F3 잡학·과학 리스트형 해설(8~15분),세모과학,UCWe8t83GL8J-N3a4ZF6BG-Q,193000,7,Y,qEZ_K5tcoDE,https://www.youtube.com/watch?v=qEZ_K5tcoDE,"아인슈타인의 세계를 무너뜨린 숫자, 2.697",1150000,115만,12:14,734,2026-07-11,3개월 전,Y,자체 제작,○ (자체 낙서 아이콘 + PD 사진)
F3 잡학·과학 리스트형 해설(8~15분),세모과학,UCWe8t83GL8J-N3a4ZF6BG-Q,193000,8,Y,uGHKdZZhCvY,https://www.youtube.com/watch?v=uGHKdZZhCvY,"스페이스X가 꿈꾸는 3,000조짜리 화성 도시의 민낯",120000,12만,9:26,566,2026-07-11,3개월 전,Y,자체 제작,○ (자체 낙서 아이콘 + PD 사진)
F3 잡학·과학 리스트형 해설(8~15분),세모과학,UCWe8t83GL8J-N3a4ZF6BG-Q,193000,9,Y,HJlizt4OGis,https://www.youtube.com/watch?v=HJlizt4OGis,외계 문명이 이미 우리를 발견했다면 어떻게 될까?,35000,3.5만,8:07,487,2026-06-11,4개월 전,N,자체 제작,○ (자체 낙서 아이콘 + PD 사진)
F3 잡학·과학 리스트형 해설(8~15분),세모과학,UCWe8t83GL8J-N3a4ZF6BG-Q,193000,10,Y,tYfjF00KMKk,https://www.youtube.com/watch?v=tYfjF00KMKk,양자역학이 드러낸 현실의 진짜 민낯,210000,21만,8:47,527,2026-06-11,4개월 전,Y,자체 제작,○ (자체 낙서 아이콘 + PD 사진)
F3 잡학·과학 리스트형 해설(8~15분),세모과학,UCWe8t83GL8J-N3a4ZF6BG-Q,193000,11,Y,MH4cK20eUzI,https://www.youtube.com/watch?v=MH4cK20eUzI,과학자들이 아직도 보이저 1호와 통신이 가능한 이유,270000,27만,5:20,320,2026-06-11,4개월 전,Y,자체 제작,○ (자체 낙서 아이콘 + PD 사진)
F3 잡학·과학 리스트형 해설(8~15분),세모과학,UCWe8t83GL8J-N3a4ZF6BG-Q,193000,12,Y,J7LwJJeTIxE,https://www.youtube.com/watch?v=J7LwJJeTIxE,천재 과학자들이 밝혀낸 완벽한 우주의 치명적인 결함,86000,8.6만,6:21,381,2026-05-11,5개월 전,N,자체 제작,○ (자체 낙서 아이콘 + PD 사진)
F3 잡학·과학 리스트형 해설(8~15분),세모과학,UCWe8t83GL8J-N3a4ZF6BG-Q,193000,13,Y,uJj4bYcNPbE,https://www.youtube.com/watch?v=uJj4bYcNPbE,[수면다큐] 잠이 안 올 때 듣는 생물학 (1시간 30분),350000,35만,1:36:51,5811,2026-05-11,5개월 전,Y,자체 제작,○ (자체 낙서 아이콘 + PD 사진)
F3 잡학·과학 리스트형 해설(8~15분),세모과학,UCWe8t83GL8J-N3a4ZF6BG-Q,193000,14,Y,FjWzwE7KVck,https://www.youtube.com/watch?v=FjWzwE7KVck,우리는 왜 아무 보상도 없는 우주에 집착할까,39000,3.9만,4:54,294,2026-05-11,5개월 전,N,자체 제작,○ (자체 낙서 아이콘 + PD 사진)
F3 잡학·과학 리스트형 해설(8~15분),세모과학,UCWe8t83GL8J-N3a4ZF6BG-Q,193000,15,Y,DjQsEy7PbLw,https://www.youtube.com/watch?v=DjQsEy7PbLw,쥐들에게 '완벽한 천국'을 만들어주자 벌어진 기괴한 현상,36000,3.6만,5:34,334,2026-05-11,5개월 전,N,자체 제작,○ (자체 낙서 아이콘 + PD 사진)
F3 잡학·과학 리스트형 해설(8~15분),세모과학,UCWe8t83GL8J-N3a4ZF6BG-Q,193000,16,Y,Lu1vruKQTuA,https://www.youtube.com/watch?v=Lu1vruKQTuA,과학자들이 기어이 '택배'로 옮겨버린 반물질,380000,38만,8:31,511,2026-04-11,6개월 전,Y,자체 제작,○ (자체 낙서 아이콘 + PD 사진)
F3 잡학·과학 리스트형 해설(8~15분),세모과학,UCWe8t83GL8J-N3a4ZF6BG-Q,193000,17,Y,mEVsNJ6BVGY,https://www.youtube.com/watch?v=mEVsNJ6BVGY,"2600년 전, 우주에서 신을 지워버린 최초의 과학자",38000,3.8만,6:32,392,2026-04-11,6개월 전,N,자체 제작,○ (자체 낙서 아이콘 + PD 사진)
F3 잡학·과학 리스트형 해설(8~15분),지식 브런치,UCcYk_KPZZMLv_bcaSAWSSxA,993000,1,N,P4HKEJi2lbA,https://www.youtube.com/watch?v=P4HKEJi2lbA,왜 선진국은 북반구에 몰려 있을까?,900000,90만,22:25,1345,2026-10-04,6일 전,Y,자체 제작,○ (자체 낙서 아이콘 + PD 사진)
F3 잡학·과학 리스트형 해설(8~15분),지식 브런치,UCcYk_KPZZMLv_bcaSAWSSxA,993000,2,N,O0zOjMarBUg,https://www.youtube.com/watch?v=O0zOjMarBUg,중국은 어쩌다 ‘꽌시 사회’가 되었을까?,1050000,105만,21:24,1284,2026-09-27,13일 전,Y,자체 제작,○ (자체 낙서 아이콘 + PD 사진)
F3 잡학·과학 리스트형 해설(8~15분),지식 브런치,UCcYk_KPZZMLv_bcaSAWSSxA,993000,3,Y,3EV4ENpywws,https://www.youtube.com/watch?v=3EV4ENpywws,알고 나면 세상이 다르게 보이는 과학 이야기 - 과학 몰아보기 1편,500000,50만,47:27,2847,2026-09-26,2주 전,Y,자체 제작,○ (자체 낙서 아이콘 + PD 사진)
F3 잡학·과학 리스트형 해설(8~15분),지식 브런치,UCcYk_KPZZMLv_bcaSAWSSxA,993000,4,Y,-48AyBQY0pQ,https://www.youtube.com/watch?v=-48AyBQY0pQ,카레는 어떻게 영국의 국민음식이 되었을까?,540000,54만,19:47,1187,2026-09-26,2주 전,Y,자체 제작,○ (자체 낙서 아이콘 + PD 사진)
F3 잡학·과학 리스트형 해설(8~15분),지식 브런치,UCcYk_KPZZMLv_bcaSAWSSxA,993000,5,Y,VBq1n3rbZ18,https://www.youtube.com/watch?v=VBq1n3rbZ18,미국과 캐나다는 도대체 어떤 사이일까?,560000,56만,23:03,1383,2026-09-19,3주 전,Y,자체 제작,○ (자체 낙서 아이콘 + PD 사진)
F3 잡학·과학 리스트형 해설(8~15분),지식 브런치,UCcYk_KPZZMLv_bcaSAWSSxA,993000,6,Y,gM4YxX6S6KA,https://www.youtube.com/watch?v=gM4YxX6S6KA,"이슬람은 어떻게 인도네시아까지 갔고, 왜 거기서 멈췄을까?",1210000,121만,22:28,1348,2026-09-10,1개월 전,Y,자체 제작,○ (자체 낙서 아이콘 + PD 사진)
F3 잡학·과학 리스트형 해설(8~15분),지식 브런치,UCcYk_KPZZMLv_bcaSAWSSxA,993000,7,Y,kWF5eWj5TSU,https://www.youtube.com/watch?v=kWF5eWj5TSU,유카타는 어떻게 일본의 상징이 되었을까?,430000,43만,17:49,1069,2026-09-10,1개월 전,Y,자체 제작,○ (자체 낙서 아이콘 + PD 사진)
F3 잡학·과학 리스트형 해설(8~15분),지식 브런치,UCcYk_KPZZMLv_bcaSAWSSxA,993000,8,Y,suxc2hRSSXM,https://www.youtube.com/watch?v=suxc2hRSSXM,관광으로 먹고사는 나라에 산다는 건?,560000,56만,21:14,1274,2026-09-10,1개월 전,Y,자체 제작,○ (자체 낙서 아이콘 + PD 사진)
F3 잡학·과학 리스트형 해설(8~15분),지식 브런치,UCcYk_KPZZMLv_bcaSAWSSxA,993000,9,Y,5kQkgwOQ1RY,https://www.youtube.com/watch?v=5kQkgwOQ1RY,유럽에서 가장 좋은 땅을 가진 나라는 어디일까?,1460000,146만,21:05,1265,2026-09-10,1개월 전,Y,자체 제작,○ (자체 낙서 아이콘 + PD 사진)
F3 잡학·과학 리스트형 해설(8~15분),지식 브런치,UCcYk_KPZZMLv_bcaSAWSSxA,993000,10,Y,cFv2dXfVLzM,https://www.youtube.com/watch?v=cFv2dXfVLzM,장남이 다 가져갔는데⋯차남은 어떻게 살았을까,440000,44만,20:57,1257,2026-08-11,2개월 전,Y,자체 제작,○ (자체 낙서 아이콘 + PD 사진)
F3 잡학·과학 리스트형 해설(8~15분),지식 브런치,UCcYk_KPZZMLv_bcaSAWSSxA,993000,11,Y,S35ayIWBYKg,https://www.youtube.com/watch?v=S35ayIWBYKg,왜 전쟁은 혁신을 만드는가?,260000,26만,21:16,1276,2026-08-11,2개월 전,Y,자체 제작,○ (자체 낙서 아이콘 + PD 사진)
F3 잡학·과학 리스트형 해설(8~15분),지식 브런치,UCcYk_KPZZMLv_bcaSAWSSxA,993000,12,Y,8LVCYv6C458,https://www.youtube.com/watch?v=8LVCYv6C458,당연한 줄 알았던 것들의 놀라운 이유 - 사회 몰아보기 1편,160000,16만,47:30,2850,2026-08-11,2개월 전,Y,자체 제작,○ (자체 낙서 아이콘 + PD 사진)
F3 잡학·과학 리스트형 해설(8~15분),지식 브런치,UCcYk_KPZZMLv_bcaSAWSSxA,993000,13,Y,YpESF9Lea3o,https://www.youtube.com/watch?v=YpESF9Lea3o,거대 자원국은 왜 제조업을 못할까? — 호주·캐나다·러시아·브라질의 딜레마,400000,40만,22:19,1339,2026-08-11,2개월 전,Y,자체 제작,○ (자체 낙서 아이콘 + PD 사진)
F3 잡학·과학 리스트형 해설(8~15분),지식 브런치,UCcYk_KPZZMLv_bcaSAWSSxA,993000,14,Y,9Tt05OXby2M,https://www.youtube.com/watch?v=9Tt05OXby2M,왜 일본은 이토록 매뉴얼에 집착할까?,500000,50만,20:31,1231,2026-08-11,2개월 전,Y,자체 제작,○ (자체 낙서 아이콘 + PD 사진)
F3 잡학·과학 리스트형 해설(8~15분),지식 브런치,UCcYk_KPZZMLv_bcaSAWSSxA,993000,15,Y,Z0xYfFfpWNk,https://www.youtube.com/watch?v=Z0xYfFfpWNk,잃어버린 30년인데… 일본은 왜 아직도 세계 4위일까?,1280000,128만,23:46,1426,2026-07-11,3개월 전,Y,자체 제작,○ (자체 낙서 아이콘 + PD 사진)
F3 잡학·과학 리스트형 해설(8~15분),지식 브런치,UCcYk_KPZZMLv_bcaSAWSSxA,993000,16,Y,F4nZMuqaX2w,https://www.youtube.com/watch?v=F4nZMuqaX2w,성공이 너무 크면 왜 망하게 될까?  - 코닥의 딜레마,240000,24만,24:41,1481,2026-07-11,3개월 전,Y,자체 제작,○ (자체 낙서 아이콘 + PD 사진)
F3 잡학·과학 리스트형 해설(8~15분),지식 브런치,UCcYk_KPZZMLv_bcaSAWSSxA,993000,17,Y,MEDYfTWYd9M,https://www.youtube.com/watch?v=MEDYfTWYd9M,지금의 세상은 어떻게 만들어졌을까? 산업혁명부터 바나나 공화국까지(경제 몰아보기 2편),290000,29만,52:16,3136,2026-07-11,3개월 전,Y,자체 제작,○ (자체 낙서 아이콘 + PD 사진)
F3 잡학·과학 리스트형 해설(8~15분),지식코리야,UCPPmdyMlzN4pB0dTDOmQyvw,978000,1,N,1JplRaLi6Wo,https://www.youtube.com/watch?v=1JplRaLi6Wo,당신은 10분도 못 버틸 한국 실제 사건들,69000,6.9만,1:51:29,6689,2026-09-10,1개월 전,N,자체 제작,○ (자체 낙서 아이콘 + PD 사진)
F3 잡학·과학 리스트형 해설(8~15분),지식코리야,UCPPmdyMlzN4pB0dTDOmQyvw,978000,2,N,9T_CR7lJyU8,https://www.youtube.com/watch?v=9T_CR7lJyU8,임신중인 몸에 들어가면 생기는 일,270000,27만,9:50,590,2026-09-10,1개월 전,Y,자체 제작,○ (자체 낙서 아이콘 + PD 사진)
F3 잡학·과학 리스트형 해설(8~15분),지식코리야,UCPPmdyMlzN4pB0dTDOmQyvw,978000,3,Y,ooDyNFni-xQ,https://www.youtube.com/watch?v=ooDyNFni-xQ,"당신이 상상한, 우주의 끝은 틀렸습니다.",100000,10만,9:48,588,2026-08-11,2개월 전,Y,자체 제작,○ (자체 낙서 아이콘 + PD 사진)
F3 잡학·과학 리스트형 해설(8~15분),지식코리야,UCPPmdyMlzN4pB0dTDOmQyvw,978000,4,Y,HFMAahbCcyk,https://www.youtube.com/watch?v=HFMAahbCcyk,0.5초 만에 송유관으로 빨려 들어간 5명,140000,14만,9:15,555,2026-08-11,2개월 전,Y,자체 제작,○ (자체 낙서 아이콘 + PD 사진)
F3 잡학·과학 리스트형 해설(8~15분),지식코리야,UCPPmdyMlzN4pB0dTDOmQyvw,978000,5,Y,4ZCogB2k8Jo,https://www.youtube.com/watch?v=4ZCogB2k8Jo,위고비 맞은 몸에 들어가면 생기는 일,190000,19만,9:20,560,2026-08-11,2개월 전,Y,자체 제작,○ (자체 낙서 아이콘 + PD 사진)
F3 잡학·과학 리스트형 해설(8~15분),지식코리야,UCPPmdyMlzN4pB0dTDOmQyvw,978000,6,Y,_RguAiWVjZ0,https://www.youtube.com/watch?v=_RguAiWVjZ0,"99%가 모르는 지구 ""시간여행"" 몰아보기",150000,15만,2:00:20,7220,2026-08-11,2개월 전,Y,자체 제작,○ (자체 낙서 아이콘 + PD 사진)
F3 잡학·과학 리스트형 해설(8~15분),지식코리야,UCPPmdyMlzN4pB0dTDOmQyvw,978000,7,Y,MGzfylGOekc,https://www.youtube.com/watch?v=MGzfylGOekc,"당신은 절대 알지 못하는, 0.1% 정신병들",74000,7.4만,8:54,534,2026-08-11,2개월 전,N,자체 제작,○ (자체 낙서 아이콘 + PD 사진)
F3 잡학·과학 리스트형 해설(8~15분),지식코리야,UCPPmdyMlzN4pB0dTDOmQyvw,978000,8,Y,LnuR7HSx9AE,https://www.youtube.com/watch?v=LnuR7HSx9AE,당신이 절대 겪으면 안되는 최악의 순간들,110000,11만,2:23:43,8623,2026-08-11,2개월 전,Y,자체 제작,○ (자체 낙서 아이콘 + PD 사진)
F3 잡학·과학 리스트형 해설(8~15분),지식코리야,UCPPmdyMlzN4pB0dTDOmQyvw,978000,9,Y,9fGf8WmpBtw,https://www.youtube.com/watch?v=9fGf8WmpBtw,"북한군 도끼 만행, 한반도 전쟁 직전까지 갔던 그날",290000,29만,15:01,901,2026-08-11,2개월 전,Y,자체 제작,○ (자체 낙서 아이콘 + PD 사진)
F3 잡학·과학 리스트형 해설(8~15분),지식코리야,UCPPmdyMlzN4pB0dTDOmQyvw,978000,10,Y,zqS3L57CroM,https://www.youtube.com/watch?v=zqS3L57CroM,0.3초만에 증발된 5명...타이탄 잠수정 압착사고 재구성 이야기,630000,63만,9:36,576,2026-07-11,3개월 전,Y,자체 제작,○ (자체 낙서 아이콘 + PD 사진)
F3 잡학·과학 리스트형 해설(8~15분),지식코리야,UCPPmdyMlzN4pB0dTDOmQyvw,978000,11,Y,rL_itmE7PtY,https://www.youtube.com/watch?v=rL_itmE7PtY,북한 김정은의 와이프로 살면 생기는 일,100000,10만,12:22,742,2026-07-11,3개월 전,Y,자체 제작,○ (자체 낙서 아이콘 + PD 사진)
F3 잡학·과학 리스트형 해설(8~15분),지식코리야,UCPPmdyMlzN4pB0dTDOmQyvw,978000,12,Y,d8omu_HnhsY,https://www.youtube.com/watch?v=d8omu_HnhsY,드럼통 생매장을 당하면 생기는 일,290000,29만,10:45,645,2026-07-11,3개월 전,Y,자체 제작,○ (자체 낙서 아이콘 + PD 사진)
F3 잡학·과학 리스트형 해설(8~15분),지식코리야,UCPPmdyMlzN4pB0dTDOmQyvw,978000,13,Y,33ItZza4BNo,https://www.youtube.com/watch?v=33ItZza4BNo,인간이 느낄 수 있는 최악의 고통 1위,460000,46만,9:23,563,2026-06-11,4개월 전,Y,자체 제작,○ (자체 낙서 아이콘 + PD 사진)
F3 잡학·과학 리스트형 해설(8~15분),지식코리야,UCPPmdyMlzN4pB0dTDOmQyvw,978000,14,Y,dK1qfx2tcFQ,https://www.youtube.com/watch?v=dK1qfx2tcFQ,당신이 겪는다면 아무것도 못할 한국 우주인 추락 사건,59000,5.9만,8:46,526,2026-06-11,4개월 전,N,자체 제작,○ (자체 낙서 아이콘 + PD 사진)
F3 잡학·과학 리스트형 해설(8~15분),지식코리야,UCPPmdyMlzN4pB0dTDOmQyvw,978000,15,Y,fXo5zdDpuRg,https://www.youtube.com/watch?v=fXo5zdDpuRg,잠들기 전까지 궁금한 우주 탐험 시리즈 몰아보기 [수면영상가능],77000,7.7만,3:02:06,10926,2026-06-11,4개월 전,N,자체 제작,○ (자체 낙서 아이콘 + PD 사진)
F3 잡학·과학 리스트형 해설(8~15분),지식코리야,UCPPmdyMlzN4pB0dTDOmQyvw,978000,16,Y,RjIut26VsZw,https://www.youtube.com/watch?v=RjIut26VsZw,3일간 '북한 김주애'로 살면 생기는 일,570000,57만,8:19,499,2026-06-11,4개월 전,Y,자체 제작,○ (자체 낙서 아이콘 + PD 사진)
F3 잡학·과학 리스트형 해설(8~15분),지식코리야,UCPPmdyMlzN4pB0dTDOmQyvw,978000,17,Y,pH0Rw0y2g84,https://www.youtube.com/watch?v=pH0Rw0y2g84,우주 끝까지 올라 간다면.. 충격적인 신체 변화 4단계,180000,18만,8:04,484,2026-06-11,4개월 전,Y,자체 제작,○ (자체 낙서 아이콘 + PD 사진)
F3 잡학·과학 리스트형 해설(8~15분),지식사피엔스,UCZWt0u8awgmaTkQ_N8xgQWQ,109000,1,N,-QivcP5hxCk,https://www.youtube.com/watch?v=-QivcP5hxCk,세상에서 가장 쉬운 양자역학 강의 l 음악버전,350000,35만,1:23:00,4980,2026-07-11,3개월 전,Y,자체 제작,○ (자체 낙서 아이콘 + PD 사진)
F3 잡학·과학 리스트형 해설(8~15분),지식사피엔스,UCZWt0u8awgmaTkQ_N8xgQWQ,109000,2,N,dPlVKaXnqvM,https://www.youtube.com/watch?v=dPlVKaXnqvM,세상에서 가장 쉬운 양자역학 강의 l 음악X,97000,9.7만,1:23:00,4980,2026-07-11,3개월 전,N,자체 제작,○ (자체 낙서 아이콘 + PD 사진)
F3 잡학·과학 리스트형 해설(8~15분),지식사피엔스,UCZWt0u8awgmaTkQ_N8xgQWQ,109000,3,Y,2pNXDMk5smY,https://www.youtube.com/watch?v=2pNXDMk5smY,이 세상은 정말 매트릭스로 되어있을까? l 양자역학 마지막 이야기 6편,13000,1.3만,9:43,583,2026-06-11,4개월 전,N,자체 제작,○ (자체 낙서 아이콘 + PD 사진)
F3 잡학·과학 리스트형 해설(8~15분),지식사피엔스,UCZWt0u8awgmaTkQ_N8xgQWQ,109000,4,Y,FIl1HPqMG4c,https://www.youtube.com/watch?v=FIl1HPqMG4c,살지도 죽지도 못하는 불쌍한 고양이 l 양자역학 5편,2900,2.9천,11:34,694,2026-06-11,4개월 전,N,자체 제작,○ (자체 낙서 아이콘 + PD 사진)
F3 잡학·과학 리스트형 해설(8~15분),지식사피엔스,UCZWt0u8awgmaTkQ_N8xgQWQ,109000,5,Y,q5GTfyEO4vU,https://www.youtube.com/watch?v=q5GTfyEO4vU,양자역학은 왜 달이 없다고 하는걸까? l 양자역학 4편,3300,3.3천,17:37,1057,2026-06-11,4개월 전,N,자체 제작,○ (자체 낙서 아이콘 + PD 사진)
F3 잡학·과학 리스트형 해설(8~15분),지식사피엔스,UCZWt0u8awgmaTkQ_N8xgQWQ,109000,6,Y,q1ynIdgOXO8,https://www.youtube.com/watch?v=q1ynIdgOXO8,원자가 보여주는 기상천외한 행동 l 양자역학 3편,5600,5.6천,14:27,867,2026-06-11,4개월 전,N,자체 제작,○ (자체 낙서 아이콘 + PD 사진)
F3 잡학·과학 리스트형 해설(8~15분),지식사피엔스,UCZWt0u8awgmaTkQ_N8xgQWQ,109000,7,Y,-qnXWg0enWE,https://www.youtube.com/watch?v=-qnXWg0enWE,"원자는 텅 비었는데, 세상은 왜 꽉 차 보일까? l 양자역학 2편",8800,8.8천,11:30,690,2026-05-11,5개월 전,N,자체 제작,○ (자체 낙서 아이콘 + PD 사진)
F3 잡학·과학 리스트형 해설(8~15분),지식사피엔스,UCZWt0u8awgmaTkQ_N8xgQWQ,109000,8,Y,dB0aPAwGEWk,https://www.youtube.com/watch?v=dB0aPAwGEWk,"양자역학 입문 전, 최소한 이건 알아야 합니다 l 고전역학 20분 뽀개기 l 양자역학 1편",5200,5.2천,21:07,1267,2026-05-11,5개월 전,N,자체 제작,○ (자체 낙서 아이콘 + PD 사진)
F3 잡학·과학 리스트형 해설(8~15분),지식사피엔스,UCZWt0u8awgmaTkQ_N8xgQWQ,109000,9,Y,xPMr0nbCuwI,https://www.youtube.com/watch?v=xPMr0nbCuwI,우리가 보는 색깔의 정체,2200,2.2천,16:10,970,2026-05-11,5개월 전,N,자체 제작,○ (자체 낙서 아이콘 + PD 사진)
F3 잡학·과학 리스트형 해설(8~15분),지식사피엔스,UCZWt0u8awgmaTkQ_N8xgQWQ,109000,10,Y,Qz0SokPQxoo,https://www.youtube.com/watch?v=Qz0SokPQxoo,피사의 사탑에 숨겨진 놀라운 비밀,2000,2천,15:03,903,2026-05-11,5개월 전,N,자체 제작,○ (자체 낙서 아이콘 + PD 사진)
F3 잡학·과학 리스트형 해설(8~15분),지식사피엔스,UCZWt0u8awgmaTkQ_N8xgQWQ,109000,11,Y,dvJB4XphsZo,https://www.youtube.com/watch?v=dvJB4XphsZo,"수면용 우주 영상, 우리 태양계의 놀라운 이야기 l 음악 버전",23000,2.3만,1:31:59,5519,2026-04-11,6개월 전,N,자체 제작,○ (자체 낙서 아이콘 + PD 사진)
F3 잡학·과학 리스트형 해설(8~15분),지식사피엔스,UCZWt0u8awgmaTkQ_N8xgQWQ,109000,12,Y,JOGao2h3z_Q,https://www.youtube.com/watch?v=JOGao2h3z_Q,"보이지 않는 벽으로 태양계 주위를 감싸는 결계 l  카이퍼벨트(명왕성), 오르트구름 l 태양계 9편",4900,4.9천,11:20,680,2026-04-11,6개월 전,N,자체 제작,○ (자체 낙서 아이콘 + PD 사진)
F3 잡학·과학 리스트형 해설(8~15분),지식사피엔스,UCZWt0u8awgmaTkQ_N8xgQWQ,109000,13,Y,IXfn4KOhurI,https://www.youtube.com/watch?v=IXfn4KOhurI,"수면용 우주 영상, 우리 태양계의 놀라운 이야기 l 음악없는 버전",2200,2.2천,1:31:43,5503,2026-04-11,6개월 전,N,자체 제작,○ (자체 낙서 아이콘 + PD 사진)
F3 잡학·과학 리스트형 해설(8~15분),지식사피엔스,UCZWt0u8awgmaTkQ_N8xgQWQ,109000,14,Y,zRSu9pxjd0k,https://www.youtube.com/watch?v=zRSu9pxjd0k,"천왕성, 해왕성의 기이한 실제 모습 l 태양계 8편",52000,5.2만,10:52,652,2026-04-11,6개월 전,N,자체 제작,○ (자체 낙서 아이콘 + PD 사진)
F3 잡학·과학 리스트형 해설(8~15분),지식사피엔스,UCZWt0u8awgmaTkQ_N8xgQWQ,109000,15,Y,4h1yNxPcRic,https://www.youtube.com/watch?v=4h1yNxPcRic,"오직 빛만이 가지는 소름돋는 비밀 2가지 l 양자역학 다큐, 수면 다큐",28000,2.8만,20:48,1248,2026-04-11,6개월 전,N,자체 제작,○ (자체 낙서 아이콘 + PD 사진)
F3 잡학·과학 리스트형 해설(8~15분),지식사피엔스,UCZWt0u8awgmaTkQ_N8xgQWQ,109000,16,Y,N4I1iSSD0zc,https://www.youtube.com/watch?v=N4I1iSSD0zc,놀라운 토성 고리의 정체 l 태양계 7편,11000,1.1만,11:26,686,2026-03-12,7개월 전,N,자체 제작,○ (자체 낙서 아이콘 + PD 사진)
F3 잡학·과학 리스트형 해설(8~15분),지식사피엔스,UCZWt0u8awgmaTkQ_N8xgQWQ,109000,17,Y,d24iK6Dln8c,https://www.youtube.com/watch?v=d24iK6Dln8c,목성의 구름 속 모습 l 목성은 당신의 생각과는 많이 다릅니다 l 태양계 6편,100000,10만,14:17,857,2026-03-12,7개월 전,Y,자체 제작,○ (자체 낙서 아이콘 + PD 사진)
F3 잡학·과학 리스트형 해설(8~15분),신비과학,UCeB5gOEtei531B5Q3cmn7eg,40800,1,N,7gbFVzeES2M,https://www.youtube.com/watch?v=7gbFVzeES2M,달의 궤도에서 지구 8배 크기의 이상한 존재가 발견되었습니다. ,20000,2만,6:38,398,2026-05-11,5개월 전,N,자체 제작,○ (자체 낙서 아이콘 + PD 사진)
F3 잡학·과학 리스트형 해설(8~15분),신비과학,UCeB5gOEtei531B5Q3cmn7eg,40800,2,N,Uv3r7Eifg7o,https://www.youtube.com/watch?v=Uv3r7Eifg7o,과학자들은 과거와 미래가 연결되는 '시간 초월'현상을 관측했습니다.,24000,2.4만,8:22,502,2026-05-11,5개월 전,N,자체 제작,○ (자체 낙서 아이콘 + PD 사진)
F3 잡학·과학 리스트형 해설(8~15분),신비과학,UCeB5gOEtei531B5Q3cmn7eg,40800,3,Y,9O__0fMnIhg,https://www.youtube.com/watch?v=9O__0fMnIhg,과학자들은 이전 우주에 존재했던 블랙홀의 흔적을 발견했습니다.,19000,1.9만,9:25,565,2026-04-11,6개월 전,N,자체 제작,○ (자체 낙서 아이콘 + PD 사진)
F3 잡학·과학 리스트형 해설(8~15분),신비과학,UCeB5gOEtei531B5Q3cmn7eg,40800,4,Y,i2tieTFAZMc,https://www.youtube.com/watch?v=i2tieTFAZMc,과학자들은 하나의 물질이 두 곳에 동시에 나타나는 현상을 확인했습니다.,17000,1.7만,9:27,567,2026-04-11,6개월 전,N,자체 제작,○ (자체 낙서 아이콘 + PD 사진)
F3 잡학·과학 리스트형 해설(8~15분),신비과학,UCeB5gOEtei531B5Q3cmn7eg,40800,5,Y,ldt15Cg45aU,https://www.youtube.com/watch?v=ldt15Cg45aU,과학자들은 빛보다 빠르게 움직이는 존재를 처음으로 확인했습니다.,30000,3만,8:01,481,2026-04-11,6개월 전,N,자체 제작,○ (자체 낙서 아이콘 + PD 사진)
F3 잡학·과학 리스트형 해설(8~15분),신비과학,UCeB5gOEtei531B5Q3cmn7eg,40800,6,Y,SJQn1JYbnlA,https://www.youtube.com/watch?v=SJQn1JYbnlA,인류 멸종 5만년 후...외계 문명이 지구에서 발견하게 되는 것 5가지,7400,7.4천,7:31,451,2026-04-11,6개월 전,N,자체 제작,○ (자체 낙서 아이콘 + PD 사진)
F3 잡학·과학 리스트형 해설(8~15분),신비과학,UCeB5gOEtei531B5Q3cmn7eg,40800,7,Y,yd8Oq6vAZZY,https://www.youtube.com/watch?v=yd8Oq6vAZZY,우주에서 별이 갑자기 사라졌습니다. 그 자리엔 기묘한 흔적이 남아 있었습니다.,16000,1.6만,8:25,505,2026-03-12,7개월 전,N,자체 제작,○ (자체 낙서 아이콘 + PD 사진)
F3 잡학·과학 리스트형 해설(8~15분),신비과학,UCeB5gOEtei531B5Q3cmn7eg,40800,8,Y,5vp2ysrTOMs,https://www.youtube.com/watch?v=5vp2ysrTOMs,"태양계 파괴까지 단 5개월, 인류가 마지막으로 보게 될 장면은 이렇습니다",23000,2.3만,13:27,807,2026-03-12,7개월 전,N,자체 제작,○ (자체 낙서 아이콘 + PD 사진)
F3 잡학·과학 리스트형 해설(8~15분),신비과학,UCeB5gOEtei531B5Q3cmn7eg,40800,9,Y,AJuUf1CLzSc,https://www.youtube.com/watch?v=AJuUf1CLzSc,깊게 잠드는 우주 이야기 3시간 | 생명체가 존재할 수 있는 외계 행성들,190000,19만,2:42:35,9755,2026-03-12,7개월 전,Y,자체 제작,○ (자체 낙서 아이콘 + PD 사진)
F3 잡학·과학 리스트형 해설(8~15분),신비과학,UCeB5gOEtei531B5Q3cmn7eg,40800,10,Y,CeRwHHCnDlM,https://www.youtube.com/watch?v=CeRwHHCnDlM,스티븐 호킹의 입증되지 않은 소름 돋는 이론 6가지 [수면다큐 EP.2] | 10분 만에 꿀잠 (60분 풀버전),12000,1.2만,1:09:46,4186,2026-02-09,8개월 전,N,자체 제작,○ (자체 낙서 아이콘 + PD 사진)
F3 잡학·과학 리스트형 해설(8~15분),신비과학,UCeB5gOEtei531B5Q3cmn7eg,40800,11,Y,JhgodGPq8Jc,https://www.youtube.com/watch?v=JhgodGPq8Jc,[수면 우주 다큐] 눈 감고 듣는 138억 년의 시간여행 [EP.1 빅뱅 이전부터 생명의 탄생까지],18000,1.8만,1:32:56,5576,2026-02-09,8개월 전,N,자체 제작,○ (자체 낙서 아이콘 + PD 사진)
F3 잡학·과학 리스트형 해설(8~15분),신비과학,UCeB5gOEtei531B5Q3cmn7eg,40800,12,Y,6FyXTAEBsHk,https://www.youtube.com/watch?v=6FyXTAEBsHk,과학자들은 지구를 관찰하는 미지의 존재의 흔적을 발견했습니다.(네이쳐 공식),17000,1.7만,5:22,322,2025-11-10,11개월 전,N,자체 제작,○ (자체 낙서 아이콘 + PD 사진)
F3 잡학·과학 리스트형 해설(8~15분),신비과학,UCeB5gOEtei531B5Q3cmn7eg,40800,13,Y,KooNfS5JYRE,https://www.youtube.com/watch?v=KooNfS5JYRE,과학자들은 우주 공간에서 이해할 수 없는 코드값을 발견했습니다.,11000,1.1만,4:26,266,2025-11-10,11개월 전,N,자체 제작,○ (자체 낙서 아이콘 + PD 사진)
F3 잡학·과학 리스트형 해설(8~15분),신비과학,UCeB5gOEtei531B5Q3cmn7eg,40800,14,Y,2n290nv6Wf0,https://www.youtube.com/watch?v=2n290nv6Wf0,"""혜성의 탈을 쓴 외계 문명인가"".. 3I/ATLAS 실물 포착에 학계 발칵 (2025.10.10/SBN 과학뉴스)",18000,1.8만,5:15,315,2025-10-10,1년 전,N,자체 제작,○ (자체 낙서 아이콘 + PD 사진)
F3 잡학·과학 리스트형 해설(8~15분),신비과학,UCeB5gOEtei531B5Q3cmn7eg,40800,15,Y,qxocFE2cR1s,https://www.youtube.com/watch?v=qxocFE2cR1s,"실제로 과학자들이 가장 두려워한다는, 우주 미해결 사건들 5가지",18000,1.8만,8:02,482,2025-10-10,1년 전,N,자체 제작,○ (자체 낙서 아이콘 + PD 사진)
F3 잡학·과학 리스트형 해설(8~15분),신비과학,UCeB5gOEtei531B5Q3cmn7eg,40800,16,Y,CVGS1a9K_qU,https://www.youtube.com/watch?v=CVGS1a9K_qU,과학자들은 이론상 허용되지 않는 존재불가능한 입자를 발견했습니다.,14000,1.4만,8:40,520,2025-10-10,1년 전,N,자체 제작,○ (자체 낙서 아이콘 + PD 사진)
F3 잡학·과학 리스트형 해설(8~15분),신비과학,UCeB5gOEtei531B5Q3cmn7eg,40800,17,Y,W57RwQQ0a50,https://www.youtube.com/watch?v=W57RwQQ0a50,과학자들이 온도를 극한까지 내리자 음의 질량을 가진 이상한 물질이 나타났습니다.,20000,2만,10:18,618,2025-10-10,1년 전,N,자체 제작,○ (자체 낙서 아이콘 + PD 사진)
F4 세계에서 가장 ○○한 N곳·TOP 랭킹(15~40분),Top 10 미스터리,UCBQukQxcr51BRhrXOBNUdMQ,21300,1,N,j0mVQT48R2E,https://www.youtube.com/watch?v=j0mVQT48R2E,세상에서 가장 위험한 장소 20곳… 사람들은 왜 이런 곳에서 살아갈까?,11000,1.1만,40:38,2438,2026-10-10,10시간 전,N,자체 제작,○ (Commons/Pexels/NASA/NOAA 사진·영상)
F4 세계에서 가장 ○○한 N곳·TOP 랭킹(15~40분),Top 10 미스터리,UCBQukQxcr51BRhrXOBNUdMQ,21300,2,N,hc49q8D_Xuk,https://www.youtube.com/watch?v=hc49q8D_Xuk,"목숨을 걸어야 탈 수 있다… 세계에서 가장 위험한 철도 16곳, 죽음의 철길을 따라가다",63000,6.3만,39:48,2388,2026-10-07,3일 전,N,자체 제작,○ (Commons/Pexels/NASA/NOAA 사진·영상)
F4 세계에서 가장 ○○한 N곳·TOP 랭킹(15~40분),Top 10 미스터리,UCBQukQxcr51BRhrXOBNUdMQ,21300,3,Y,xBbkbyhxMQI,https://www.youtube.com/watch?v=xBbkbyhxMQI,중국 깊숙이 숨겨진 마을들… 현실이라고 믿기 힘든 동화 같은 풍경,130000,13만,41:07,2467,2026-10-06,4일 전,Y,자체 제작,○ (Commons/Pexels/NASA/NOAA 사진·영상)
F4 세계에서 가장 ○○한 N곳·TOP 랭킹(15~40분),Top 10 미스터리,UCBQukQxcr51BRhrXOBNUdMQ,21300,4,Y,YFseh_4ZWrM,https://www.youtube.com/watch?v=YFseh_4ZWrM,세계에서 가장 위험한 건축물 20곳… 보는 순간 경이로움에 말을 잃는다,76000,7.6만,40:09,2409,2026-10-03,7일 전,N,자체 제작,○ (Commons/Pexels/NASA/NOAA 사진·영상)
F4 세계에서 가장 ○○한 N곳·TOP 랭킹(15~40분),Top 10 미스터리,UCBQukQxcr51BRhrXOBNUdMQ,21300,5,Y,KcSO9j4x-A8,https://www.youtube.com/watch?v=KcSO9j4x-A8,인도가 중국에 도전한다… 인간의 한계를 넘어선 인도의 초대형 건축물 10가지,9800,9.8천,38:02,2282,2026-10-01,9일 전,N,자체 제작,○ (Commons/Pexels/NASA/NOAA 사진·영상)
F4 세계에서 가장 ○○한 N곳·TOP 랭킹(15~40분),Top 10 미스터리,UCBQukQxcr51BRhrXOBNUdMQ,21300,6,Y,fTOQjiBNa7A,https://www.youtube.com/watch?v=fTOQjiBNa7A,"세계에서 가장 높고 거대한 다리 18곳… 롯데월드타워보다 높은 다리도 있다, 18위부터 왕좌까지, 인간이 만든 규모가 믿기지 않는다",13000,1.3만,45:14,2714,2026-09-30,10일 전,N,자체 제작,○ (Commons/Pexels/NASA/NOAA 사진·영상)
F4 세계에서 가장 ○○한 N곳·TOP 랭킹(15~40분),Top 10 미스터리,UCBQukQxcr51BRhrXOBNUdMQ,21300,7,Y,KnsT6_yhoog,https://www.youtube.com/watch?v=KnsT6_yhoog,중국에 이런 곳이 있었다고? 믿기 힘든 숨겨진 장소 20곳,46000,4.6만,37:45,2265,2026-09-28,12일 전,N,자체 제작,○ (Commons/Pexels/NASA/NOAA 사진·영상)
F4 세계에서 가장 ○○한 N곳·TOP 랭킹(15~40분),Top 10 미스터리,UCBQukQxcr51BRhrXOBNUdMQ,21300,8,Y,QySQx9l6pZE,https://www.youtube.com/watch?v=QySQx9l6pZE,세계에서 가장 긴 다리 13곳… 서울에서 대전까지 이어지는 믿을 수 없는 길이,540000,54만,31:26,1886,2026-09-26,2주 전,Y,자체 제작,○ (Commons/Pexels/NASA/NOAA 사진·영상)
F4 세계에서 가장 ○○한 N곳·TOP 랭킹(15~40분),Top 10 미스터리,UCBQukQxcr51BRhrXOBNUdMQ,21300,9,Y,fNcmcuXkvAU,https://www.youtube.com/watch?v=fNcmcuXkvAU,중국에 이런 곳이 있다고? 지구가 아닌 것처럼 보이는 기괴한 지질 경관 15곳,66000,6.6만,34:51,2091,2026-09-26,2주 전,N,자체 제작,○ (Commons/Pexels/NASA/NOAA 사진·영상)
F4 세계에서 가장 ○○한 N곳·TOP 랭킹(15~40분),Top 10 미스터리,UCBQukQxcr51BRhrXOBNUdMQ,21300,10,Y,nI5-2qzcTtE,https://www.youtube.com/watch?v=nI5-2qzcTtE,세계에서 가장 위험한 길 20곳… 절대 운전해서는 안 되는 곳들,36000,3.6만,43:06,2586,2026-09-26,2주 전,N,자체 제작,○ (Commons/Pexels/NASA/NOAA 사진·영상)
F4 세계에서 가장 ○○한 N곳·TOP 랭킹(15~40분),Top 10 미스터리,UCBQukQxcr51BRhrXOBNUdMQ,21300,11,Y,Wudek-8reW4,https://www.youtube.com/watch?v=Wudek-8reW4,"중국에서 가장 위험한 절벽 위 죽음의 길 15곳, 목숨을 걸어야만 건널 수 있다",43000,4.3만,35:47,2147,2026-09-26,2주 전,N,자체 제작,○ (Commons/Pexels/NASA/NOAA 사진·영상)
F4 세계에서 가장 ○○한 N곳·TOP 랭킹(15~40분),Top 10 미스터리,UCBQukQxcr51BRhrXOBNUdMQ,21300,12,Y,8IJEobDqWqk,https://www.youtube.com/watch?v=8IJEobDqWqk,세계에서 가장 위험한 곳 15곳… 목숨을 걸고 이곳에 살 수 있겠는가?,54000,5.4만,35:39,2139,2026-09-19,3주 전,N,자체 제작,○ (Commons/Pexels/NASA/NOAA 사진·영상)
F4 세계에서 가장 ○○한 N곳·TOP 랭킹(15~40분),Top 10 미스터리,UCBQukQxcr51BRhrXOBNUdMQ,21300,13,Y,e_fT1YsBcK0,https://www.youtube.com/watch?v=e_fT1YsBcK0,세계에서 가장 기괴하고 재앙 같은 건축물 15곳… 수억 달러를 쓰고도 왜 이렇게 됐을까?,97000,9.7만,37:19,2239,2026-09-19,3주 전,N,자체 제작,○ (Commons/Pexels/NASA/NOAA 사진·영상)
F4 세계에서 가장 ○○한 N곳·TOP 랭킹(15~40분),Top 10 미스터리,UCBQukQxcr51BRhrXOBNUdMQ,21300,14,Y,wkRsv8z8_Lg,https://www.youtube.com/watch?v=wkRsv8z8_Lg,"세계에서 가장 위험한 길 15곳, 목숨을 걸고 지나가야 합니다",1360000,136만,38:07,2287,2026-09-19,3주 전,Y,자체 제작,○ (Commons/Pexels/NASA/NOAA 사진·영상)
F4 세계에서 가장 ○○한 N곳·TOP 랭킹(15~40분),Top 10 미스터리,UCBQukQxcr51BRhrXOBNUdMQ,21300,15,Y,rZlgyUu8iLE,https://www.youtube.com/watch?v=rZlgyUu8iLE,"중국에서 가장 위험한 절벽 위 건축물 10곳, 도대체 어떻게 지었을까? 아름다움에 감탄하는 순간 목숨을 걸어야 한다",210000,21만,36:49,2209,2026-09-19,3주 전,Y,자체 제작,○ (Commons/Pexels/NASA/NOAA 사진·영상)
F4 세계에서 가장 ○○한 N곳·TOP 랭킹(15~40분),Top 10 미스터리,UCBQukQxcr51BRhrXOBNUdMQ,21300,16,Y,3--yeRrc0w8,https://www.youtube.com/watch?v=3--yeRrc0w8,인간은 어떻게 이런 곳에 다리를 만들었을까? 세계에서 가장 경이로운 다리 20곳,220000,22만,36:25,2185,2026-09-12,4주 전,Y,자체 제작,○ (Commons/Pexels/NASA/NOAA 사진·영상)
F4 세계에서 가장 ○○한 N곳·TOP 랭킹(15~40분),Top 10 미스터리,UCBQukQxcr51BRhrXOBNUdMQ,21300,17,Y,8fDViiUAHrU,https://www.youtube.com/watch?v=8fDViiUAHrU,인류에서 가장 ‘죄 많은’ 나라? 대홍수는 천재일까 업보일까? 네팔의 충격적인 미신 10가지,2800,2.8천,36:04,2164,2026-09-12,4주 전,N,자체 제작,○ (Commons/Pexels/NASA/NOAA 사진·영상)
F4 세계에서 가장 ○○한 N곳·TOP 랭킹(15~40분),궁금소,UC7_VkIW7nhIurDTfy-lWPDg,1000000,1,N,sC6TVFhJKMY,https://www.youtube.com/watch?v=sC6TVFhJKMY,"""독일 차의 시대는 끝났다"" 독일 자동차 3사가 몰락하는 이유",200000,20만,9:33,573,2026-09-27,13일 전,Y,자체 제작,○ (Commons/Pexels/NASA/NOAA 사진·영상)
F4 세계에서 가장 ○○한 N곳·TOP 랭킹(15~40분),궁금소,UC7_VkIW7nhIurDTfy-lWPDg,1000000,2,N,pWw72h35z3g,https://www.youtube.com/watch?v=pWw72h35z3g,왜 이 나라들은 이혼을 이렇게 많이 할까? 결혼보다 이혼이 쉬운 나라 TOP 10,61000,6.1만,15:36,936,2026-09-26,2주 전,N,자체 제작,○ (Commons/Pexels/NASA/NOAA 사진·영상)
F4 세계에서 가장 ○○한 N곳·TOP 랭킹(15~40분),궁금소,UC7_VkIW7nhIurDTfy-lWPDg,1000000,3,Y,wJSnaUdKN3Y,https://www.youtube.com/watch?v=wJSnaUdKN3Y,가장 가난한 나라.. 부룬디는 어쩌다 이 지경까지 됐을까?,200000,20만,10:17,617,2026-09-19,3주 전,Y,자체 제작,○ (Commons/Pexels/NASA/NOAA 사진·영상)
F4 세계에서 가장 ○○한 N곳·TOP 랭킹(15~40분),궁금소,UC7_VkIW7nhIurDTfy-lWPDg,1000000,4,Y,Kgn8UmAwV2M,https://www.youtube.com/watch?v=Kgn8UmAwV2M,'쓰레기'라 욕먹던 M16이 어떻게 세계적인 '국민총'이 됐을까?,420000,42만,9:39,579,2026-09-10,1개월 전,Y,자체 제작,○ (Commons/Pexels/NASA/NOAA 사진·영상)
F4 세계에서 가장 ○○한 N곳·TOP 랭킹(15~40분),궁금소,UC7_VkIW7nhIurDTfy-lWPDg,1000000,5,Y,0J_VP7krKmE,https://www.youtube.com/watch?v=0J_VP7krKmE,"[몰아보기] 부국에서 빈국으로, 파산 위기의 국가들 전 영상 몰아보기",260000,26만,47:29,2849,2026-09-10,1개월 전,Y,자체 제작,○ (Commons/Pexels/NASA/NOAA 사진·영상)
F4 세계에서 가장 ○○한 N곳·TOP 랭킹(15~40분),궁금소,UC7_VkIW7nhIurDTfy-lWPDg,1000000,6,Y,Jfu5nw6qWak,https://www.youtube.com/watch?v=Jfu5nw6qWak,[실제영상] 눈 앞에서 공중 분해 .. 73초 챌린저호의 비극,44000,4.4만,18:03,1083,2026-09-10,1개월 전,N,자체 제작,○ (Commons/Pexels/NASA/NOAA 사진·영상)
F4 세계에서 가장 ○○한 N곳·TOP 랭킹(15~40분),궁금소,UC7_VkIW7nhIurDTfy-lWPDg,1000000,7,Y,p9bnLXvM8dE,https://www.youtube.com/watch?v=p9bnLXvM8dE,"""차라리 북한으로 가겠습니다"" 지도에서 지워진 금기의 땅, 에리트레아의 비극",450000,45만,13:26,806,2026-08-11,2개월 전,Y,자체 제작,○ (Commons/Pexels/NASA/NOAA 사진·영상)
F4 세계에서 가장 ○○한 N곳·TOP 랭킹(15~40분),궁금소,UC7_VkIW7nhIurDTfy-lWPDg,1000000,8,Y,XUWYpCTBJp4,https://www.youtube.com/watch?v=XUWYpCTBJp4,수천억 명화를 다 불태워야 했던 억만장자… 피카소의 숨겨진 비극,12000,1.2만,11:43,703,2026-08-11,2개월 전,N,자체 제작,○ (Commons/Pexels/NASA/NOAA 사진·영상)
F4 세계에서 가장 ○○한 N곳·TOP 랭킹(15~40분),궁금소,UC7_VkIW7nhIurDTfy-lWPDg,1000000,9,Y,z-KMz99czYE,https://www.youtube.com/watch?v=z-KMz99czYE,아시아 2위 필리핀은 왜 한국에 완전히 역전 당했을까?,110000,11만,10:22,622,2026-08-11,2개월 전,Y,자체 제작,○ (Commons/Pexels/NASA/NOAA 사진·영상)
F4 세계에서 가장 ○○한 N곳·TOP 랭킹(15~40분),궁금소,UC7_VkIW7nhIurDTfy-lWPDg,1000000,10,Y,j--BsVfzh-Q,https://www.youtube.com/watch?v=j--BsVfzh-Q,한 편으로 보는 일본 전체 역사,610000,61만,21:25,1285,2026-07-11,3개월 전,Y,자체 제작,○ (Commons/Pexels/NASA/NOAA 사진·영상)
F4 세계에서 가장 ○○한 N곳·TOP 랭킹(15~40분),궁금소,UC7_VkIW7nhIurDTfy-lWPDg,1000000,11,Y,JhvXWlmH45k,https://www.youtube.com/watch?v=JhvXWlmH45k,누가 그를 죽였나? 이태원 화장실 살인사건,650000,65만,17:32,1052,2026-07-11,3개월 전,Y,자체 제작,○ (Commons/Pexels/NASA/NOAA 사진·영상)
F4 세계에서 가장 ○○한 N곳·TOP 랭킹(15~40분),궁금소,UC7_VkIW7nhIurDTfy-lWPDg,1000000,12,Y,vbaKkj33Lbw,https://www.youtube.com/watch?v=vbaKkj33Lbw,"전 세계에서 가장 많이 사람을 죽인, 가장 완벽하고 끔찍한 발명품, AK-47",140000,14만,9:33,573,2026-07-11,3개월 전,Y,자체 제작,○ (Commons/Pexels/NASA/NOAA 사진·영상)
F4 세계에서 가장 ○○한 N곳·TOP 랭킹(15~40분),궁금소,UC7_VkIW7nhIurDTfy-lWPDg,1000000,13,Y,GGMkS0AkbaQ,https://www.youtube.com/watch?v=GGMkS0AkbaQ,행복지수 1위 북유럽의 숨겨진 몰락… 진짜 행복할까?,57000,5.7만,10:12,612,2026-06-11,4개월 전,N,자체 제작,○ (Commons/Pexels/NASA/NOAA 사진·영상)
F4 세계에서 가장 ○○한 N곳·TOP 랭킹(15~40분),궁금소,UC7_VkIW7nhIurDTfy-lWPDg,1000000,14,Y,VlB54KW9oVI,https://www.youtube.com/watch?v=VlB54KW9oVI,지구에서 인간의 출입이 금지된 구역 8곳,1800000,180만,18:38,1118,2026-06-11,4개월 전,Y,자체 제작,○ (Commons/Pexels/NASA/NOAA 사진·영상)
F4 세계에서 가장 ○○한 N곳·TOP 랭킹(15~40분),궁금소,UC7_VkIW7nhIurDTfy-lWPDg,1000000,15,Y,ErrH3pAn6-Y,https://www.youtube.com/watch?v=ErrH3pAn6-Y,초지능 AI의 등장과 인류의 종말 시나리오,140000,14만,8:27,507,2026-06-11,4개월 전,Y,자체 제작,○ (Commons/Pexels/NASA/NOAA 사진·영상)
F4 세계에서 가장 ○○한 N곳·TOP 랭킹(15~40분),궁금소,UC7_VkIW7nhIurDTfy-lWPDg,1000000,16,Y,NXCrweawxRY,https://www.youtube.com/watch?v=NXCrweawxRY,피라미드 세운 나라가 왜 지금 파산 직전의 상태가 됐나?,160000,16만,9:38,578,2026-05-11,5개월 전,Y,자체 제작,○ (Commons/Pexels/NASA/NOAA 사진·영상)
F4 세계에서 가장 ○○한 N곳·TOP 랭킹(15~40분),궁금소,UC7_VkIW7nhIurDTfy-lWPDg,1000000,17,Y,ImFFuFffhiQ,https://www.youtube.com/watch?v=ImFFuFffhiQ,"""차라리 탈영하고 싶다"" 러시아로 팔려 간 북한군의 처참한 실체",240000,24만,11:41,701,2026-05-11,5개월 전,Y,자체 제작,○ (Commons/Pexels/NASA/NOAA 사진·영상)
F4 세계에서 가장 ○○한 N곳·TOP 랭킹(15~40분),생존연구소,UCsU3fr78Lyzjp2RGLoQIdbw,1110000,1,N,4_s9ckd-rgE,https://www.youtube.com/watch?v=4_s9ckd-rgE,100도 오븐에 들어간 두 남자의 최후,305,305,1:52:16,6736,2026-10-10,1시간 전,N,자체 제작,○ (Commons/Pexels/NASA/NOAA 사진·영상)
F4 세계에서 가장 ○○한 N곳·TOP 랭킹(15~40분),생존연구소,UCsU3fr78Lyzjp2RGLoQIdbw,1110000,2,N,VoIy0BvhCWo,https://www.youtube.com/watch?v=VoIy0BvhCWo,신이 실패한 인간의 충격적인 몸 상태,260000,26만,51:43,3103,2026-10-03,7일 전,Y,자체 제작,○ (Commons/Pexels/NASA/NOAA 사진·영상)
F4 세계에서 가장 ○○한 N곳·TOP 랭킹(15~40분),생존연구소,UCsU3fr78Lyzjp2RGLoQIdbw,1110000,3,Y,upJmubgkNs8,https://www.youtube.com/watch?v=upJmubgkNs8,폭발하면 인류가 멸망하는 슈퍼화산 TOP4,62000,6.2만,1:00:41,3641,2026-09-29,11일 전,N,자체 제작,○ (Commons/Pexels/NASA/NOAA 사진·영상)
F4 세계에서 가장 ○○한 N곳·TOP 랭킹(15~40분),생존연구소,UCsU3fr78Lyzjp2RGLoQIdbw,1110000,4,Y,CdPSe8qTnt8,https://www.youtube.com/watch?v=CdPSe8qTnt8,결국 절대 만들면 안되는 것을 만들어버렸다,180000,18만,1:05:26,3926,2026-09-26,2주 전,Y,자체 제작,○ (Commons/Pexels/NASA/NOAA 사진·영상)
F4 세계에서 가장 ○○한 N곳·TOP 랭킹(15~40분),생존연구소,UCsU3fr78Lyzjp2RGLoQIdbw,1110000,5,Y,Zxl2D3t4wvU,https://www.youtube.com/watch?v=Zxl2D3t4wvU,인간이 '화성 이주'가 절대 불가능한 진짜 이유,160000,16만,1:46:03,6363,2026-09-26,2주 전,Y,자체 제작,○ (Commons/Pexels/NASA/NOAA 사진·영상)
F4 세계에서 가장 ○○한 N곳·TOP 랭킹(15~40분),생존연구소,UCsU3fr78Lyzjp2RGLoQIdbw,1110000,6,Y,rkuBYirWNG0,https://www.youtube.com/watch?v=rkuBYirWNG0,과학자들이 최종적으로 발표한 '지구멸망날짜',83000,8.3만,34:13,2053,2026-09-26,2주 전,N,자체 제작,○ (Commons/Pexels/NASA/NOAA 사진·영상)
F4 세계에서 가장 ○○한 N곳·TOP 랭킹(15~40분),생존연구소,UCsU3fr78Lyzjp2RGLoQIdbw,1110000,7,Y,uLiYnQiWhz8,https://www.youtube.com/watch?v=uLiYnQiWhz8,한국인이 가면 잡혀가는 나라들,96000,9.6만,48:04,2884,2026-09-26,2주 전,N,자체 제작,○ (Commons/Pexels/NASA/NOAA 사진·영상)
F4 세계에서 가장 ○○한 N곳·TOP 랭킹(15~40분),생존연구소,UCsU3fr78Lyzjp2RGLoQIdbw,1110000,8,Y,YScYAsDbSqs,https://www.youtube.com/watch?v=YScYAsDbSqs,인종이 나누어진 충격적인 진짜 이유,110000,11만,1:01:37,3697,2026-09-19,3주 전,Y,자체 제작,○ (Commons/Pexels/NASA/NOAA 사진·영상)
F4 세계에서 가장 ○○한 N곳·TOP 랭킹(15~40분),생존연구소,UCsU3fr78Lyzjp2RGLoQIdbw,1110000,9,Y,oaSMn-rNCis,https://www.youtube.com/watch?v=oaSMn-rNCis,현재 시베리아 얼음이 녹으며 발견되고 있는 소름끼치는 광경,1560000,156만,41:44,2504,2026-09-19,3주 전,Y,자체 제작,○ (Commons/Pexels/NASA/NOAA 사진·영상)
F4 세계에서 가장 ○○한 N곳·TOP 랭킹(15~40분),생존연구소,UCsU3fr78Lyzjp2RGLoQIdbw,1110000,10,Y,6ziiIPU3c9M,https://www.youtube.com/watch?v=6ziiIPU3c9M,절대 복원되면 안되는 '2000년전 고대컴퓨터' 발견,370000,37만,52:39,3159,2026-09-12,4주 전,Y,자체 제작,○ (Commons/Pexels/NASA/NOAA 사진·영상)
F4 세계에서 가장 ○○한 N곳·TOP 랭킹(15~40분),생존연구소,UCsU3fr78Lyzjp2RGLoQIdbw,1110000,11,Y,oGVRJCBsFGQ,https://www.youtube.com/watch?v=oGVRJCBsFGQ,히말라야 8100m 추락사고 '실시간 라이브',100000,10만,1:46:36,6396,2026-09-10,1개월 전,Y,자체 제작,○ (Commons/Pexels/NASA/NOAA 사진·영상)
F4 세계에서 가장 ○○한 N곳·TOP 랭킹(15~40분),생존연구소,UCsU3fr78Lyzjp2RGLoQIdbw,1110000,12,Y,wNIhwzO3UYM,https://www.youtube.com/watch?v=wNIhwzO3UYM,인간과 침팬지 이종교배로 '신인류 만들기',300000,30만,50:46,3046,2026-09-10,1개월 전,Y,자체 제작,○ (Commons/Pexels/NASA/NOAA 사진·영상)
F4 세계에서 가장 ○○한 N곳·TOP 랭킹(15~40분),생존연구소,UCsU3fr78Lyzjp2RGLoQIdbw,1110000,13,Y,laJYuMfVJtM,https://www.youtube.com/watch?v=laJYuMfVJtM,현재 한국인이 목숨걸고 멸종시키려는 존재,330000,33만,53:41,3221,2026-09-10,1개월 전,Y,자체 제작,○ (Commons/Pexels/NASA/NOAA 사진·영상)
F4 세계에서 가장 ○○한 N곳·TOP 랭킹(15~40분),생존연구소,UCsU3fr78Lyzjp2RGLoQIdbw,1110000,14,Y,HwhJBU0H6Es,https://www.youtube.com/watch?v=HwhJBU0H6Es,북극에 존재했다는 전설의 문명,130000,13만,51:57,3117,2026-09-10,1개월 전,Y,자체 제작,○ (Commons/Pexels/NASA/NOAA 사진·영상)
F4 세계에서 가장 ○○한 N곳·TOP 랭킹(15~40분),생존연구소,UCsU3fr78Lyzjp2RGLoQIdbw,1110000,15,Y,DnS6X01mW6k,https://www.youtube.com/watch?v=DnS6X01mW6k,사람을 먹으면 안되는 '진짜 이유',500000,50만,1:06:04,3964,2026-09-10,1개월 전,Y,자체 제작,○ (Commons/Pexels/NASA/NOAA 사진·영상)
F4 세계에서 가장 ○○한 N곳·TOP 랭킹(15~40분),생존연구소,UCsU3fr78Lyzjp2RGLoQIdbw,1110000,16,Y,aFnd9JCfw8Y,https://www.youtube.com/watch?v=aFnd9JCfw8Y,후쿠시마 원전 폭발에 나타난 UFO,260000,26만,55:56,3356,2026-09-10,1개월 전,Y,자체 제작,○ (Commons/Pexels/NASA/NOAA 사진·영상)
F4 세계에서 가장 ○○한 N곳·TOP 랭킹(15~40분),생존연구소,UCsU3fr78Lyzjp2RGLoQIdbw,1110000,17,Y,QEFecG79h0E,https://www.youtube.com/watch?v=QEFecG79h0E,'인체의 신비' 전시장에 박제된 임신한 '아나운서',1120000,112만,51:50,3110,2026-09-10,1개월 전,Y,자체 제작,○ (Commons/Pexels/NASA/NOAA 사진·영상)
F4 세계에서 가장 ○○한 N곳·TOP 랭킹(15~40분),산소DOCU,UC5ZnBgQdDGQ37fDLFdpb6wA,129000,1,N,F2m_ehxYDiQ,https://www.youtube.com/watch?v=F2m_ehxYDiQ,중국의 황당한 건축물 Top 7 - 도대체 왜 이렇게 만들었을까?,500000,50만,16:23,983,2026-10-08,2일 전,Y,자체 제작,○ (Commons/Pexels/NASA/NOAA 사진·영상)
F4 세계에서 가장 ○○한 N곳·TOP 랭킹(15~40분),산소DOCU,UC5ZnBgQdDGQ37fDLFdpb6wA,129000,2,N,1yEb6RlO_z8,https://www.youtube.com/watch?v=1yEb6RlO_z8,전 세계에서 가장 탈옥하기 힘든 교도소 TOP 7,7600,7.6천,15:52,952,2026-10-02,8일 전,N,자체 제작,○ (Commons/Pexels/NASA/NOAA 사진·영상)
F4 세계에서 가장 ○○한 N곳·TOP 랭킹(15~40분),산소DOCU,UC5ZnBgQdDGQ37fDLFdpb6wA,129000,3,Y,G-F74epVq4w,https://www.youtube.com/watch?v=G-F74epVq4w,"미국이 밝히는, 2026년 전 세계 145개 국가의 군사력 순위 공개!",58000,5.8만,44:38,2678,2026-09-26,2주 전,N,자체 제작,○ (Commons/Pexels/NASA/NOAA 사진·영상)
F4 세계에서 가장 ○○한 N곳·TOP 랭킹(15~40분),산소DOCU,UC5ZnBgQdDGQ37fDLFdpb6wA,129000,4,Y,73f8Hvz8EVE,https://www.youtube.com/watch?v=73f8Hvz8EVE,도대체 왜 저렇게 하는 걸까? 세계의 황당한 전통 TOP 5,2400,2.4천,12:54,774,2026-09-26,2주 전,N,자체 제작,○ (Commons/Pexels/NASA/NOAA 사진·영상)
F4 세계에서 가장 ○○한 N곳·TOP 랭킹(15~40분),산소DOCU,UC5ZnBgQdDGQ37fDLFdpb6wA,129000,5,Y,KG8supgDLHI,https://www.youtube.com/watch?v=KG8supgDLHI,전 세계 초대형 빈민가 TOP 7｜수백만 명이 살아가는 또 하나의 도시,26000,2.6만,16:13,973,2026-09-19,3주 전,N,자체 제작,○ (Commons/Pexels/NASA/NOAA 사진·영상)
F4 세계에서 가장 ○○한 N곳·TOP 랭킹(15~40분),산소DOCU,UC5ZnBgQdDGQ37fDLFdpb6wA,129000,6,Y,EN8b2YFLe4o,https://www.youtube.com/watch?v=EN8b2YFLe4o,세상에는 이런 직업도 있습니다… 가장 특이한 직업 TOP 10,2100,2.1천,16:15,975,2026-09-19,3주 전,N,자체 제작,○ (Commons/Pexels/NASA/NOAA 사진·영상)
F4 세계에서 가장 ○○한 N곳·TOP 랭킹(15~40분),산소DOCU,UC5ZnBgQdDGQ37fDLFdpb6wA,129000,7,Y,nl9vgiZRrdc,https://www.youtube.com/watch?v=nl9vgiZRrdc,"[몰랐던 이야기] 이혼보다 해고가 어려운 나라, 이탈리아의 몰락!",15000,1.5만,11:38,698,2026-09-19,3주 전,N,자체 제작,○ (Commons/Pexels/NASA/NOAA 사진·영상)
F4 세계에서 가장 ○○한 N곳·TOP 랭킹(15~40분),산소DOCU,UC5ZnBgQdDGQ37fDLFdpb6wA,129000,8,Y,rdkGSsqxWGM,https://www.youtube.com/watch?v=rdkGSsqxWGM,"[몰랐던 이야기] 햇빛 0%, 밀도 8000% - 구룡채성의 충격적인 내부",25000,2.5만,16:56,1016,2026-09-12,4주 전,N,자체 제작,○ (Commons/Pexels/NASA/NOAA 사진·영상)
F4 세계에서 가장 ○○한 N곳·TOP 랭킹(15~40분),산소DOCU,UC5ZnBgQdDGQ37fDLFdpb6wA,129000,9,Y,cUOpArwEwvs,https://www.youtube.com/watch?v=cUOpArwEwvs,짓자마자 무너졌다.. 중국 최악의 건축 참사 Top 10,130000,13만,19:42,1182,2026-09-10,1개월 전,Y,자체 제작,○ (Commons/Pexels/NASA/NOAA 사진·영상)
F4 세계에서 가장 ○○한 N곳·TOP 랭킹(15~40분),산소DOCU,UC5ZnBgQdDGQ37fDLFdpb6wA,129000,10,Y,NVv3ONS5ESU,https://www.youtube.com/watch?v=NVv3ONS5ESU,인간이 살 수 없는 곳에서 살아가는 사람들… 지구상 최악의 거주지 Top 7,53000,5.3만,16:23,983,2026-09-10,1개월 전,N,자체 제작,○ (Commons/Pexels/NASA/NOAA 사진·영상)
F4 세계에서 가장 ○○한 N곳·TOP 랭킹(15~40분),산소DOCU,UC5ZnBgQdDGQ37fDLFdpb6wA,129000,11,Y,-PBGu4e8FhI,https://www.youtube.com/watch?v=-PBGu4e8FhI,[몰랐던 이야기] 삼겹살이 마늘보다 싸다? 중국 '돼지고기 가격 폭락'의 비밀,1800,1.8천,8:40,520,2026-09-10,1개월 전,N,자체 제작,○ (Commons/Pexels/NASA/NOAA 사진·영상)
F4 세계에서 가장 ○○한 N곳·TOP 랭킹(15~40분),산소DOCU,UC5ZnBgQdDGQ37fDLFdpb6wA,129000,12,Y,xm_XeH8CTWw,https://www.youtube.com/watch?v=xm_XeH8CTWw,인류가 도시를 만들며 저지른 7가지 치명적인 실수 - 수조 원이 증발한 도시계획,8900,8.9천,13:46,826,2026-09-10,1개월 전,N,자체 제작,○ (Commons/Pexels/NASA/NOAA 사진·영상)
F4 세계에서 가장 ○○한 N곳·TOP 랭킹(15~40분),산소DOCU,UC5ZnBgQdDGQ37fDLFdpb6wA,129000,13,Y,D7LlLuwPT40,https://www.youtube.com/watch?v=D7LlLuwPT40,"[몰랐던 이야기] 교화를 완벽히 포기한 러시아 '블랙 돌핀 교도소', 수감자 700명이 3,500명 살해",76000,7.6만,9:32,572,2026-09-10,1개월 전,N,자체 제작,○ (Commons/Pexels/NASA/NOAA 사진·영상)
F4 세계에서 가장 ○○한 N곳·TOP 랭킹(15~40분),산소DOCU,UC5ZnBgQdDGQ37fDLFdpb6wA,129000,14,Y,Hm9RR_2sQxM,https://www.youtube.com/watch?v=Hm9RR_2sQxM,전 세계 최악의 교통지옥 TOP7 - 목숨 걸고 출근하는 사람들,53000,5.3만,15:10,910,2026-09-10,1개월 전,N,자체 제작,○ (Commons/Pexels/NASA/NOAA 사진·영상)
F4 세계에서 가장 ○○한 N곳·TOP 랭킹(15~40분),산소DOCU,UC5ZnBgQdDGQ37fDLFdpb6wA,129000,15,Y,0ou4aPqMstU,https://www.youtube.com/watch?v=0ou4aPqMstU,"[몰랐던 이야기] ""석유 고갈""은 거짓? 아직도 콸콸 쏟아지는 놀라운 진짜 이유",18000,1.8만,10:44,644,2026-09-10,1개월 전,N,자체 제작,○ (Commons/Pexels/NASA/NOAA 사진·영상)
F4 세계에서 가장 ○○한 N곳·TOP 랭킹(15~40분),산소DOCU,UC5ZnBgQdDGQ37fDLFdpb6wA,129000,16,Y,Ty7NMUkNWhA,https://www.youtube.com/watch?v=Ty7NMUkNWhA,"한국인들은 당연하게 여기지만, 외국인들이 가장 부러워하는 대한민국의 축복 10가지",100000,10만,19:11,1151,2026-08-11,2개월 전,Y,자체 제작,○ (Commons/Pexels/NASA/NOAA 사진·영상)
F4 세계에서 가장 ○○한 N곳·TOP 랭킹(15~40분),산소DOCU,UC5ZnBgQdDGQ37fDLFdpb6wA,129000,17,Y,4AejrHZafVQ,https://www.youtube.com/watch?v=4AejrHZafVQ,움직이는 빌딩? 인간이 만든 가장 거대한 괴물 농기계 7선,240000,24만,15:12,912,2026-08-11,2개월 전,Y,자체 제작,○ (Commons/Pexels/NASA/NOAA 사진·영상)
F5 우주 다큐·우주 수면 다큐(30분~3시간),우주의 발견,UC0lJDV9wY5C6FJfKrEkRlYQ,222000,1,N,sHty0xxdsr8,https://www.youtube.com/watch?v=sHty0xxdsr8,공룡 멸종 이후의 지구 (확장판: 1시간 40분)｜지구상 최대 규모의 멸종 사건 #우주다큐 #수면다큐?,33000,3.3만,1:40:32,6032,2026-10-10,23시간 전,N,"자체 제작(추정, 스톡·번역 의심)",○ (NASA·ESA/Webb CC BY)
F5 우주 다큐·우주 수면 다큐(30분~3시간),우주의 발견,UC0lJDV9wY5C6FJfKrEkRlYQ,222000,2,N,4bBdU9m9olg,https://www.youtube.com/watch?v=4bBdU9m9olg,페르미 역설에 대한 해결책이 왜 무섭게 느껴질까요? (확장판: 1시간 15분)｜과학자들은 자신들이 틀렸기를 바랍니다. Fermi paradox #우주다큐 #수면다큐?,73000,7.3만,1:15:58,4558,2026-10-05,5일 전,N,"자체 제작(추정, 스톡·번역 의심)",○ (NASA·ESA/Webb CC BY)
F5 우주 다큐·우주 수면 다큐(30분~3시간),우주의 발견,UC0lJDV9wY5C6FJfKrEkRlYQ,222000,3,Y,veLhw-OX-BE,https://www.youtube.com/watch?v=veLhw-OX-BE,"제임스웹이 ""우주를 찢고"" 질주하는 거대한 물체를 포착했다.｜(확장판: 46분) 실제 블랙홀의 모습. #우주다큐 #수면다큐?",64000,6.4만,46:09,2769,2026-10-03,7일 전,N,"자체 제작(추정, 스톡·번역 의심)",○ (NASA·ESA/Webb CC BY)
F5 우주 다큐·우주 수면 다큐(30분~3시간),우주의 발견,UC0lJDV9wY5C6FJfKrEkRlYQ,222000,4,Y,31lOTglwBhs,https://www.youtube.com/watch?v=31lOTglwBhs,우주여행이 사실상 불가능한 이유｜(풀버젼: 1시간 25분) 빛의 속도를 넘어서면 어떤 일이 벌어질지에 대한 견해 #우주다큐 #수면다큐?,690000,69만,1:25:28,5128,2026-09-28,12일 전,Y,"자체 제작(추정, 스톡·번역 의심)",○ (NASA·ESA/Webb CC BY)
F5 우주 다큐·우주 수면 다큐(30분~3시간),우주의 발견,UC0lJDV9wY5C6FJfKrEkRlYQ,222000,5,Y,YbIFrg_AKps,https://www.youtube.com/watch?v=YbIFrg_AKps,4K로 보는 화성｜(확장판: 1시간 30분) 실제 화성탐사로버가 촬영한 화성의 실제 사진 Mars #우주다큐 #수면다큐?,310000,31만,1:29:02,5342,2026-09-27,13일 전,Y,"자체 제작(추정, 스톡·번역 의심)",○ (NASA·ESA/Webb CC BY)
F5 우주 다큐·우주 수면 다큐(30분~3시간),우주의 발견,UC0lJDV9wY5C6FJfKrEkRlYQ,222000,6,Y,tWW-gkptgOQ,https://www.youtube.com/watch?v=tWW-gkptgOQ,우리는 어떻게 보이저 탐사선과 여전히 연락을 유지하고 있는 걸까?｜(풀버젼: 1시간 16분) 보이저는 얼마나 멀리까지 갈 수 있을까요? Voyager #우주다큐 #수면다큐?,53000,5.3만,1:16:41,4601,2026-09-26,2주 전,N,"자체 제작(추정, 스톡·번역 의심)",○ (NASA·ESA/Webb CC BY)
F5 우주 다큐·우주 수면 다큐(30분~3시간),우주의 발견,UC0lJDV9wY5C6FJfKrEkRlYQ,222000,7,Y,-JFtSqbvbgM,https://www.youtube.com/watch?v=-JFtSqbvbgM,"우리는 왜 ""태양계 위""쪽으로 올라갈 수 없을까요?｜(풀버젼: 1시간 20분)태양계의 위와 아래에 무엇이 있는지 알게 되면 깜짝 놀라실 것입니다. #우주다큐 #수면다큐?",130000,13만,1:21:58,4918,2026-09-26,2주 전,Y,"자체 제작(추정, 스톡·번역 의심)",○ (NASA·ESA/Webb CC BY)
F5 우주 다큐·우주 수면 다큐(30분~3시간),우주의 발견,UC0lJDV9wY5C6FJfKrEkRlYQ,222000,8,Y,OuWtl1dBsmY,https://www.youtube.com/watch?v=OuWtl1dBsmY,달에서 최대 2700억톤 물의 존재 발견｜달 기지 개발에 희소식(풀버전: 1시간36분)｜태양과 지구 그리고 달 #우주다큐 #수면다큐?,360000,36만,1:36:31,5791,2026-09-26,2주 전,Y,"자체 제작(추정, 스톡·번역 의심)",○ (NASA·ESA/Webb CC BY)
F5 우주 다큐·우주 수면 다큐(30분~3시간),우주의 발견,UC0lJDV9wY5C6FJfKrEkRlYQ,222000,9,Y,OdnPuJDMKAM,https://www.youtube.com/watch?v=OdnPuJDMKAM,우주여행이 사실상 불가능한 이유｜빛의 속도를 넘어서면 어떤 일이 벌어질지에 대한 견해 #우주다큐 #수면다큐?,210000,21만,22:36,1356,2026-09-19,3주 전,Y,"자체 제작(추정, 스톡·번역 의심)",○ (NASA·ESA/Webb CC BY)
F5 우주 다큐·우주 수면 다큐(30분~3시간),우주의 발견,UC0lJDV9wY5C6FJfKrEkRlYQ,222000,10,Y,VI5-uUwSwJ8,https://www.youtube.com/watch?v=VI5-uUwSwJ8,NASA의 새로운 망원경이 물리학 법칙을 뒤흔들 수도 있다.｜허블보다 100배 뛰어난 낸시 그레이스 로먼 우주망원경 #우주다큐 #수면다큐?,83000,8.3만,23:19,1399,2026-09-12,4주 전,N,"자체 제작(추정, 스톡·번역 의심)",○ (NASA·ESA/Webb CC BY)
F5 우주 다큐·우주 수면 다큐(30분~3시간),우주의 발견,UC0lJDV9wY5C6FJfKrEkRlYQ,222000,11,Y,Wn4q0ImtwPM,https://www.youtube.com/watch?v=Wn4q0ImtwPM,우리는 어떻게 보이저 탐사선과 여전히 연락을 유지하고 있는 걸까?｜보이저는 얼마나 멀리까지 갈 수 있을까요? Voyager #우주다큐 #수면다큐?,290000,29만,17:41,1061,2026-09-10,1개월 전,Y,"자체 제작(추정, 스톡·번역 의심)",○ (NASA·ESA/Webb CC BY)
F5 우주 다큐·우주 수면 다큐(30분~3시간),우주의 발견,UC0lJDV9wY5C6FJfKrEkRlYQ,222000,12,Y,BRWk1MtFb0w,https://www.youtube.com/watch?v=BRWk1MtFb0w,우리는 '금의 기원'에 대해 잘못 알고 있었다.｜금은 실제로 어디서 왔을까? GOLD #우주다큐 #수면다큐?,100000,10만,15:19,919,2026-09-10,1개월 전,Y,"자체 제작(추정, 스톡·번역 의심)",○ (NASA·ESA/Webb CC BY)
F5 우주 다큐·우주 수면 다큐(30분~3시간),우주의 발견,UC0lJDV9wY5C6FJfKrEkRlYQ,222000,13,Y,kY05tJsXKbI,https://www.youtube.com/watch?v=kY05tJsXKbI,"제임스 웹, 우주를 찢고 질주하는 거대한 물체를 포착했다.｜이것들은 진짜입니다. #우주다큐 #수면다큐?",160000,16만,16:13,973,2026-09-10,1개월 전,Y,"자체 제작(추정, 스톡·번역 의심)",○ (NASA·ESA/Webb CC BY)
F5 우주 다큐·우주 수면 다큐(30분~3시간),우주의 발견,UC0lJDV9wY5C6FJfKrEkRlYQ,222000,14,Y,Of7PWHzGjww,https://www.youtube.com/watch?v=Of7PWHzGjww,"우리는 왜 ""태양계 위""쪽으로 올라갈 수 없을까요?｜태양계의 위와 아래에 무엇이 있는지 알게 되면 깜짝 놀라실 것입니다. #우주다큐 #수면다큐?",1790000,179만,20:17,1217,2026-09-10,1개월 전,Y,"자체 제작(추정, 스톡·번역 의심)",○ (NASA·ESA/Webb CC BY)
F5 우주 다큐·우주 수면 다큐(30분~3시간),우주의 발견,UC0lJDV9wY5C6FJfKrEkRlYQ,222000,15,Y,EMntVOhMChE,https://www.youtube.com/watch?v=EMntVOhMChE,주노탐사선이 '직접 촬영한' 목성의 실제 이미지 (풀버전: 1시간37분)  #Jupiter #우주다큐 #수면다큐?,150000,15만,1:37:54,5874,2026-09-10,1개월 전,Y,"자체 제작(추정, 스톡·번역 의심)",○ (NASA·ESA/Webb CC BY)
F5 우주 다큐·우주 수면 다큐(30분~3시간),우주의 발견,UC0lJDV9wY5C6FJfKrEkRlYQ,222000,16,Y,20gkIJkjf3g,https://www.youtube.com/watch?v=20gkIJkjf3g,외계 소행성 샘플안에서 예상치 못한 것들을 보았습니다. (풀버전: 70분)｜#베누소행성 #우주다큐 #수면다큐?,6800,6.8천,1:11:54,4314,2026-09-10,1개월 전,N,"자체 제작(추정, 스톡·번역 의심)",○ (NASA·ESA/Webb CC BY)
F5 우주 다큐·우주 수면 다큐(30분~3시간),우주의 발견,UC0lJDV9wY5C6FJfKrEkRlYQ,222000,17,Y,iDgxP4tmrQg,https://www.youtube.com/watch?v=iDgxP4tmrQg,마리아나 해구에는 정상적인 것이 하나도 없습니다. (풀버전: 67분)｜지구상 가장 깊은 곳에는 무엇이 있을까요? #마리아나_해구 #우주다큐 #수면다큐?,510000,51만,1:07:25,4045,2026-09-10,1개월 전,Y,"자체 제작(추정, 스톡·번역 의심)",○ (NASA·ESA/Webb CC BY)
F5 우주 다큐·우주 수면 다큐(30분~3시간),우주플리즈,UCWomfLmjKS84mxcdm0EKbpA,162000,1,N,ytM8xJMJDWU,https://www.youtube.com/watch?v=ytM8xJMJDWU,"과학자들이 30년 넘게 찾아왔던 천체, 드디어 우리 은하 안에서 발견했다",89000,8.9만,10:10,610,2026-10-09,1일 전,N,자체 제작,○ (NASA·ESA/Webb CC BY)
F5 우주 다큐·우주 수면 다큐(30분~3시간),우주플리즈,UCWomfLmjKS84mxcdm0EKbpA,162000,2,N,deARlT7xgQg,https://www.youtube.com/watch?v=deARlT7xgQg,과학자들이 발견한 가장 어린 행성! 태어난 지 100만 년도 안 됐다,100000,10만,10:46,646,2026-10-02,8일 전,Y,자체 제작,○ (NASA·ESA/Webb CC BY)
F5 우주 다큐·우주 수면 다큐(30분~3시간),우주플리즈,UCWomfLmjKS84mxcdm0EKbpA,162000,3,Y,J_R7S1XOe9s,https://www.youtube.com/watch?v=J_R7S1XOe9s,허블 우주망원경이 29년 만에 같은 곳을 다시 촬영하자 놀라운 것이 보였다 I 우주 수면 다큐 2시간 몰아보기,350000,35만,2:03:19,7399,2026-09-26,2주 전,Y,자체 제작,○ (NASA·ESA/Webb CC BY)
F5 우주 다큐·우주 수면 다큐(30분~3시간),우주플리즈,UCWomfLmjKS84mxcdm0EKbpA,162000,4,Y,_SuCzKLGEpo,https://www.youtube.com/watch?v=_SuCzKLGEpo,과학자들이 우리 은하 안에서 가장 빠른 별을 발견했다 I 우주 수면 다큐 1시간 몰아보기,240000,24만,58:18,3498,2026-09-26,2주 전,Y,자체 제작,○ (NASA·ESA/Webb CC BY)
F5 우주 다큐·우주 수면 다큐(30분~3시간),우주플리즈,UCWomfLmjKS84mxcdm0EKbpA,162000,5,Y,q5kDfFc2DvY,https://www.youtube.com/watch?v=q5kDfFc2DvY,과학자들이 우리 은하에서 불과 60년 전에 만들어진 쌍성계를 발견했다,65000,6.5만,10:07,607,2026-09-26,2주 전,N,자체 제작,○ (NASA·ESA/Webb CC BY)
F5 우주 다큐·우주 수면 다큐(30분~3시간),우주플리즈,UCWomfLmjKS84mxcdm0EKbpA,162000,6,Y,zoFW4FKbUME,https://www.youtube.com/watch?v=zoFW4FKbUME,허블 우주망원경이 29년 만에 같은 곳을 다시 촬영하자 놀라운 것이 보였다,700000,70만,11:30,690,2026-09-19,3주 전,Y,자체 제작,○ (NASA·ESA/Webb CC BY)
F5 우주 다큐·우주 수면 다큐(30분~3시간),우주플리즈,UCWomfLmjKS84mxcdm0EKbpA,162000,7,Y,3NJq3S5vUNI,https://www.youtube.com/watch?v=3NJq3S5vUNI,허블보다 100배 넓게 보는 새로운 우주망원경,61000,6.1만,12:57,777,2026-09-12,4주 전,N,자체 제작,○ (NASA·ESA/Webb CC BY)
F5 우주 다큐·우주 수면 다큐(30분~3시간),우주플리즈,UCWomfLmjKS84mxcdm0EKbpA,162000,8,Y,qEwrhhCCzx0,https://www.youtube.com/watch?v=qEwrhhCCzx0,과학자들이 우리 은하 안에서 가장 빠른 별을 발견했다,340000,34만,17:50,1070,2026-09-10,1개월 전,Y,자체 제작,○ (NASA·ESA/Webb CC BY)
F5 우주 다큐·우주 수면 다큐(30분~3시간),우주플리즈,UCWomfLmjKS84mxcdm0EKbpA,162000,9,Y,zirBvXkZjos,https://www.youtube.com/watch?v=zirBvXkZjos,최근 제임스 웹 우주망원경으로 본 우리 은하 중심부,82000,8.2만,14:30,870,2026-09-10,1개월 전,N,자체 제작,○ (NASA·ESA/Webb CC BY)
F5 우주 다큐·우주 수면 다큐(30분~3시간),우주플리즈,UCWomfLmjKS84mxcdm0EKbpA,162000,10,Y,SwZ5GXGQzpA,https://www.youtube.com/watch?v=SwZ5GXGQzpA,실제 화성 모습 (실제 화성에 착륙해서 촬영한 사진과 영상들) I 우주 수면 다큐 2시간 몰아보기,45000,4.5만,1:52:28,6748,2026-09-10,1개월 전,N,자체 제작,○ (NASA·ESA/Webb CC BY)
F5 우주 다큐·우주 수면 다큐(30분~3시간),우주플리즈,UCWomfLmjKS84mxcdm0EKbpA,162000,11,Y,KoFZLouEGyk,https://www.youtube.com/watch?v=KoFZLouEGyk,제임스 웹 우주망원경이 아주 먼 우주에서 발견한 수상한 천체,48000,4.8만,12:01,721,2026-09-10,1개월 전,N,자체 제작,○ (NASA·ESA/Webb CC BY)
F5 우주 다큐·우주 수면 다큐(30분~3시간),우주플리즈,UCWomfLmjKS84mxcdm0EKbpA,162000,12,Y,ytFpuwDXtAU,https://www.youtube.com/watch?v=ytFpuwDXtAU,실제 화성 모습 (실제 화성에 착륙해서 촬영한 사진과 영상들),91000,9.1만,10:00,600,2026-09-10,1개월 전,N,자체 제작,○ (NASA·ESA/Webb CC BY)
F5 우주 다큐·우주 수면 다큐(30분~3시간),우주플리즈,UCWomfLmjKS84mxcdm0EKbpA,162000,13,Y,yxsWb-jwdbo,https://www.youtube.com/watch?v=yxsWb-jwdbo,최근 촬영된 실제 화성 모습,9600,9.6천,8:03,483,2026-08-11,2개월 전,N,자체 제작,○ (NASA·ESA/Webb CC BY)
F5 우주 다큐·우주 수면 다큐(30분~3시간),우주플리즈,UCWomfLmjKS84mxcdm0EKbpA,162000,14,Y,lCn-UnwtuWw,https://www.youtube.com/watch?v=lCn-UnwtuWw,왜 우주의 모든 것은 회전하고 있을까? I 우주 수면 다큐 90분 몰아보기,62000,6.2만,1:29:28,5368,2026-08-11,2개월 전,N,자체 제작,○ (NASA·ESA/Webb CC BY)
F5 우주 다큐·우주 수면 다큐(30분~3시간),우주플리즈,UCWomfLmjKS84mxcdm0EKbpA,162000,15,Y,-gFwTKZ5gbQ,https://www.youtube.com/watch?v=-gFwTKZ5gbQ,최근 제임스 웹 우주망원경이 촬영한 행성 탄생 현장,40000,4만,10:00,600,2026-08-11,2개월 전,N,자체 제작,○ (NASA·ESA/Webb CC BY)
F5 우주 다큐·우주 수면 다큐(30분~3시간),우주플리즈,UCWomfLmjKS84mxcdm0EKbpA,162000,16,Y,MxIcIeMPiFo,https://www.youtube.com/watch?v=MxIcIeMPiFo,제임스 웹 우주망원경이 최근 공개한 우주 사진,63000,6.3만,9:10,550,2026-07-11,3개월 전,N,자체 제작,○ (NASA·ESA/Webb CC BY)
F5 우주 다큐·우주 수면 다큐(30분~3시간),우주플리즈,UCWomfLmjKS84mxcdm0EKbpA,162000,17,Y,AIZn8ORvt1w,https://www.youtube.com/watch?v=AIZn8ORvt1w,과학자들이 우리 은하 안에서 또 다른 은하의 흔적을 발견했다,40000,4만,14:35,875,2026-07-11,3개월 전,N,자체 제작,○ (NASA·ESA/Webb CC BY)
F5 우주 다큐·우주 수면 다큐(30분~3시간),우주아저씨,UCmHof0uMcf-KZOZfxmbRrOw,327000,1,N,9U1QzRpBYKg,https://www.youtube.com/watch?v=9U1QzRpBYKg,블랙홀 사진은 어떻게 찍었는가,34000,3.4만,30:06,1806,2026-10-10,23시간 전,N,자체 제작,○ (NASA·ESA/Webb CC BY)
F5 우주 다큐·우주 수면 다큐(30분~3시간),우주아저씨,UCmHof0uMcf-KZOZfxmbRrOw,327000,2,N,kKQ3viBhGSI,https://www.youtube.com/watch?v=kKQ3viBhGSI,카시니 탐사선은 왜 스스로 토성에 처박혔는가?,91000,9.1만,34:27,2067,2026-10-03,7일 전,N,자체 제작,○ (NASA·ESA/Webb CC BY)
F5 우주 다큐·우주 수면 다큐(30분~3시간),우주아저씨,UCmHof0uMcf-KZOZfxmbRrOw,327000,3,Y,IggeZN5rdxw,https://www.youtube.com/watch?v=IggeZN5rdxw,인간은 정말 화성에 갈 수 있을까?,130000,13만,23:37,1417,2026-09-29,11일 전,Y,자체 제작,○ (NASA·ESA/Webb CC BY)
F5 우주 다큐·우주 수면 다큐(30분~3시간),우주아저씨,UCmHof0uMcf-KZOZfxmbRrOw,327000,4,Y,EFKr_o239ZA,https://www.youtube.com/watch?v=EFKr_o239ZA,토성의 고리에 무슨 일이 생긴 걸까?,95000,9.5만,43:08,2588,2026-09-26,2주 전,N,자체 제작,○ (NASA·ESA/Webb CC BY)
F5 우주 다큐·우주 수면 다큐(30분~3시간),우주아저씨,UCmHof0uMcf-KZOZfxmbRrOw,327000,5,Y,aS9noRGfhBo,https://www.youtube.com/watch?v=aS9noRGfhBo,엔셀라두스의 얼음 아래를 보니 . . . .,100000,10만,32:32,1952,2026-09-19,3주 전,Y,자체 제작,○ (NASA·ESA/Webb CC BY)
F5 우주 다큐·우주 수면 다큐(30분~3시간),우주아저씨,UCmHof0uMcf-KZOZfxmbRrOw,327000,6,Y,iZd4ANry4oo,https://www.youtube.com/watch?v=iZd4ANry4oo,밤하늘의 빈 공간을 확대해 봤더니 . . . .,110000,11만,25:57,1557,2026-09-10,1개월 전,Y,자체 제작,○ (NASA·ESA/Webb CC BY)
F5 우주 다큐·우주 수면 다큐(30분~3시간),우주아저씨,UCmHof0uMcf-KZOZfxmbRrOw,327000,7,Y,exxUi-6rmL4,https://www.youtube.com/watch?v=exxUi-6rmL4,이 은하에서는 지금 무슨 일이 벌어지고 있을까?,99000,9.9만,24:23,1463,2026-09-10,1개월 전,N,자체 제작,○ (NASA·ESA/Webb CC BY)
F5 우주 다큐·우주 수면 다큐(30분~3시간),우주아저씨,UCmHof0uMcf-KZOZfxmbRrOw,327000,8,Y,-X0A7riu20U,https://www.youtube.com/watch?v=-X0A7riu20U,3억 km 밖 46억 년 된 소행성 흙을 가져와서 보니까 . . .,320000,32만,19:16,1156,2026-09-10,1개월 전,Y,자체 제작,○ (NASA·ESA/Webb CC BY)
F5 우주 다큐·우주 수면 다큐(30분~3시간),우주아저씨,UCmHof0uMcf-KZOZfxmbRrOw,327000,9,Y,4uyHttmrbBI,https://www.youtube.com/watch?v=4uyHttmrbBI,은하들이 한 곳에 몰린 이유,71000,7.1만,20:12,1212,2026-09-10,1개월 전,N,자체 제작,○ (NASA·ESA/Webb CC BY)
F5 우주 다큐·우주 수면 다큐(30분~3시간),우주아저씨,UCmHof0uMcf-KZOZfxmbRrOw,327000,10,Y,zNJlhP8kFxM,https://www.youtube.com/watch?v=zNJlhP8kFxM,"2029년 4월 13일, 정지궤도 안쪽까지 들어오는 소행성",57000,5.7만,50:26,3026,2026-09-10,1개월 전,N,자체 제작,○ (NASA·ESA/Webb CC BY)
F5 우주 다큐·우주 수면 다큐(30분~3시간),우주아저씨,UCmHof0uMcf-KZOZfxmbRrOw,327000,11,Y,TMf16Q20jaA,https://www.youtube.com/watch?v=TMf16Q20jaA,태양과는 너무나도 다른 놀라운 별들 (+몰아보기),50000,5만,1:19:23,4763,2026-08-11,2개월 전,N,자체 제작,○ (NASA·ESA/Webb CC BY)
F5 우주 다큐·우주 수면 다큐(30분~3시간),우주아저씨,UCmHof0uMcf-KZOZfxmbRrOw,327000,12,Y,uGvrwH88YvU,https://www.youtube.com/watch?v=uGvrwH88YvU,지구와 가장 닮은 외계행성 TOP 5,160000,16만,1:36:23,5783,2026-08-11,2개월 전,Y,자체 제작,○ (NASA·ESA/Webb CC BY)
F5 우주 다큐·우주 수면 다큐(30분~3시간),우주아저씨,UCmHof0uMcf-KZOZfxmbRrOw,327000,13,Y,9U-h9O_GSG4,https://www.youtube.com/watch?v=9U-h9O_GSG4,수천 억 개의 별보다 밝은 천체  (우주다큐-몰아보기),69000,6.9만,1:37:11,5831,2026-08-11,2개월 전,N,자체 제작,○ (NASA·ESA/Webb CC BY)
F5 우주 다큐·우주 수면 다큐(30분~3시간),우주아저씨,UCmHof0uMcf-KZOZfxmbRrOw,327000,14,Y,Y1IiTY6Aiao,https://www.youtube.com/watch?v=Y1IiTY6Aiao,태양계를 쏙 빼닮은 제2의 태양계  (몰아보기),67000,6.7만,1:25:23,5123,2026-08-11,2개월 전,N,자체 제작,○ (NASA·ESA/Webb CC BY)
F5 우주 다큐·우주 수면 다큐(30분~3시간),우주아저씨,UCmHof0uMcf-KZOZfxmbRrOw,327000,15,Y,e9uMW3pqz7I,https://www.youtube.com/watch?v=e9uMW3pqz7I,인류가 거의 모르는 태양계의 끝,18000,1.8만,11:12,672,2026-08-11,2개월 전,N,자체 제작,○ (NASA·ESA/Webb CC BY)
F5 우주 다큐·우주 수면 다큐(30분~3시간),우주아저씨,UCmHof0uMcf-KZOZfxmbRrOw,327000,16,Y,s0lvZolvzV4,https://www.youtube.com/watch?v=s0lvZolvzV4,아폴로와 아르테미스,21000,2.1만,32:55,1975,2026-08-11,2개월 전,N,자체 제작,○ (NASA·ESA/Webb CC BY)
F5 우주 다큐·우주 수면 다큐(30분~3시간),우주아저씨,UCmHof0uMcf-KZOZfxmbRrOw,327000,17,Y,O8LccphvZCY,https://www.youtube.com/watch?v=O8LccphvZCY,태양이 사라진다면,9800,9.8천,7:28,448,2026-08-11,2개월 전,N,자체 제작,○ (NASA·ESA/Webb CC BY)
F5 우주 다큐·우주 수면 다큐(30분~3시간),끝없는지식,UCSrUn5gEoR1QhejmZk1f78g,11600,1,N,TYLZLHqYiNo,https://www.youtube.com/watch?v=TYLZLHqYiNo,"달이 지구로 떨어져도 충돌은 없습니다, 그 전에 지구가 먼저 끝납니다",1200,1.2천,13:40,820,2026-09-29,11일 전,N,자체 제작,○ (NASA·ESA/Webb CC BY)
F5 우주 다큐·우주 수면 다큐(30분~3시간),끝없는지식,UCSrUn5gEoR1QhejmZk1f78g,11600,2,N,mTrfhzPsoiQ,https://www.youtube.com/watch?v=mTrfhzPsoiQ,"빅뱅 이전을 묻는 순간, 우리는 이미 틀린 질문을 하고 있습니다",8100,8.1천,24:50,1490,2026-09-12,4주 전,N,자체 제작,○ (NASA·ESA/Webb CC BY)
F5 우주 다큐·우주 수면 다큐(30분~3시간),끝없는지식,UCSrUn5gEoR1QhejmZk1f78g,11600,3,Y,Z8W1TmjgGI0,https://www.youtube.com/watch?v=Z8W1TmjgGI0,우주의 크기를 1킬로미터 트랙으로 줄인다면?,1800,1.8천,24:50,1490,2026-09-10,1개월 전,N,자체 제작,○ (NASA·ESA/Webb CC BY)
F5 우주 다큐·우주 수면 다큐(30분~3시간),끝없는지식,UCSrUn5gEoR1QhejmZk1f78g,11600,4,Y,ddjEd0_rVUg,https://www.youtube.com/watch?v=ddjEd0_rVUg,지구에서 가장 가까운 초거대 블랙홀 궁수자리A*가 먹이 99%뱉는 이유,8100,8.1천,46:44,2804,2026-08-11,2개월 전,N,자체 제작,○ (NASA·ESA/Webb CC BY)
F5 우주 다큐·우주 수면 다큐(30분~3시간),끝없는지식,UCSrUn5gEoR1QhejmZk1f78g,11600,5,Y,Zm0gplTgjd4,https://www.youtube.com/watch?v=Zm0gplTgjd4,"제임스 웹이 찍은 알파 센타우리 행성, 근데 갑자기 사라진 이유",9900,9.9천,48:56,2936,2026-08-11,2개월 전,N,자체 제작,○ (NASA·ESA/Webb CC BY)
F5 우주 다큐·우주 수면 다큐(30분~3시간),끝없는지식,UCSrUn5gEoR1QhejmZk1f78g,11600,6,Y,FHqBIJLgyDY,https://www.youtube.com/watch?v=FHqBIJLgyDY,우리은하는 초속 620km로 끌려가고 있다 — 라니아케아와 거대 인력체 40년의 기록,10000,1만,43:12,2592,2026-08-11,2개월 전,N,자체 제작,○ (NASA·ESA/Webb CC BY)
F5 우주 다큐·우주 수면 다큐(30분~3시간),끝없는지식,UCSrUn5gEoR1QhejmZk1f78g,11600,7,Y,AfX7OPQ4heE,https://www.youtube.com/watch?v=AfX7OPQ4heE,은하 개수만 2조 개인데 우주는 왜 어두울까?,73000,7.3만,46:37,2797,2026-08-11,2개월 전,N,자체 제작,○ (NASA·ESA/Webb CC BY)
F5 우주 다큐·우주 수면 다큐(30분~3시간),끝없는지식,UCSrUn5gEoR1QhejmZk1f78g,11600,8,Y,tCnD2qzwnro,https://www.youtube.com/watch?v=tCnD2qzwnro,누군가 미세조정 중...? 우주의 정교한 비밀,160000,16만,52:44,3164,2026-08-11,2개월 전,Y,자체 제작,○ (NASA·ESA/Webb CC BY)
F5 우주 다큐·우주 수면 다큐(30분~3시간),끝없는지식,UCSrUn5gEoR1QhejmZk1f78g,11600,9,Y,SF1HmmAsJWM,https://www.youtube.com/watch?v=SF1HmmAsJWM,우린 태양계에 갇혔다! 보이저 1호가 밝혀낸 증거들,200000,20만,49:01,2941,2026-08-11,2개월 전,Y,자체 제작,○ (NASA·ESA/Webb CC BY)
F5 우주 다큐·우주 수면 다큐(30분~3시간),끝없는지식,UCSrUn5gEoR1QhejmZk1f78g,11600,10,Y,AcEmgbj_5oo,https://www.youtube.com/watch?v=AcEmgbj_5oo,보이저 1호가 태양계 끝에서 놀라운 것을 마주해버렸다...,93000,9.3만,44:26,2666,2026-08-11,2개월 전,N,자체 제작,○ (NASA·ESA/Webb CC BY)
F5 우주 다큐·우주 수면 다큐(30분~3시간),끝없는지식,UCSrUn5gEoR1QhejmZk1f78g,11600,11,Y,Cd4nZp9Y7-Y,https://www.youtube.com/watch?v=Cd4nZp9Y7-Y,"1000조 년 뒤, 마지막 별이 꺼진 우주에서 벌어지는 일",26000,2.6만,50:07,3007,2026-08-11,2개월 전,N,자체 제작,○ (NASA·ESA/Webb CC BY)
F5 우주 다큐·우주 수면 다큐(30분~3시간),끝없는지식,UCSrUn5gEoR1QhejmZk1f78g,11600,12,Y,iXmW7ULfbhA,https://www.youtube.com/watch?v=iXmW7ULfbhA,"안드로메다 은하의 실제 크기 — 별 약 1조 개, 밤하늘에서 보름달 6개 폭",56000,5.6만,45:58,2758,2026-08-11,2개월 전,N,자체 제작,○ (NASA·ESA/Webb CC BY)
F5 우주 다큐·우주 수면 다큐(30분~3시간),끝없는지식,UCSrUn5gEoR1QhejmZk1f78g,11600,13,Y,qik0Zej-6HM,https://www.youtube.com/watch?v=qik0Zej-6HM,"2024년 인류가 처음 관측한 북극성의 표면 — 예상 밖의 반점, 그리고 세 개의 별",130000,13만,42:41,2561,2026-08-11,2개월 전,Y,자체 제작,○ (NASA·ESA/Webb CC BY)
F5 우주 다큐·우주 수면 다큐(30분~3시간),끝없는지식,UCSrUn5gEoR1QhejmZk1f78g,11600,14,Y,fwK1T3L1RE0,https://www.youtube.com/watch?v=fwK1T3L1RE0,"엔셀라두스 지하 바다에서 찾아낸 '생명의 재료 6가지' , 카시니 13년의 기록",26000,2.6만,44:14,2654,2026-08-11,2개월 전,N,자체 제작,○ (NASA·ESA/Webb CC BY)
F5 우주 다큐·우주 수면 다큐(30분~3시간),끝없는지식,UCSrUn5gEoR1QhejmZk1f78g,11600,15,Y,6XVDTwa1bl4,https://www.youtube.com/watch?v=6XVDTwa1bl4,은하 10만 개가 정체불명의 한 곳에 모여들고있다?,39000,3.9만,49:26,2966,2026-08-11,2개월 전,N,자체 제작,○ (NASA·ESA/Webb CC BY)
F5 우주 다큐·우주 수면 다큐(30분~3시간),끝없는지식,UCSrUn5gEoR1QhejmZk1f78g,11600,16,Y,vKJRGNA9YwI,https://www.youtube.com/watch?v=vKJRGNA9YwI,안드로메다는 사실 은하가 아니었다? 안드로메다의 충격적인 비밀,340000,34만,48:18,2898,2026-08-11,2개월 전,Y,자체 제작,○ (NASA·ESA/Webb CC BY)
F5 우주 다큐·우주 수면 다큐(30분~3시간),끝없는지식,UCSrUn5gEoR1QhejmZk1f78g,11600,17,Y,eHo0iCZOTrE,https://www.youtube.com/watch?v=eHo0iCZOTrE,"태양 1,708배라던 UY는 거리 재측정으로 반토막 — '가장 큰 별' 논쟁의 현재",27000,2.7만,49:17,2957,2026-07-11,3개월 전,N,자체 제작,○ (NASA·ESA/Webb CC BY)
F5 우주 다큐·우주 수면 다큐(30분~3시간),우주생각,UCOl7XSuI8MvrL-4wXJId7OQ,3920,1,N,_TREz61Y8Yw,https://www.youtube.com/watch?v=_TREz61Y8Yw,"가장 아름다운 지옥, 토성의 내부와  카시니호의 마지막 선택",350,350,18:13,1093,2026-08-11,2개월 전,N,자체 제작,○ (NASA·ESA/Webb CC BY)
F5 우주 다큐·우주 수면 다큐(30분~3시간),우주생각,UCOl7XSuI8MvrL-4wXJId7OQ,3920,2,N,WObtUlRuOKg,https://www.youtube.com/watch?v=WObtUlRuOKg,우주의 모든 전자가 사실 '단 하나'일지도 모르는 이유,394,394,14:57,897,2026-07-11,3개월 전,N,자체 제작,○ (NASA·ESA/Webb CC BY)
F5 우주 다큐·우주 수면 다큐(30분~3시간),우주생각,UCOl7XSuI8MvrL-4wXJId7OQ,3920,3,Y,8jGxpnR0zoU,https://www.youtube.com/watch?v=8jGxpnR0zoU,"태양의 140조 배, 우주에서 가장 거대한 블랙홀들이 존재한다",381,381,12:18,738,2026-06-11,4개월 전,N,자체 제작,○ (NASA·ESA/Webb CC BY)
F5 우주 다큐·우주 수면 다큐(30분~3시간),우주생각,UCOl7XSuI8MvrL-4wXJId7OQ,3920,4,Y,q-vbXmYclrs,https://www.youtube.com/watch?v=q-vbXmYclrs,양자역학이 찾아낸 다중우주의 증거 (왜 물리학자들은 ‘다중우주’를 부정하지 못할까),873,873,16:56,1016,2026-05-11,5개월 전,N,자체 제작,○ (NASA·ESA/Webb CC BY)
F5 우주 다큐·우주 수면 다큐(30분~3시간),우주생각,UCOl7XSuI8MvrL-4wXJId7OQ,3920,5,Y,XRGkmxWotII,https://www.youtube.com/watch?v=XRGkmxWotII,우리가 몰랐던 해왕성의 진짜 모습 (실제 해왕성의 모습 ),846,846,20:22,1222,2026-05-11,5개월 전,N,자체 제작,○ (NASA·ESA/Webb CC BY)
F5 우주 다큐·우주 수면 다큐(30분~3시간),우주생각,UCOl7XSuI8MvrL-4wXJId7OQ,3920,6,Y,ywa12y62ESo,https://www.youtube.com/watch?v=ywa12y62ESo,"""중국에 뺏길 바엔 다 쏟아붓겠다"" NASA의 미친 태세 전환",1100,1.1천,16:07,967,2026-05-11,5개월 전,N,자체 제작,○ (NASA·ESA/Webb CC BY)
F5 우주 다큐·우주 수면 다큐(30분~3시간),우주생각,UCOl7XSuI8MvrL-4wXJId7OQ,3920,7,Y,RANFYhxi9Cw,https://www.youtube.com/watch?v=RANFYhxi9Cw,프록시마 센타우리에 절대 갈 수 없는 10가지 이유,71000,7.1만,39:07,2347,2026-04-11,6개월 전,N,자체 제작,○ (NASA·ESA/Webb CC BY)
F5 우주 다큐·우주 수면 다큐(30분~3시간),우주생각,UCOl7XSuI8MvrL-4wXJId7OQ,3920,8,Y,UOSvjWobHn0,https://www.youtube.com/watch?v=UOSvjWobHn0,"우리가 거대한 블랙홀 안에 갇혀 있다는 소름 돋는 증거 (허블 텐션, 암흑 물질의 정체)",1000,1천,43:29,2609,2026-04-11,6개월 전,N,자체 제작,○ (NASA·ESA/Webb CC BY)
F5 우주 다큐·우주 수면 다큐(30분~3시간),우주생각,UCOl7XSuI8MvrL-4wXJId7OQ,3920,9,Y,KnCb_R0p_3s,https://www.youtube.com/watch?v=KnCb_R0p_3s,"우주에 우리뿐이라면, 이건 너무 큰 공간 낭비다 (페르미 역설)｜우주다큐｜수면｜",37000,3.7만,50:31,3031,2026-04-11,6개월 전,N,자체 제작,○ (NASA·ESA/Webb CC BY)
F5 우주 다큐·우주 수면 다큐(30분~3시간),우주생각,UCOl7XSuI8MvrL-4wXJId7OQ,3920,10,Y,iZfpiPnvPs8,https://www.youtube.com/watch?v=iZfpiPnvPs8,"지구의 마지막 날부터 우주가 사라지는 순간까지, (100조년 후 우주)",2200,2.2천,18:08,1088,2026-04-11,6개월 전,N,자체 제작,○ (NASA·ESA/Webb CC BY)
F5 우주 다큐·우주 수면 다큐(30분~3시간),우주생각,UCOl7XSuI8MvrL-4wXJId7OQ,3920,11,Y,hKiSFgSYrE4,https://www.youtube.com/watch?v=hKiSFgSYrE4,우리가 알던 우주의 역사는 가짜였다 |빅뱅 이후 3억 년의 대반전 (확장편),20000,2만,39:36,2376,2026-03-12,7개월 전,N,자체 제작,○ (NASA·ESA/Webb CC BY)
F5 우주 다큐·우주 수면 다큐(30분~3시간),우주생각,UCOl7XSuI8MvrL-4wXJId7OQ,3920,12,Y,ZSNldxqB7A4,https://www.youtube.com/watch?v=ZSNldxqB7A4,"""이론상 존재할 수 없는 크기"" 현재 우주에서 가장 거대한 별의 정체",23000,2.3만,23:02,1382,2026-03-12,7개월 전,N,자체 제작,○ (NASA·ESA/Webb CC BY)
F5 우주 다큐·우주 수면 다큐(30분~3시간),우주생각,UCOl7XSuI8MvrL-4wXJId7OQ,3920,13,Y,-WJfTAPoQEs,https://www.youtube.com/watch?v=-WJfTAPoQEs,우주 나이 138억 년이 틀렸다고? 제임스 웹이 찍은 사진 한 장의 파문,12000,1.2만,16:32,992,2026-03-12,7개월 전,N,자체 제작,○ (NASA·ESA/Webb CC BY)
F5 우주 다큐·우주 수면 다큐(30분~3시간),우주생각,UCOl7XSuI8MvrL-4wXJId7OQ,3920,14,Y,_uZsoq0iG8E,https://www.youtube.com/watch?v=_uZsoq0iG8E,인류가 화성에 가면 절대 지구로 돌아올 수 없는 잔인한 이유 (화성 이주의 물리학),44000,4.4만,12:16,736,2026-02-09,8개월 전,N,자체 제작,○ (NASA·ESA/Webb CC BY)
F5 우주 다큐·우주 수면 다큐(30분~3시간),우주생각,UCOl7XSuI8MvrL-4wXJId7OQ,3920,15,Y,djGPkG1y9FA,https://www.youtube.com/watch?v=djGPkG1y9FA,"아무것도 없는 공간, 그 한가운데에 있는 우리 은하 (초대형 보이드)",2900,2.9천,14:18,858,2026-02-09,8개월 전,N,자체 제작,○ (NASA·ESA/Webb CC BY)
F5 우주 다큐·우주 수면 다큐(30분~3시간),우주생각,UCOl7XSuI8MvrL-4wXJId7OQ,3920,16,Y,08VbtjSqjdA,https://www.youtube.com/watch?v=08VbtjSqjdA,태양이 사라져도 지구가 8분 동안 계속 도는 이유 (우주의 절대 법칙),513,513,18:50,1130,2026-02-09,8개월 전,N,자체 제작,○ (NASA·ESA/Webb CC BY)
F5 우주 다큐·우주 수면 다큐(30분~3시간),우주생각,UCOl7XSuI8MvrL-4wXJId7OQ,3920,17,Y,0_iL5STuW44,https://www.youtube.com/watch?v=0_iL5STuW44,지금 이 순간도 당신은 초속 220km로 우주를 질주하고 있다.,802,802,15:30,930,2026-02-09,8개월 전,N,자체 제작,○ (NASA·ESA/Webb CC BY)
F5 우주 다큐·우주 수면 다큐(30분~3시간),별의 지평선,UCx0yvFty0BSbrb0InbR-KWA,4110,1,N,x9pWx6nW2iE,https://www.youtube.com/watch?v=x9pWx6nW2iE,왜 우리는 태양계를 위에서 본 적이 없을까?,353,353,1:13:20,4400,2026-10-09,1일 전,N,자체 제작,○ (NASA·ESA/Webb CC BY)
F5 우주 다큐·우주 수면 다큐(30분~3시간),별의 지평선,UCx0yvFty0BSbrb0InbR-KWA,4110,2,N,a54o_ML15oA,https://www.youtube.com/watch?v=a54o_ML15oA,1광년의 거리는 얼마나 될까? 광활한 우주의 진정한 규모,655,655,1:09:10,4150,2026-10-08,2일 전,N,자체 제작,○ (NASA·ESA/Webb CC BY)
F5 우주 다큐·우주 수면 다큐(30분~3시간),별의 지평선,UCx0yvFty0BSbrb0InbR-KWA,4110,3,Y,rjAW9Wrk7bA,https://www.youtube.com/watch?v=rjAW9Wrk7bA,관측할 수 있는 우주 너머에는 무엇이 존재할까?,2000,2천,1:25:14,5114,2026-10-07,3일 전,N,자체 제작,○ (NASA·ESA/Webb CC BY)
F5 우주 다큐·우주 수면 다큐(30분~3시간),별의 지평선,UCx0yvFty0BSbrb0InbR-KWA,4110,4,Y,Hp2IieNLwV8,https://www.youtube.com/watch?v=Hp2IieNLwV8,"지금까지 Webb이 포착한 가장 깊은 모습 | 숨겨진 은하 2,500개가 발견되었다 | 아무것도 없는 곳을 100시간 동안 관측",502,502,1:18:43,4723,2026-10-06,4일 전,N,자체 제작,○ (NASA·ESA/Webb CC BY)
F5 우주 다큐·우주 수면 다큐(30분~3시간),별의 지평선,UCx0yvFty0BSbrb0InbR-KWA,4110,5,Y,O4B_Uc-jj6Y,https://www.youtube.com/watch?v=O4B_Uc-jj6Y,보이저 1호가 우주에서 인류가 그동안 한 번도 들어보지 못한 무언가를 듣고 있다...,91,91,1:15:35,4535,2026-10-04,6일 전,N,자체 제작,○ (NASA·ESA/Webb CC BY)
F5 우주 다큐·우주 수면 다큐(30분~3시간),별의 지평선,UCx0yvFty0BSbrb0InbR-KWA,4110,6,Y,OfZ0QfDIqZ0,https://www.youtube.com/watch?v=OfZ0QfDIqZ0,태양계의 행성까지 비행하는 것이 거의 불가능한 이유는 무엇일까?,1200,1.2천,1:16:01,4561,2026-10-03,7일 전,N,자체 제작,○ (NASA·ESA/Webb CC BY)
F5 우주 다큐·우주 수면 다큐(30분~3시간),별의 지평선,UCx0yvFty0BSbrb0InbR-KWA,4110,7,Y,6PcWLb_e-1M,https://www.youtube.com/watch?v=6PcWLb_e-1M,930억 광년의 지름 — 그런데도 우주에 존재하는 것의 단 1%일 뿐일까 | 현실의 진정한 규모,5300,5.3천,1:11:35,4295,2026-10-01,9일 전,N,자체 제작,○ (NASA·ESA/Webb CC BY)
F5 우주 다큐·우주 수면 다큐(30분~3시간),별의 지평선,UCx0yvFty0BSbrb0InbR-KWA,4110,8,Y,udS9ZMmc3RQ,https://www.youtube.com/watch?v=udS9ZMmc3RQ,왜 1광년을 가로지르는 데는 누구도 낮출 수 없는 대가가 필요한가,375,375,1:02:41,3761,2026-09-26,2주 전,N,자체 제작,○ (NASA·ESA/Webb CC BY)
F5 우주 다큐·우주 수면 다큐(30분~3시간),별의 지평선,UCx0yvFty0BSbrb0InbR-KWA,4110,9,Y,28eh74YU4xs,https://www.youtube.com/watch?v=28eh74YU4xs,태양계의 모든 행성에 도착하려면 얼마나 걸릴까?,2000,2천,1:09:38,4178,2026-09-19,3주 전,N,자체 제작,○ (NASA·ESA/Webb CC BY)
F5 우주 다큐·우주 수면 다큐(30분~3시간),별의 지평선,UCx0yvFty0BSbrb0InbR-KWA,4110,10,Y,LPuBSTgXIk8,https://www.youtube.com/watch?v=LPuBSTgXIk8,지금까지 발견된 가장 큰 은하의 실제 규모,603,603,1:06:43,4003,2026-09-19,3주 전,N,자체 제작,○ (NASA·ESA/Webb CC BY)
F5 우주 다큐·우주 수면 다큐(30분~3시간),별의 지평선,UCx0yvFty0BSbrb0InbR-KWA,4110,11,Y,AEs4zgaoAaA,https://www.youtube.com/watch?v=AEs4zgaoAaA,관측 가능한 우주의 모든 은하를 가로질러 비행하기 | 약 2조 개의 은하로 추정,785,785,1:11:33,4293,2026-09-19,3주 전,N,자체 제작,○ (NASA·ESA/Webb CC BY)
F5 우주 다큐·우주 수면 다큐(30분~3시간),별의 지평선,UCx0yvFty0BSbrb0InbR-KWA,4110,12,Y,RkeceRVb4a0,https://www.youtube.com/watch?v=RkeceRVb4a0,명왕성에 도달하는 것도 어렵지만... 프록시마 센타우리는 거의 불가능합니다,1600,1.6천,1:05:35,3935,2026-09-12,4주 전,N,자체 제작,○ (NASA·ESA/Webb CC BY)
F5 우주 다큐·우주 수면 다큐(30분~3시간),별의 지평선,UCx0yvFty0BSbrb0InbR-KWA,4110,13,Y,DirZo6tOy5Y,https://www.youtube.com/watch?v=DirZo6tOy5Y,왜 외계인이 지구에 도착하는 것은 물리적으로 불가능할까?,4400,4.4천,1:03:47,3827,2026-09-10,1개월 전,N,자체 제작,○ (NASA·ESA/Webb CC BY)
F5 우주 다큐·우주 수면 다큐(30분~3시간),별의 지평선,UCx0yvFty0BSbrb0InbR-KWA,4110,14,Y,H6BXtCkvmjQ,https://www.youtube.com/watch?v=H6BXtCkvmjQ,과학자들이 인터스텔라 공간을 재정의하는 보이저 2호의 놀라운 발견을 방금 확인했다,1100,1.1천,1:16:57,4617,2026-09-10,1개월 전,N,자체 제작,○ (NASA·ESA/Webb CC BY)
F5 우주 다큐·우주 수면 다큐(30분~3시간),별의 지평선,UCx0yvFty0BSbrb0InbR-KWA,4110,15,Y,4Ub8RErXPUY,https://www.youtube.com/watch?v=4Ub8RErXPUY,지금까지 발견된 가장 큰 은하들의 진짜 규모... 그리고 그것들이 여전히 커지고 있는 이유,571,571,1:03:05,3785,2026-09-10,1개월 전,N,자체 제작,○ (NASA·ESA/Webb CC BY)
F5 우주 다큐·우주 수면 다큐(30분~3시간),별의 지평선,UCx0yvFty0BSbrb0InbR-KWA,4110,16,Y,M5smoIimGHo,https://www.youtube.com/watch?v=M5smoIimGHo,제임스 웹이 방금 처음으로 목성을 관측했습니다 — 그리고 무언가가 변하고 있습니다,789,789,1:03:34,3814,2026-09-10,1개월 전,N,자체 제작,○ (NASA·ESA/Webb CC BY)
F5 우주 다큐·우주 수면 다큐(30분~3시간),별의 지평선,UCx0yvFty0BSbrb0InbR-KWA,4110,17,Y,TU-J_DnTad4,https://www.youtube.com/watch?v=TU-J_DnTad4,태양을 향해 똑바로 떨어지는 것이 거의 불가능한 이유,250,250,1:01:37,3697,2026-09-10,1개월 전,N,자체 제작,○ (NASA·ESA/Webb CC BY)
F5 우주 다큐·우주 수면 다큐(30분~3시간),잠드는 과학,UC47WWQnNpOEiyunfCA69VIA,1770,1,N,3ndYXr1njK0,https://www.youtube.com/watch?v=3ndYXr1njK0,인류는 언젠가 태양계를 떠날 수 있을까?,529,529,2:11:58,7918,2026-07-11,3개월 전,N,자체 제작,○ (NASA·ESA/Webb CC BY)
F5 우주 다큐·우주 수면 다큐(30분~3시간),잠드는 과학,UC47WWQnNpOEiyunfCA69VIA,1770,2,N,H3ajQ2IfKAU,https://www.youtube.com/watch?v=H3ajQ2IfKAU,우주가 침묵하는 이유... 그리고 그것은 두렵다,924,924,2:05:58,7558,2026-06-11,4개월 전,N,자체 제작,○ (NASA·ESA/Webb CC BY)
F5 우주 다큐·우주 수면 다큐(30분~3시간),잠드는 과학,UC47WWQnNpOEiyunfCA69VIA,1770,3,Y,BA9iUvB0-NQ,https://www.youtube.com/watch?v=BA9iUvB0-NQ,과학자들이 마침내 빛보다 10배 빠르게 여행하는 새로운 방법을 공개했습니다! | 잠들기 좋은 과학,7200,7.2천,1:55:16,6916,2026-06-11,4개월 전,N,자체 제작,○ (NASA·ESA/Webb CC BY)
F5 우주 다큐·우주 수면 다큐(30분~3시간),잠드는 과학,UC47WWQnNpOEiyunfCA69VIA,1770,4,Y,o1CItvU3aT4,https://www.youtube.com/watch?v=o1CItvU3aT4,마침내 밝혀진 우리 은하의 진짜 크기,22000,2.2만,1:40:23,6023,2026-06-11,4개월 전,N,자체 제작,○ (NASA·ESA/Webb CC BY)
F5 우주 다큐·우주 수면 다큐(30분~3시간),잠드는 과학,UC47WWQnNpOEiyunfCA69VIA,1770,5,Y,5WJJAvHl6sU,https://www.youtube.com/watch?v=5WJJAvHl6sU,우리가 지구 최초의 문명이 아니었다면? | 판스퍼미아 가설,472,472,2:04:29,7469,2026-06-11,4개월 전,N,자체 제작,○ (NASA·ESA/Webb CC BY)
F5 우주 다큐·우주 수면 다큐(30분~3시간),잠드는 과학,UC47WWQnNpOEiyunfCA69VIA,1770,6,Y,uXM1d5_ptdw,https://www.youtube.com/watch?v=uXM1d5_ptdw,지구에 정말 이상한 일이 벌어지고 있다 – 과장 없이,378,378,1:57:44,7064,2026-06-11,4개월 전,N,자체 제작,○ (NASA·ESA/Webb CC BY)
F5 우주 다큐·우주 수면 다큐(30분~3시간),잠드는 과학,UC47WWQnNpOEiyunfCA69VIA,1770,7,Y,dRjIcygHL-o,https://www.youtube.com/watch?v=dRjIcygHL-o,제임스 웹이 밝혀낸 우주의 진짜 규모… 너무 충격적이다,240000,24만,1:55:27,6927,2026-06-11,4개월 전,Y,자체 제작,○ (NASA·ESA/Webb CC BY)
F5 우주 다큐·우주 수면 다큐(30분~3시간),잠드는 과학,UC47WWQnNpOEiyunfCA69VIA,1770,8,Y,y9j2dEOARgA,https://www.youtube.com/watch?v=y9j2dEOARgA,"우주 밖엔 아무것도 없는데, 우주는 어디로 팽창할까?",1100,1.1천,2:09:10,7750,2026-06-11,4개월 전,N,자체 제작,○ (NASA·ESA/Webb CC BY)
F5 우주 다큐·우주 수면 다큐(30분~3시간),잠드는 과학,UC47WWQnNpOEiyunfCA69VIA,1770,9,Y,vYi_wSEEm5o,https://www.youtube.com/watch?v=vYi_wSEEm5o,제임스 웹이 방금 빅뱅보다 더 오래된 무언가를 감지했습니다,117,117,2:11:20,7880,2026-06-11,4개월 전,N,자체 제작,○ (NASA·ESA/Webb CC BY)
F5 우주 다큐·우주 수면 다큐(30분~3시간),잠드는 과학,UC47WWQnNpOEiyunfCA69VIA,1770,10,Y,zZXcAV1Uyl4,https://www.youtube.com/watch?v=zZXcAV1Uyl4,제임스 웹이 우주를 너무 깊이 들여다봤다… 그가 발견한 것은 충격적이다,2400,2.4천,2:15:50,8150,2026-06-11,4개월 전,N,자체 제작,○ (NASA·ESA/Webb CC BY)
F5 우주 다큐·우주 수면 다큐(30분~3시간),잠드는 과학,UC47WWQnNpOEiyunfCA69VIA,1770,11,Y,nczY8bR7BVE,https://www.youtube.com/watch?v=nczY8bR7BVE,지구 역사 미스터리: 우리가 최초 문명이 아닐 수도 있다? | 실루리아 가설 분석,1500,1.5천,2:05:29,7529,2026-05-11,5개월 전,N,자체 제작,○ (NASA·ESA/Webb CC BY)
F6 자연·동물·심해 다큐(4K 영상 위주),느린 백과,UCjzxxIDVBlggDsvIG1i4R7w,31000,1,N,Kar79YkQWvc,https://www.youtube.com/watch?v=Kar79YkQWvc,"이딴 게 초식동물이라고?｜맹수의 이빨로 풀만 뜯는 원숭이, 겔라다",89000,8.9만,13:59,839,2026-09-26,2주 전,N,자체 제작,"△ (NOAA·NPS·USFWS 영상, 4K 분량 부족)"
F6 자연·동물·심해 다큐(4K 영상 위주),느린 백과,UCjzxxIDVBlggDsvIG1i4R7w,31000,2,N,595q-C_OeLc,https://www.youtube.com/watch?v=595q-C_OeLc,"""툭하면 죽는다고?"" 밈에 속았던 개복치의 진짜 생존법",110000,11만,14:04,844,2026-09-19,3주 전,Y,자체 제작,"△ (NOAA·NPS·USFWS 영상, 4K 분량 부족)"
F6 자연·동물·심해 다큐(4K 영상 위주),느린 백과,UCjzxxIDVBlggDsvIG1i4R7w,31000,3,Y,nMbiTusPLi4,https://www.youtube.com/watch?v=nMbiTusPLi4,세상에서 가장 느린 물고기｜해마의 기상천외한 생존법,470000,47만,9:49,589,2026-09-10,1개월 전,Y,자체 제작,"△ (NOAA·NPS·USFWS 영상, 4K 분량 부족)"
F6 자연·동물·심해 다큐(4K 영상 위주),느린 백과,UCjzxxIDVBlggDsvIG1i4R7w,31000,4,Y,F7yPek4P9CA,https://www.youtube.com/watch?v=F7yPek4P9CA,"천적 없는 세상이 만든 새, 카카포｜완벽한 진화가 실패가 된 이유",250000,25만,11:31,691,2026-09-10,1개월 전,Y,자체 제작,"△ (NOAA·NPS·USFWS 영상, 4K 분량 부족)"
F6 자연·동물·심해 다큐(4K 영상 위주),느린 백과,UCjzxxIDVBlggDsvIG1i4R7w,31000,5,Y,ZCbs5_FP8_g,https://www.youtube.com/watch?v=ZCbs5_FP8_g,"권력과 배신, 그리고 피로 물든 내전 | 침팬지 사회의 충격적인 진실",48000,4.8만,12:14,734,2026-08-11,2개월 전,N,자체 제작,"△ (NOAA·NPS·USFWS 영상, 4K 분량 부족)"
F6 자연·동물·심해 다큐(4K 영상 위주),느린 백과,UCjzxxIDVBlggDsvIG1i4R7w,31000,6,Y,kfYGYoHXfhs,https://www.youtube.com/watch?v=kfYGYoHXfhs,바다는 어떻게 도마뱀을 괴물로 만들었을까?,19000,1.9만,11:31,691,2026-07-11,3개월 전,N,자체 제작,"△ (NOAA·NPS·USFWS 영상, 4K 분량 부족)"
F6 자연·동물·심해 다큐(4K 영상 위주),느린 백과,UCjzxxIDVBlggDsvIG1i4R7w,31000,7,Y,lN_Zo7zsHG4,https://www.youtube.com/watch?v=lN_Zo7zsHG4,남극의 악마는 왜 항상 웃고 있을까?,150000,15만,9:16,556,2026-07-11,3개월 전,Y,자체 제작,"△ (NOAA·NPS·USFWS 영상, 4K 분량 부족)"
F6 자연·동물·심해 다큐(4K 영상 위주),느린 백과,UCjzxxIDVBlggDsvIG1i4R7w,31000,8,Y,nO6IrEkjX5M,https://www.youtube.com/watch?v=nO6IrEkjX5M,보이지 않는 괴물｜아나콘다,300000,30만,11:31,691,2026-06-11,4개월 전,Y,자체 제작,"△ (NOAA·NPS·USFWS 영상, 4K 분량 부족)"
F6 자연·동물·심해 다큐(4K 영상 위주),느린 백과,UCjzxxIDVBlggDsvIG1i4R7w,31000,9,Y,PLHlZc6dWag,https://www.youtube.com/watch?v=PLHlZc6dWag,진화가 포기한 최악의 결과물｜이딴 게 물고기라고?,68000,6.8만,8:16,496,2026-06-11,4개월 전,N,자체 제작,"△ (NOAA·NPS·USFWS 영상, 4K 분량 부족)"
F6 자연·동물·심해 다큐(4K 영상 위주),느린 백과,UCjzxxIDVBlggDsvIG1i4R7w,31000,10,Y,s4vEttQ9uR4,https://www.youtube.com/watch?v=s4vEttQ9uR4,진화하다 고장 난 세상에서 가장 이상한 악어,120000,12만,8:49,529,2026-05-11,5개월 전,Y,자체 제작,"△ (NOAA·NPS·USFWS 영상, 4K 분량 부족)"
F6 자연·동물·심해 다큐(4K 영상 위주),느린 백과,UCjzxxIDVBlggDsvIG1i4R7w,31000,11,Y,UaW1ibNoqcA,https://www.youtube.com/watch?v=UaW1ibNoqcA,"이딴 게 게라고?｜섬의 괴물, 코코넛 크랩",750000,75만,10:04,604,2026-05-11,5개월 전,Y,자체 제작,"△ (NOAA·NPS·USFWS 영상, 4K 분량 부족)"
F6 자연·동물·심해 다큐(4K 영상 위주),느린 백과,UCjzxxIDVBlggDsvIG1i4R7w,31000,12,Y,CD5LFXycLn4,https://www.youtube.com/watch?v=CD5LFXycLn4,하늘에서 새를 찢어버리는 미쳐버린 고양이,19000,1.9만,10:37,637,2026-05-11,5개월 전,N,자체 제작,"△ (NOAA·NPS·USFWS 영상, 4K 분량 부족)"
F6 자연·동물·심해 다큐(4K 영상 위주),느린 백과,UCjzxxIDVBlggDsvIG1i4R7w,31000,13,Y,ihIIkfgDp4o,https://www.youtube.com/watch?v=ihIIkfgDp4o,코끼리는 왜 죽은 사람을 다시 짓밟았을까?,8400,8.4천,11:03,663,2026-04-11,6개월 전,N,자체 제작,"△ (NOAA·NPS·USFWS 영상, 4K 분량 부족)"
F6 자연·동물·심해 다큐(4K 영상 위주),느린 백과,UCjzxxIDVBlggDsvIG1i4R7w,31000,14,Y,xBwG-I_GNoo,https://www.youtube.com/watch?v=xBwG-I_GNoo,태생부터 미친 괴물?｜굶주림이 빚은 기괴한 광기,92000,9.2만,9:05,545,2026-04-11,6개월 전,N,자체 제작,"△ (NOAA·NPS·USFWS 영상, 4K 분량 부족)"
F6 자연·동물·심해 다큐(4K 영상 위주),느린 백과,UCjzxxIDVBlggDsvIG1i4R7w,31000,15,Y,8NYZA6W5uMY,https://www.youtube.com/watch?v=8NYZA6W5uMY,세상에서 가장 멍청한 쥐?｜무표정의 소름 돋는 진실,21000,2.1만,9:56,596,2026-04-11,6개월 전,N,자체 제작,"△ (NOAA·NPS·USFWS 영상, 4K 분량 부족)"
F6 자연·동물·심해 다큐(4K 영상 위주),느린 백과,UCjzxxIDVBlggDsvIG1i4R7w,31000,16,Y,wltcMKKEG6o,https://www.youtube.com/watch?v=wltcMKKEG6o,다가가면 즉사｜맨손으로 핵폭탄을 쏘는 딱총새우,98000,9.8만,10:26,626,2026-03-12,7개월 전,N,자체 제작,"△ (NOAA·NPS·USFWS 영상, 4K 분량 부족)"
F6 자연·동물·심해 다큐(4K 영상 위주),느린 백과,UCjzxxIDVBlggDsvIG1i4R7w,31000,17,Y,cn3FSWBMJKI,https://www.youtube.com/watch?v=cn3FSWBMJKI,4억 년 진화의 이단아｜완성된 포식자가 스스로 얼굴을 부순 이유,280000,28만,9:52,592,2026-03-12,7개월 전,Y,자체 제작,"△ (NOAA·NPS·USFWS 영상, 4K 분량 부족)"
F6 자연·동물·심해 다큐(4K 영상 위주),심해도감,UCmaDvzygi1x4u_9zUcEyjjQ,4030,1,N,V4kY-FEb3AU,https://www.youtube.com/watch?v=V4kY-FEb3AU,왜 호르무즈 해협이 단 '24시간'만 막혀도 전 세계 경제가 마비될까?,182,182,22:11,1331,2026-06-11,4개월 전,N,자체 제작,"△ (NOAA·NPS·USFWS 영상, 4K 분량 부족)"
F6 자연·동물·심해 다큐(4K 영상 위주),심해도감,UCmaDvzygi1x4u_9zUcEyjjQ,4030,2,N,yS0Sthosr_8,https://www.youtube.com/watch?v=yS0Sthosr_8,"바닷물이 사라지면 당장 도망치세요, 23만 명을 죽음으로 몰아넣은 '침묵의 신호' 2004년 인도양 쓰나미의 생생한 기록",1900,1.9천,13:14,794,2026-05-11,5개월 전,N,자체 제작,"△ (NOAA·NPS·USFWS 영상, 4K 분량 부족)"
F6 자연·동물·심해 다큐(4K 영상 위주),심해도감,UCmaDvzygi1x4u_9zUcEyjjQ,4030,3,Y,-a3Ku-IHAQo,https://www.youtube.com/watch?v=-a3Ku-IHAQo,"""왜 머리만 커졌을까?"" 지구 최강의 ‘생물 잠수함’ 1위 향유고래가 기괴한 신체 비율을 가진 진화의 이유",394,394,17:29,1049,2026-05-11,5개월 전,N,자체 제작,"△ (NOAA·NPS·USFWS 영상, 4K 분량 부족)"
F6 자연·동물·심해 다큐(4K 영상 위주),심해도감,UCmaDvzygi1x4u_9zUcEyjjQ,4030,4,Y,qIOQ0NXvpUc,https://www.youtube.com/watch?v=qIOQ0NXvpUc,"일본을 초토화시킨 대지진의 전조"" 2,400m 심해에서 올라온 '용궁의 사자' 산갈치의 충격적 진실",71000,7.1만,16:50,1010,2026-05-11,5개월 전,N,자체 제작,"△ (NOAA·NPS·USFWS 영상, 4K 분량 부족)"
F6 자연·동물·심해 다큐(4K 영상 위주),심해도감,UCmaDvzygi1x4u_9zUcEyjjQ,4030,5,Y,oLp1lOaV2Hg,https://www.youtube.com/watch?v=oLp1lOaV2Hg,"닿는 즉시 익어버리는 400도 지옥불 옆이, 심해 가오리에겐 '최고의 산후조리원'인 이유",249,249,15:16,916,2026-05-11,5개월 전,N,자체 제작,"△ (NOAA·NPS·USFWS 영상, 4K 분량 부족)"
F6 자연·동물·심해 다큐(4K 영상 위주),심해도감,UCmaDvzygi1x4u_9zUcEyjjQ,4030,6,Y,R3iJMAR72Ps,https://www.youtube.com/watch?v=R3iJMAR72Ps,에베레스트보다 거대한 산맥이 바다 밑에? 닿는 즉시 익어버리는 400°C 해저산에서 발견된 문어떼와 경이로운 생태계,356,356,13:30,810,2026-05-11,5개월 전,N,자체 제작,"△ (NOAA·NPS·USFWS 영상, 4K 분량 부족)"
F6 자연·동물·심해 다큐(4K 영상 위주),심해도감,UCmaDvzygi1x4u_9zUcEyjjQ,4030,7,Y,kX0xoZZ1XgI,https://www.youtube.com/watch?v=kX0xoZZ1XgI,"인간이 접근할 수 없는 심해 3,000m그곳에서 작동하는 지구의 필터 | 냉수 샘 생태계의 진실",5800,5.8천,16:45,1005,2026-03-12,7개월 전,N,자체 제작,"△ (NOAA·NPS·USFWS 영상, 4K 분량 부족)"
F6 자연·동물·심해 다큐(4K 영상 위주),심해도감,UCmaDvzygi1x4u_9zUcEyjjQ,4030,8,Y,2c1QmKUgSbc,https://www.youtube.com/watch?v=2c1QmKUgSbc,"수압 200배의 지옥, 그 어둠 속에서 '강철'을 뚫고 생살을 파먹는 괴물들의 정체",25000,2.5만,16:30,990,2026-02-09,8개월 전,N,자체 제작,"△ (NOAA·NPS·USFWS 영상, 4K 분량 부족)"
F6 자연·동물·심해 다큐(4K 영상 위주),심해도감,UCmaDvzygi1x4u_9zUcEyjjQ,4030,9,Y,cwQPI6d6hSM,https://www.youtube.com/watch?v=cwQPI6d6hSM,"왜 친구까지 잡아먹나? 먹이 도달률 5%의 지옥, 그곳에서 벌어지는 심해 먹이 경쟁의 실체",2800,2.8천,13:56,836,2026-02-09,8개월 전,N,자체 제작,"△ (NOAA·NPS·USFWS 영상, 4K 분량 부족)"
F6 자연·동물·심해 다큐(4K 영상 위주),심해도감,UCmaDvzygi1x4u_9zUcEyjjQ,4030,10,Y,clW50PDaO18,https://www.youtube.com/watch?v=clW50PDaO18,"""수심 4,500m 지옥, 인류가 포기했던 이 문을 심해 로봇이 마침내 열었습니다.""",2200,2.2천,16:06,966,2026-02-09,8개월 전,N,자체 제작,"△ (NOAA·NPS·USFWS 영상, 4K 분량 부족)"
F6 자연·동물·심해 다큐(4K 영상 위주),심해도감,UCmaDvzygi1x4u_9zUcEyjjQ,4030,11,Y,rHrvb4bRboU,https://www.youtube.com/watch?v=rHrvb4bRboU,"""이건 사냥이 아닙니다"" 어미 범고래가 목숨 걸고 가르치는 '악마의 수업'",2500,2.5천,16:26,986,2026-02-09,8개월 전,N,자체 제작,"△ (NOAA·NPS·USFWS 영상, 4K 분량 부족)"
F6 자연·동물·심해 다큐(4K 영상 위주),심해도감,UCmaDvzygi1x4u_9zUcEyjjQ,4030,12,Y,mWYVdQV3AZE,https://www.youtube.com/watch?v=mWYVdQV3AZE,매일 뜯어 먹히는데 '이래도 멸종하지 않는' 이유.. 알고 보니 '심해' 생존에 최적화된 힘숨찐 개복치의 비밀,140000,14만,14:12,852,2026-02-09,8개월 전,Y,자체 제작,"△ (NOAA·NPS·USFWS 영상, 4K 분량 부족)"
F6 자연·동물·심해 다큐(4K 영상 위주),심해도감,UCmaDvzygi1x4u_9zUcEyjjQ,4030,13,Y,yltZQCJVzBA,https://www.youtube.com/watch?v=yltZQCJVzBA,"""이건 사고가 아닙니다"" 전 세계 바다에서 시작된 범고래의 핏빛 복수의 이유",7000,7천,13:51,831,2026-01-10,9개월 전,N,자체 제작,"△ (NOAA·NPS·USFWS 영상, 4K 분량 부족)"
F6 자연·동물·심해 다큐(4K 영상 위주),심해도감,UCmaDvzygi1x4u_9zUcEyjjQ,4030,14,Y,0eNN2p2g5PM,https://www.youtube.com/watch?v=0eNN2p2g5PM,"""DNA부터 다르다"" 과학자들이 바다 아래 문어를 '외계 생명체'로 의심하는 소름 돋는 이유",4700,4.7천,15:13,913,2026-01-10,9개월 전,N,자체 제작,"△ (NOAA·NPS·USFWS 영상, 4K 분량 부족)"
F6 자연·동물·심해 다큐(4K 영상 위주),심해도감,UCmaDvzygi1x4u_9zUcEyjjQ,4030,15,Y,MujdSbpvPGY,https://www.youtube.com/watch?v=MujdSbpvPGY,"""놈들은 뇌가 없습니다"" 하지만 '자포생물'이 바다를 지배하는 소름 돋는 이유",1600,1.6천,14:42,882,2026-01-10,9개월 전,N,자체 제작,"△ (NOAA·NPS·USFWS 영상, 4K 분량 부족)"
F6 자연·동물·심해 다큐(4K 영상 위주),심해도감,UCmaDvzygi1x4u_9zUcEyjjQ,4030,16,Y,EWtvyUa5PYk,https://www.youtube.com/watch?v=EWtvyUa5PYk,"""고래보다 맛있다"" 놈들이 107년 묵은 난파선에 환장하는 진짜 이유",3400,3.4천,15:47,947,2026-01-10,9개월 전,N,자체 제작,"△ (NOAA·NPS·USFWS 영상, 4K 분량 부족)"
F6 자연·동물·심해 다큐(4K 영상 위주),심해도감,UCmaDvzygi1x4u_9zUcEyjjQ,4030,17,Y,kSl9NpU0KlU,https://www.youtube.com/watch?v=kSl9NpU0KlU,"""아름다워서 더 소름 돋는다"" 우주에서도 선명한 '죽음의 푸른 띠' 생물발광의 정체  | 왜 바다만 빛나는가?",1600,1.6천,20:38,1238,2026-01-10,9개월 전,N,자체 제작,"△ (NOAA·NPS·USFWS 영상, 4K 분량 부족)"
F6 자연·동물·심해 다큐(4K 영상 위주),야생 자연,UC1lVltzAGH1os5JGYrPPEYw,40400,1,N,mId1vpCO4OA,https://www.youtube.com/watch?v=mId1vpCO4OA,"담비의 가장 치명적인 공격, 카메라에 포착된 충격적인 순간들! | 동물의 왕국",7900,7.9천,15:33,933,2026-10-10,7시간 전,N,"자체 제작(추정, 스톡·번역 의심)","△ (NOAA·NPS·USFWS 영상, 4K 분량 부족)"
F6 자연·동물·심해 다큐(4K 영상 위주),야생 자연,UC1lVltzAGH1os5JGYrPPEYw,40400,2,N,REXCjNkRz7s,https://www.youtube.com/watch?v=REXCjNkRz7s,카메라에 포착된 가장 끔찍한 호랑이 공격 영상! 충격적인 실제 영상! | 동물의 왕국,23000,2.3만,16:59,1019,2026-10-09,1일 전,N,"자체 제작(추정, 스톡·번역 의심)","△ (NOAA·NPS·USFWS 영상, 4K 분량 부족)"
F6 자연·동물·심해 다큐(4K 영상 위주),야생 자연,UC1lVltzAGH1os5JGYrPPEYw,40400,3,Y,L10EYv4jdA0,https://www.youtube.com/watch?v=L10EYv4jdA0,역대 가장 위험했던 회색곰 사냥 순간들 | 동물의 왕국,6200,6.2천,18:13,1093,2026-10-09,1일 전,N,"자체 제작(추정, 스톡·번역 의심)","△ (NOAA·NPS·USFWS 영상, 4K 분량 부족)"
F6 자연·동물·심해 다큐(4K 영상 위주),야생 자연,UC1lVltzAGH1os5JGYrPPEYw,40400,4,Y,SIq4-cs-Flc,https://www.youtube.com/watch?v=SIq4-cs-Flc,포식자와 맞서는 라텔(꿀오소리)의 모습이 카메라에 포착되었습니다 | 동물 세계,7700,7.7천,19:04,1144,2026-10-08,2일 전,N,"자체 제작(추정, 스톡·번역 의심)","△ (NOAA·NPS·USFWS 영상, 4K 분량 부족)"
F6 자연·동물·심해 다큐(4K 영상 위주),야생 자연,UC1lVltzAGH1os5JGYrPPEYw,40400,5,Y,JxT1iLRSPfM,https://www.youtube.com/watch?v=JxT1iLRSPfM,맹독성 뱀이 엄청난 실수를 저질렀을 때 - 후회와 비극적인 결과가 카메라에 포착된 순간들 | 동물의 왕국,38000,3.8만,17:48,1068,2026-10-07,3일 전,N,"자체 제작(추정, 스톡·번역 의심)","△ (NOAA·NPS·USFWS 영상, 4K 분량 부족)"
F6 자연·동물·심해 다큐(4K 영상 위주),야생 자연,UC1lVltzAGH1os5JGYrPPEYw,40400,6,Y,whGcaZ5tumI,https://www.youtube.com/watch?v=whGcaZ5tumI,"가장 무서운 새의 공격 장면들, 카메라에 생생하고 진짜 그대로 포착된 충격적인 순간들입니다 | 동물의 왕국",6000,6천,15:56,956,2026-10-07,3일 전,N,"자체 제작(추정, 스톡·번역 의심)","△ (NOAA·NPS·USFWS 영상, 4K 분량 부족)"
F6 자연·동물·심해 다큐(4K 영상 위주),야생 자연,UC1lVltzAGH1os5JGYrPPEYw,40400,7,Y,FGn-E_yjqjM,https://www.youtube.com/watch?v=FGn-E_yjqjM,"가장 무서운 새의 공격 장면들, 카메라에 생생하고 진짜 그대로 포착된 충격적인 순간들입니다 | 동물의 왕국",11000,1.1만,15:12,912,2026-10-06,4일 전,N,"자체 제작(추정, 스톡·번역 의심)","△ (NOAA·NPS·USFWS 영상, 4K 분량 부족)"
F6 자연·동물·심해 다큐(4K 영상 위주),야생 자연,UC1lVltzAGH1os5JGYrPPEYw,40400,8,Y,Cfto6oj_MOQ,https://www.youtube.com/watch?v=Cfto6oj_MOQ,두 코브라 사이의 공포스러운 전투: 카메라에 생생하고 사실적으로 포착된 잔혹한 순간들! | 동물의 왕국,9500,9.5천,18:26,1106,2026-10-06,4일 전,N,"자체 제작(추정, 스톡·번역 의심)","△ (NOAA·NPS·USFWS 영상, 4K 분량 부족)"
F6 자연·동물·심해 다큐(4K 영상 위주),야생 자연,UC1lVltzAGH1os5JGYrPPEYw,40400,9,Y,JddtelM68oQ,https://www.youtube.com/watch?v=JddtelM68oQ,역대 가장 끔찍한 범고래 공격: 북극에서 벌어진 충격적인 순간들 | 동물의 왕국,38000,3.8만,17:46,1066,2026-10-05,5일 전,N,"자체 제작(추정, 스톡·번역 의심)","△ (NOAA·NPS·USFWS 영상, 4K 분량 부족)"
F6 자연·동물·심해 다큐(4K 영상 위주),야생 자연,UC1lVltzAGH1os5JGYrPPEYw,40400,10,Y,O2T3GFP0YSY,https://www.youtube.com/watch?v=O2T3GFP0YSY,사자들이 사냥감을 쫓다가 고통스러운 최후를 맞이하는 순간들이 카메라에 포착되었습니다 | 동물의 왕국,4400,4.4천,17:20,1040,2026-10-05,5일 전,N,"자체 제작(추정, 스톡·번역 의심)","△ (NOAA·NPS·USFWS 영상, 4K 분량 부족)"
F6 자연·동물·심해 다큐(4K 영상 위주),야생 자연,UC1lVltzAGH1os5JGYrPPEYw,40400,11,Y,S_Op6U0CKfQ,https://www.youtube.com/watch?v=S_Op6U0CKfQ,카메라에 포착된 가장 놀라운 사자 사냥 실패 장면들 | 동물의 왕국,7200,7.2천,17:52,1072,2026-10-04,6일 전,N,"자체 제작(추정, 스톡·번역 의심)","△ (NOAA·NPS·USFWS 영상, 4K 분량 부족)"
F6 자연·동물·심해 다큐(4K 영상 위주),야생 자연,UC1lVltzAGH1os5JGYrPPEYw,40400,12,Y,98icJOhhPnM,https://www.youtube.com/watch?v=98icJOhhPnM,독사가 큰 실수를 저질렀을 때 - 순간적인 후회와 비극적인 결말이 카메라에 포착되다 | 동물의 왕국,43000,4.3만,18:17,1097,2026-10-04,6일 전,N,"자체 제작(추정, 스톡·번역 의심)","△ (NOAA·NPS·USFWS 영상, 4K 분량 부족)"
F6 자연·동물·심해 다큐(4K 영상 위주),야생 자연,UC1lVltzAGH1os5JGYrPPEYw,40400,13,Y,0SdjkG1-BjQ,https://www.youtube.com/watch?v=0SdjkG1-BjQ,맹독성 뱀이 엄청난 실수를 저질렀을 때 - 후회와 비극적인 결과가 카메라에 포착된 순간들 | 동물의 왕국,32000,3.2만,16:27,987,2026-10-03,7일 전,N,"자체 제작(추정, 스톡·번역 의심)","△ (NOAA·NPS·USFWS 영상, 4K 분량 부족)"
F6 자연·동물·심해 다큐(4K 영상 위주),야생 자연,UC1lVltzAGH1os5JGYrPPEYw,40400,14,Y,LhOkNGyqBhw,https://www.youtube.com/watch?v=LhOkNGyqBhw,카메라에 포착된 가장 놀라운 사자 사냥 실패 장면들 | 동물의 왕국,68000,6.8만,16:43,1003,2026-10-03,7일 전,N,"자체 제작(추정, 스톡·번역 의심)","△ (NOAA·NPS·USFWS 영상, 4K 분량 부족)"
F6 자연·동물·심해 다큐(4K 영상 위주),야생 자연,UC1lVltzAGH1os5JGYrPPEYw,40400,15,Y,2YRfHnDOD-I,https://www.youtube.com/watch?v=2YRfHnDOD-I,포식자와 맞서는 라텔(꿀오소리)의 모습이 카메라에 포착되었습니다 | 동물 세계,8200,8.2천,17:22,1042,2026-10-02,8일 전,N,"자체 제작(추정, 스톡·번역 의심)","△ (NOAA·NPS·USFWS 영상, 4K 분량 부족)"
F6 자연·동물·심해 다큐(4K 영상 위주),야생 자연,UC1lVltzAGH1os5JGYrPPEYw,40400,16,Y,CfYwYkXSGh8,https://www.youtube.com/watch?v=CfYwYkXSGh8,독사가 작은 생물과 마주하고 끔찍한 최후를 맞는 믿을 수 없는 순간이 카메라에 포착되었습니다 | 동물의 왕국,7400,7.4천,18:24,1104,2026-10-02,8일 전,N,"자체 제작(추정, 스톡·번역 의심)","△ (NOAA·NPS·USFWS 영상, 4K 분량 부족)"
F6 자연·동물·심해 다큐(4K 영상 위주),야생 자연,UC1lVltzAGH1os5JGYrPPEYw,40400,17,Y,-dELNL5-I9A,https://www.youtube.com/watch?v=-dELNL5-I9A,킹코브라 대 킹코브라: 역사상 가장 공포스러운 생사의 결투! | 동물의 왕국,42000,4.2만,16:45,1005,2026-10-01,9일 전,N,"자체 제작(추정, 스톡·번역 의심)","△ (NOAA·NPS·USFWS 영상, 4K 분량 부족)"
F6 자연·동물·심해 다큐(4K 영상 위주),지구의 경이,UC_4xnYV2YJYni50L-eY7i4Q,12500,1,N,zctxLCmuC0I,https://www.youtube.com/watch?v=zctxLCmuC0I,"시베리아: 영하 60도, 인간은 어떻게 살아남는가? 지구에서 가장 추운 땅의 충격적인 일상 | 4K 다큐멘터리",9,9,1:32:15,5535,2026-10-10,18분 전,N,"자체 제작(추정, 스톡·번역 의심)","△ (NOAA·NPS·USFWS 영상, 4K 분량 부족)"
F6 자연·동물·심해 다큐(4K 영상 위주),지구의 경이,UC_4xnYV2YJYni50L-eY7i4Q,12500,2,N,ptI1ur7bYes,https://www.youtube.com/watch?v=ptI1ur7bYes,북한의 진짜 모습: 모든 것이 통제되는 나라에서 살아가는 사람들 | 4K 여행 다큐멘터리,60000,6만,51:12,3072,2026-10-09,1일 전,N,"자체 제작(추정, 스톡·번역 의심)","△ (NOAA·NPS·USFWS 영상, 4K 분량 부족)"
F6 자연·동물·심해 다큐(4K 영상 위주),지구의 경이,UC_4xnYV2YJYni50L-eY7i4Q,12500,3,Y,QJjcaUD7dO4,https://www.youtube.com/watch?v=QJjcaUD7dO4,아이다호에서의 삶 | 미국의 마지막 야생에서 살아가는 사람들 | 4K,4800,4.8천,1:51:06,6666,2026-10-08,2일 전,N,"자체 제작(추정, 스톡·번역 의심)","△ (NOAA·NPS·USFWS 영상, 4K 분량 부족)"
F6 자연·동물·심해 다큐(4K 영상 위주),지구의 경이,UC_4xnYV2YJYni50L-eY7i4Q,12500,4,Y,UXkelcY-sR0,https://www.youtube.com/watch?v=UXkelcY-sR0,불가능한 바위들 | 과학자도 설명 못한 기이한 지질 현상 | 4K 다큐멘터리,6000,6천,1:21:25,4885,2026-10-07,3일 전,N,"자체 제작(추정, 스톡·번역 의심)","△ (NOAA·NPS·USFWS 영상, 4K 분량 부족)"
F6 자연·동물·심해 다큐(4K 영상 위주),지구의 경이,UC_4xnYV2YJYni50L-eY7i4Q,12500,5,Y,Pn4ptsUVctk,https://www.youtube.com/watch?v=Pn4ptsUVctk,네팔 대재앙: 히말라야가 무너졌다! 모든 것을 집어삼킨 치명적 홍수의 충격적 순간 | 4K 다큐멘터리,5100,5.1천,2:00:20,7220,2026-10-06,4일 전,N,"자체 제작(추정, 스톡·번역 의심)","△ (NOAA·NPS·USFWS 영상, 4K 분량 부족)"
F6 자연·동물·심해 다큐(4K 영상 위주),지구의 경이,UC_4xnYV2YJYni50L-eY7i4Q,12500,6,Y,V23fs0KEY6Y,https://www.youtube.com/watch?v=V23fs0KEY6Y,베트남: 죽기 전에 꼭 한 번은 가봐야 할 나라 | 4K 여행 다큐멘터리,5200,5.2천,1:32:45,5565,2026-10-05,5일 전,N,"자체 제작(추정, 스톡·번역 의심)","△ (NOAA·NPS·USFWS 영상, 4K 분량 부족)"
F6 자연·동물·심해 다큐(4K 영상 위주),지구의 경이,UC_4xnYV2YJYni50L-eY7i4Q,12500,7,Y,eaabxpYaQhw,https://www.youtube.com/watch?v=eaabxpYaQhw,미네소타: 미국인조차 잘 모르는 ‘1만 개 호수의 땅’의 진짜 모습 | 4K 여행 다큐멘터리,13000,1.3만,1:18:16,4696,2026-10-04,6일 전,N,"자체 제작(추정, 스톡·번역 의심)","△ (NOAA·NPS·USFWS 영상, 4K 분량 부족)"
F6 자연·동물·심해 다큐(4K 영상 위주),지구의 경이,UC_4xnYV2YJYni50L-eY7i4Q,12500,8,Y,wIMJ-X0EttA,https://www.youtube.com/watch?v=wIMJ-X0EttA,한국의 경이로운 명소 | 한국인도 잘 모르는 숨은 최고의 여행지! | 4K 여행 다큐멘터리,5900,5.9천,1:56:50,7010,2026-10-03,7일 전,N,"자체 제작(추정, 스톡·번역 의심)","△ (NOAA·NPS·USFWS 영상, 4K 분량 부족)"
F6 자연·동물·심해 다큐(4K 영상 위주),지구의 경이,UC_4xnYV2YJYni50L-eY7i4Q,12500,9,Y,LG2Ia9qbxPE,https://www.youtube.com/watch?v=LG2Ia9qbxPE,언리얼 와이오밍: 미국에서 사람이 가장 적은 주의 충격적인 풍경 | 4K 여행 다큐멘터리,44000,4.4만,1:16:27,4587,2026-10-02,8일 전,N,"자체 제작(추정, 스톡·번역 의심)","△ (NOAA·NPS·USFWS 영상, 4K 분량 부족)"
F6 자연·동물·심해 다큐(4K 영상 위주),지구의 경이,UC_4xnYV2YJYni50L-eY7i4Q,12500,10,Y,jowGuGEFDXc,https://www.youtube.com/watch?v=jowGuGEFDXc,뉴질랜드: 세상 끝에 숨겨진 지구에서 가장 아름다운 섬나라 | 4K 여행 다큐멘터리,21000,2.1만,1:46:46,6406,2026-10-01,9일 전,N,"자체 제작(추정, 스톡·번역 의심)","△ (NOAA·NPS·USFWS 영상, 4K 분량 부족)"
F6 자연·동물·심해 다큐(4K 영상 위주),지구의 경이,UC_4xnYV2YJYni50L-eY7i4Q,12500,11,Y,-WmiytecPbw,https://www.youtube.com/watch?v=-WmiytecPbw,그린란드: 문명에서 가장 멀리 떨어진 얼음의 땅 | 4K 여행 다큐멘터리,20000,2만,1:34:55,5695,2026-09-30,10일 전,N,"자체 제작(추정, 스톡·번역 의심)","△ (NOAA·NPS·USFWS 영상, 4K 분량 부족)"
F6 자연·동물·심해 다큐(4K 영상 위주),지구의 경이,UC_4xnYV2YJYni50L-eY7i4Q,12500,12,Y,RJ9fFIZsytQ,https://www.youtube.com/watch?v=RJ9fFIZsytQ,대부분의 사람들은 결코 볼 수 없는 진짜 사우디아라비아 | 4K 여행 다큐멘터리,9000,9천,1:16:17,4577,2026-09-29,11일 전,N,"자체 제작(추정, 스톡·번역 의심)","△ (NOAA·NPS·USFWS 영상, 4K 분량 부족)"
F6 자연·동물·심해 다큐(4K 영상 위주),지구의 경이,UC_4xnYV2YJYni50L-eY7i4Q,12500,13,Y,CezzVofIXr0,https://www.youtube.com/watch?v=CezzVofIXr0,잘 알려지지 않은 사우스다코타 – 존재가 믿기지 않는 숨겨진 명소들! | 4K 여행 다큐멘터리,11000,1.1만,1:12:24,4344,2026-09-28,12일 전,N,"자체 제작(추정, 스톡·번역 의심)","△ (NOAA·NPS·USFWS 영상, 4K 분량 부족)"
F6 자연·동물·심해 다큐(4K 영상 위주),지구의 경이,UC_4xnYV2YJYni50L-eY7i4Q,12500,14,Y,aUc0P8upy5o,https://www.youtube.com/watch?v=aUc0P8upy5o,뉴햄프셔: 우리가 몰랐던 또 하나의 미국 | 놀라운 역사와 자연 | 4K,54000,5.4만,1:02:10,3730,2026-09-27,13일 전,N,"자체 제작(추정, 스톡·번역 의심)","△ (NOAA·NPS·USFWS 영상, 4K 분량 부족)"
F6 자연·동물·심해 다큐(4K 영상 위주),지구의 경이,UC_4xnYV2YJYni50L-eY7i4Q,12500,15,Y,-W1aKxkteEY,https://www.youtube.com/watch?v=-W1aKxkteEY,테네시: 미국에서 가장 놀라운 풍경이 숨겨진 곳 | 죽기 전에 꼭 봐야 할 절경 | 4K,25000,2.5만,1:20:29,4829,2026-09-26,2주 전,N,"자체 제작(추정, 스톡·번역 의심)","△ (NOAA·NPS·USFWS 영상, 4K 분량 부족)"
F6 자연·동물·심해 다큐(4K 영상 위주),지구의 경이,UC_4xnYV2YJYni50L-eY7i4Q,12500,16,Y,qmbm5gu1CLM,https://www.youtube.com/watch?v=qmbm5gu1CLM,도미니카 공화국 | 죽기 전에 꼭 봐야 할 믿기 힘든 절경들 | 4K,7400,7.4천,1:53:51,6831,2026-09-26,2주 전,N,"자체 제작(추정, 스톡·번역 의심)","△ (NOAA·NPS·USFWS 영상, 4K 분량 부족)"
F6 자연·동물·심해 다큐(4K 영상 위주),지구의 경이,UC_4xnYV2YJYni50L-eY7i4Q,12500,17,Y,dr_RCldCrWo,https://www.youtube.com/watch?v=dr_RCldCrWo,"멕시코만: 폭풍이 몰아치는 미국 바다의 최전선, 거친 바다에서 살아가는 사람들의 충격적인 일상! | 4K 여행 다큐멘터리",12000,1.2만,2:10:15,7815,2026-09-26,2주 전,N,"자체 제작(추정, 스톡·번역 의심)","△ (NOAA·NPS·USFWS 영상, 4K 분량 부족)"
F6 자연·동물·심해 다큐(4K 영상 위주),The Unseen Earth,UC3BTP2FmssM9YAt2QIe6u4A,4540,1,N,T4UExlef_Zg,https://www.youtube.com/watch?v=T4UExlef_Zg,LEMBEH STRAIT | The Hidden World in the Black Sand | FULL DOCUMENTARY,4300,4.3천,2:59:21,10761,2026-10-10,20시간 전,N,"자체 제작(추정, 스톡·번역 의심)","△ (NOAA·NPS·USFWS 영상, 4K 분량 부족)"
F6 자연·동물·심해 다큐(4K 영상 위주),The Unseen Earth,UC3BTP2FmssM9YAt2QIe6u4A,4540,2,N,UDk-bhJSDSc,https://www.youtube.com/watch?v=UDk-bhJSDSc,"ONE COAST, MANY WORLDS | From Shoreline To Open Blue | FULL DOCUMENTARY",4200,4.2천,3:00:29,10829,2026-10-06,4일 전,N,"자체 제작(추정, 스톡·번역 의심)","△ (NOAA·NPS·USFWS 영상, 4K 분량 부족)"
F6 자연·동물·심해 다큐(4K 영상 위주),The Unseen Earth,UC3BTP2FmssM9YAt2QIe6u4A,4540,3,Y,NzMaJD--dv4,https://www.youtube.com/watch?v=NzMaJD--dv4,GENTLE MONSTERS | The Ocean Giants That Rule Without Violence | FULL DOCUMENTARY,7900,7.9천,3:00:48,10848,2026-10-04,6일 전,N,"자체 제작(추정, 스톡·번역 의심)","△ (NOAA·NPS·USFWS 영상, 4K 분량 부족)"
F6 자연·동물·심해 다큐(4K 영상 위주),The Unseen Earth,UC3BTP2FmssM9YAt2QIe6u4A,4540,4,Y,IlfXQgvJyjg,https://www.youtube.com/watch?v=IlfXQgvJyjg,TROPICAL REEFS | The Colorful Kingdoms Beneath Earth’s Warm Waters | FULL DOCUMENTARY,7900,7.9천,3:00:05,10805,2026-10-01,9일 전,N,"자체 제작(추정, 스톡·번역 의심)","△ (NOAA·NPS·USFWS 영상, 4K 분량 부족)"
F6 자연·동물·심해 다큐(4K 영상 위주),The Unseen Earth,UC3BTP2FmssM9YAt2QIe6u4A,4540,5,Y,iQTaUuFWRRA,https://www.youtube.com/watch?v=iQTaUuFWRRA,MASTER OF CAMOUFLAGE | The Secret Ocean World of Disguise and Survival | FULL DOCUMENTARY,27000,2.7만,3:00:01,10801,2026-09-28,12일 전,N,"자체 제작(추정, 스톡·번역 의심)","△ (NOAA·NPS·USFWS 영상, 4K 분량 부족)"
F6 자연·동물·심해 다큐(4K 영상 위주),The Unseen Earth,UC3BTP2FmssM9YAt2QIe6u4A,4540,6,Y,puAheJYSZ9U,https://www.youtube.com/watch?v=puAheJYSZ9U,"MARINE VEGETATION | Kelp Forests, Seagrass Beds and the Living Ocean | FULL DOCUMENTARY",70000,7만,3:00:02,10802,2026-09-26,2주 전,N,"자체 제작(추정, 스톡·번역 의심)","△ (NOAA·NPS·USFWS 영상, 4K 분량 부족)"
F6 자연·동물·심해 다큐(4K 영상 위주),The Unseen Earth,UC3BTP2FmssM9YAt2QIe6u4A,4540,7,Y,5j6D8feWM4Q,https://www.youtube.com/watch?v=5j6D8feWM4Q,THE SHALLOW BLUE | Where Sunlight Reaches the Ocean’s Living Kingdom | FULL DOCUMENTARY,13000,1.3만,3:10:23,11423,2026-09-26,2주 전,N,"자체 제작(추정, 스톡·번역 의심)","△ (NOAA·NPS·USFWS 영상, 4K 분량 부족)"
F6 자연·동물·심해 다큐(4K 영상 위주),The Unseen Earth,UC3BTP2FmssM9YAt2QIe6u4A,4540,8,Y,ToPMJRJYmxY,https://www.youtube.com/watch?v=ToPMJRJYmxY,TINY WORLDS II | The Ocean’s Smallest Lives With the Biggest Roles | FULL DOCUMENTARY,100000,10만,3:14:03,11643,2026-09-26,2주 전,Y,"자체 제작(추정, 스톡·번역 의심)","△ (NOAA·NPS·USFWS 영상, 4K 분량 부족)"
F6 자연·동물·심해 다큐(4K 영상 위주),The Unseen Earth,UC3BTP2FmssM9YAt2QIe6u4A,4540,9,Y,JAvIH46TPno,https://www.youtube.com/watch?v=JAvIH46TPno,HIGH SEAS | Life and Survival in the Ocean Without Borders | FULL DOCUMENTARY,8000,8천,3:04:30,11070,2026-09-26,2주 전,N,"자체 제작(추정, 스톡·번역 의심)","△ (NOAA·NPS·USFWS 영상, 4K 분량 부족)"
F6 자연·동물·심해 다큐(4K 영상 위주),The Unseen Earth,UC3BTP2FmssM9YAt2QIe6u4A,4540,10,Y,RcO5DttPNQE,https://www.youtube.com/watch?v=RcO5DttPNQE,ISLAND WATERS | The Ocean Paradise Surrounding Earth’s Remote Islands | FULL DOCUMENTARY,8200,8.2천,3:03:23,11003,2026-09-26,2주 전,N,"자체 제작(추정, 스톡·번역 의심)","△ (NOAA·NPS·USFWS 영상, 4K 분량 부족)"
F6 자연·동물·심해 다큐(4K 영상 위주),The Unseen Earth,UC3BTP2FmssM9YAt2QIe6u4A,4540,11,Y,5SPPV-KQ-WQ,https://www.youtube.com/watch?v=5SPPV-KQ-WQ,DEEP SEA CREATURES II | The Ocean Beings That Feel Almost Impossible | FULL DOCUMENTARY,5000,5천,3:15:40,11740,2026-09-19,3주 전,N,"자체 제작(추정, 스톡·번역 의심)","△ (NOAA·NPS·USFWS 영상, 4K 분량 부족)"
F6 자연·동물·심해 다큐(4K 영상 위주),The Unseen Earth,UC3BTP2FmssM9YAt2QIe6u4A,4540,12,Y,z8KapKDs6WM,https://www.youtube.com/watch?v=z8KapKDs6WM,OCEAN WILDLIFE II | The Untold Battle for Survival in Nature’s Kingdom | FULL DOCUMENTARY,5300,5.3천,3:08:45,11325,2026-09-19,3주 전,N,"자체 제작(추정, 스톡·번역 의심)","△ (NOAA·NPS·USFWS 영상, 4K 분량 부족)"
F6 자연·동물·심해 다큐(4K 영상 위주),The Unseen Earth,UC3BTP2FmssM9YAt2QIe6u4A,4540,13,Y,fjUIp1P5zXY,https://www.youtube.com/watch?v=fjUIp1P5zXY,MARINE LIFE | The Hidden Creatures That Keep the Blue Planet Alive | FULL DOCUMENTARY,12000,1.2만,3:00:44,10844,2026-09-19,3주 전,N,"자체 제작(추정, 스톡·번역 의심)","△ (NOAA·NPS·USFWS 영상, 4K 분량 부족)"
F6 자연·동물·심해 다큐(4K 영상 위주),The Unseen Earth,UC3BTP2FmssM9YAt2QIe6u4A,4540,14,Y,BV_v2q92zp8,https://www.youtube.com/watch?v=BV_v2q92zp8,THE RED SEA II | The Ancient Waters Where Life Glows Beneath the Desert | FULL DOCUMENTARY,6200,6.2천,3:16:24,11784,2026-09-19,3주 전,N,"자체 제작(추정, 스톡·번역 의심)","△ (NOAA·NPS·USFWS 영상, 4K 분량 부족)"
F6 자연·동물·심해 다큐(4K 영상 위주),The Unseen Earth,UC3BTP2FmssM9YAt2QIe6u4A,4540,15,Y,_arUBvv3-uc,https://www.youtube.com/watch?v=_arUBvv3-uc,"CORAL REEF LIFE | Life, Color and Survival Beneath the Blue Planet | FULL EPISODE | 4K DOCUMENTARY",6700,6.7천,3:01:15,10875,2026-09-19,3주 전,N,"자체 제작(추정, 스톡·번역 의심)","△ (NOAA·NPS·USFWS 영상, 4K 분량 부족)"
F6 자연·동물·심해 다큐(4K 영상 위주),The Unseen Earth,UC3BTP2FmssM9YAt2QIe6u4A,4540,16,Y,IswinJB52Ss,https://www.youtube.com/watch?v=IswinJB52Ss,FROZEN WORLDS | The White Wilderness That Tests Every Creature | FULL EPISODE | 4K DOCUMENTARY,1300,1.3천,3:00:16,10816,2026-09-19,3주 전,N,"자체 제작(추정, 스톡·번역 의심)","△ (NOAA·NPS·USFWS 영상, 4K 분량 부족)"
F6 자연·동물·심해 다큐(4K 영상 위주),The Unseen Earth,UC3BTP2FmssM9YAt2QIe6u4A,4540,17,Y,83tADs5j12c,https://www.youtube.com/watch?v=83tADs5j12c,COASTAL SEAS II | The Beautiful Border Between Land and the Endless Blue | FULL DOCUMENTARY,110000,11만,3:10:07,11407,2026-09-12,4주 전,Y,"자체 제작(추정, 스톡·번역 의심)","△ (NOAA·NPS·USFWS 영상, 4K 분량 부족)"
F6 자연·동물·심해 다큐(4K 영상 위주),Echoes of Nature,UCwc3Pyp9qdWbeAuZwHomVBQ,26300,1,N,5bs57tFWsb4,https://www.youtube.com/watch?v=5bs57tFWsb4,"Peaceful Wildlife THE SAVANNA PARADISE – Elephant, Leopard, Monkey, Hippo, Rhino",5300,5.3천,22:08,1328,2026-04-11,6개월 전,N,"자체 제작(추정, 스톡·번역 의심)","△ (NOAA·NPS·USFWS 영상, 4K 분량 부족)"
F6 자연·동물·심해 다큐(4K 영상 위주),Echoes of Nature,UCwc3Pyp9qdWbeAuZwHomVBQ,26300,2,N,aRN-Qf_O_tU,https://www.youtube.com/watch?v=aRN-Qf_O_tU,"4K Savanna Paradise | Lions, Elephants & Giraffes Epic Meetup | Natural Sounds for Deep Sleep",8100,8.1천,22:08,1328,2026-04-11,6개월 전,N,"자체 제작(추정, 스톡·번역 의심)","△ (NOAA·NPS·USFWS 영상, 4K 분량 부족)"
F6 자연·동물·심해 다큐(4K 영상 위주),Echoes of Nature,UCwc3Pyp9qdWbeAuZwHomVBQ,26300,3,Y,8Mu0Zf1AE5c,https://www.youtube.com/watch?v=8Mu0Zf1AE5c,4K Wildlife Paradise 🦒  Majestic Animals Meet at Watering Hole  Deep Sleep Savanna Sounds,6400,6.4천,19:28,1168,2026-04-11,6개월 전,N,"자체 제작(추정, 스톡·번역 의심)","△ (NOAA·NPS·USFWS 영상, 4K 분량 부족)"
F6 자연·동물·심해 다큐(4K 영상 위주),Echoes of Nature,UCwc3Pyp9qdWbeAuZwHomVBQ,26300,4,Y,XWKFTVoheqk,https://www.youtube.com/watch?v=XWKFTVoheqk,4K Savanna Magic 🦒💧 | Epic Animal Gathering at the Watering Hole | Natural Sounds for Relaxation,1050000,105만,20:08,1208,2026-04-11,6개월 전,Y,"자체 제작(추정, 스톡·번역 의심)","△ (NOAA·NPS·USFWS 영상, 4K 분량 부족)"
F6 자연·동물·심해 다큐(4K 영상 위주),Echoes of Nature,UCwc3Pyp9qdWbeAuZwHomVBQ,26300,5,Y,HmEBpOXwLYw,https://www.youtube.com/watch?v=HmEBpOXwLYw,"4K African Savanna Epic Waterhole Gathering  Lions, Elephants & Wild Animals  Relaxing Nature Sounds",3900,3.9천,14:48,888,2026-04-11,6개월 전,N,"자체 제작(추정, 스톡·번역 의심)","△ (NOAA·NPS·USFWS 영상, 4K 분량 부족)"
F6 자연·동물·심해 다큐(4K 영상 위주),Echoes of Nature,UCwc3Pyp9qdWbeAuZwHomVBQ,26300,6,Y,ihHvF-umA-s,https://www.youtube.com/watch?v=ihHvF-umA-s,Africa's Waterhole 4K | Peaceful Wildlife Gathering & Natural Savanna Sounds | Deep Calm Film,1300,1.3천,19:53,1193,2026-04-11,6개월 전,N,"자체 제작(추정, 스톡·번역 의심)","△ (NOAA·NPS·USFWS 영상, 4K 분량 부족)"
F6 자연·동물·심해 다큐(4K 영상 위주),Echoes of Nature,UCwc3Pyp9qdWbeAuZwHomVBQ,26300,7,Y,FPA4x2d6cdo,https://www.youtube.com/watch?v=FPA4x2d6cdo,Wild Africa 4K Ultra HD  Epic Animal Gathering at the Watering Hole  Relaxing Safari Film,71000,7.1만,21:28,1288,2026-04-11,6개월 전,N,"자체 제작(추정, 스톡·번역 의심)","△ (NOAA·NPS·USFWS 영상, 4K 분량 부족)"
F6 자연·동물·심해 다큐(4K 영상 위주),Echoes of Nature,UCwc3Pyp9qdWbeAuZwHomVBQ,26300,8,Y,7dX3ryU-2WQ,https://www.youtube.com/watch?v=7dX3ryU-2WQ,African Savanna 4K | Majestic Wildlife at Waterhole | Peaceful Nature Sounds & Deep Relaxation,3700,3.7천,22:01,1321,2026-04-11,6개월 전,N,"자체 제작(추정, 스톡·번역 의심)","△ (NOAA·NPS·USFWS 영상, 4K 분량 부족)"
F6 자연·동물·심해 다큐(4K 영상 위주),Echoes of Nature,UCwc3Pyp9qdWbeAuZwHomVBQ,26300,9,Y,-cRBFdp3uik,https://www.youtube.com/watch?v=-cRBFdp3uik,African Savanna 4K Ultra HD  Epic Wildlife Gathering at Waterhole  Peaceful Safari Sounds & Relaxati,4000,4천,25:13,1513,2026-04-11,6개월 전,N,"자체 제작(추정, 스톡·번역 의심)","△ (NOAA·NPS·USFWS 영상, 4K 분량 부족)"
F6 자연·동물·심해 다큐(4K 영상 위주),Echoes of Nature,UCwc3Pyp9qdWbeAuZwHomVBQ,26300,10,Y,FFNUOjno2yw,https://www.youtube.com/watch?v=FFNUOjno2yw,"Secret Nurseries of the Jungle 4K Wildlife  Jaguar, Capybara, Monkey",991,991,28:49,1729,2026-04-11,6개월 전,N,"자체 제작(추정, 스톡·번역 의심)","△ (NOAA·NPS·USFWS 영상, 4K 분량 부족)"
F6 자연·동물·심해 다큐(4K 영상 위주),Echoes of Nature,UCwc3Pyp9qdWbeAuZwHomVBQ,26300,11,Y,xxgwEw76zdw,https://www.youtube.com/watch?v=xxgwEw76zdw,Amazon Rainforest Walk 🌿  Adorable Mother Animals Protecting Their Babies 🐾 Relaxing 4K”,5000,5천,22:09,1329,2026-04-11,6개월 전,N,"자체 제작(추정, 스톡·번역 의심)","△ (NOAA·NPS·USFWS 영상, 4K 분량 부족)"
F6 자연·동물·심해 다큐(4K 영상 위주),Echoes of Nature,UCwc3Pyp9qdWbeAuZwHomVBQ,26300,12,Y,5-Zkq8UzjAE,https://www.youtube.com/watch?v=5-Zkq8UzjAE,Amazon Rainforest 4K UHD  Exotic Wildlife & Authentic Jungle Sounds  Deep Relaxation Film,990000,99만,22:57,1377,2026-04-11,6개월 전,Y,"자체 제작(추정, 스톡·번역 의심)","△ (NOAA·NPS·USFWS 영상, 4K 분량 부족)"
F6 자연·동물·심해 다큐(4K 영상 위주),Echoes of Nature,UCwc3Pyp9qdWbeAuZwHomVBQ,26300,13,Y,DJzyHyN2Mqk,https://www.youtube.com/watch?v=DJzyHyN2Mqk,"Amazon Wildlife 4K Ultra HD  Peaceful Jungle Sounds, Nature Meditation & Tropical Forest Journey",180000,18만,15:53,953,2026-04-11,6개월 전,Y,"자체 제작(추정, 스톡·번역 의심)","△ (NOAA·NPS·USFWS 영상, 4K 분량 부족)"
F6 자연·동물·심해 다큐(4K 영상 위주),Echoes of Nature,UCwc3Pyp9qdWbeAuZwHomVBQ,26300,14,Y,fF-M5U8GXFk,https://www.youtube.com/watch?v=fF-M5U8GXFk,Amazon Rainforest in 4K – Peaceful Jungle Sounds & Wildlife,19000,1.9만,18:33,1113,2026-04-11,6개월 전,N,"자체 제작(추정, 스톡·번역 의심)","△ (NOAA·NPS·USFWS 영상, 4K 분량 부족)"
F6 자연·동물·심해 다큐(4K 영상 위주),Echoes of Nature,UCwc3Pyp9qdWbeAuZwHomVBQ,26300,15,Y,EM39sxtBHNE,https://www.youtube.com/watch?v=EM39sxtBHNE,"Africa’s Wild Kingdom in 4K – Lions, Elephants & Untamed Nature",490000,49만,22:20,1340,2026-04-11,6개월 전,Y,"자체 제작(추정, 스톡·번역 의심)","△ (NOAA·NPS·USFWS 영상, 4K 분량 부족)"
F6 자연·동물·심해 다큐(4K 영상 위주),Echoes of Nature,UCwc3Pyp9qdWbeAuZwHomVBQ,26300,16,Y,1qyF_R3OTTc,https://www.youtube.com/watch?v=1qyF_R3OTTc,4K Amazon Rainforest Animals – Peaceful Jungle Ambience & Wildlife Film,20000,2만,12:49,769,2026-04-11,6개월 전,N,"자체 제작(추정, 스톡·번역 의심)","△ (NOAA·NPS·USFWS 영상, 4K 분량 부족)"
F6 자연·동물·심해 다큐(4K 영상 위주),Echoes of Nature,UCwc3Pyp9qdWbeAuZwHomVBQ,26300,17,Y,HkURFIlRh2w,https://www.youtube.com/watch?v=HkURFIlRh2w,4K Amazon Rainforest Wildlife – Soothing Jungle Sounds & Nature Documentary 🌿🦜🌧️,4570000,457만,12:51,771,2026-04-11,6개월 전,Y,"자체 제작(추정, 스톡·번역 의심)","△ (NOAA·NPS·USFWS 영상, 4K 분량 부족)"
F6 자연·동물·심해 다큐(4K 영상 위주),사막 동물,UCIo6Dc1d30JIyV801L-b8sw,7750,1,N,WhHhvfeGDWQ,https://www.youtube.com/watch?v=WhHhvfeGDWQ,죽음의 순간이 떠오르다: 악어가 몽구스 무리와 정면 대치 | 야생동물,3000,3천,16:02,962,2026-03-12,7개월 전,N,"자체 제작(추정, 스톡·번역 의심)","△ (NOAA·NPS·USFWS 영상, 4K 분량 부족)"
F6 자연·동물·심해 다큐(4K 영상 위주),사막 동물,UCIo6Dc1d30JIyV801L-b8sw,7750,2,N,8GNynKebbVY,https://www.youtube.com/watch?v=8GNynKebbVY,숨 막히는 순간: 사자가 무리 한가운데로 압박해 들어온다 | 야생동물,250,250,16:13,973,2026-03-12,7개월 전,N,"자체 제작(추정, 스톡·번역 의심)","△ (NOAA·NPS·USFWS 영상, 4K 분량 부족)"
F6 자연·동물·심해 다큐(4K 영상 위주),사막 동물,UCIo6Dc1d30JIyV801L-b8sw,7750,3,Y,d7NGS05DdVU,https://www.youtube.com/watch?v=d7NGS05DdVU,생사의 순간: 사자가 개코원숭이 떼에 포위되다 | 야생동물,107,107,16:33,993,2026-03-12,7개월 전,N,"자체 제작(추정, 스톡·번역 의심)","△ (NOAA·NPS·USFWS 영상, 4K 분량 부족)"
F6 자연·동물·심해 다큐(4K 영상 위주),사막 동물,UCIo6Dc1d30JIyV801L-b8sw,7750,4,Y,nxfU21kpC3Y,https://www.youtube.com/watch?v=nxfU21kpC3Y,절망의 반격: 무리 속에 홀로 선 꿀오소리 | 야생동물,180000,18만,15:48,948,2026-03-12,7개월 전,Y,"자체 제작(추정, 스톡·번역 의심)","△ (NOAA·NPS·USFWS 영상, 4K 분량 부족)"
F6 자연·동물·심해 다큐(4K 영상 위주),사막 동물,UCIo6Dc1d30JIyV801L-b8sw,7750,5,Y,Z2P19V1sldk,https://www.youtube.com/watch?v=Z2P19V1sldk,잔혹한 기습: 아마존 비단뱀이 물속에서 먹잇감을 조여 죽이다 | 야생동물,2400,2.4천,15:26,926,2026-02-09,8개월 전,N,"자체 제작(추정, 스톡·번역 의심)","△ (NOAA·NPS·USFWS 영상, 4K 분량 부족)"
F6 자연·동물·심해 다큐(4K 영상 위주),사막 동물,UCIo6Dc1d30JIyV801L-b8sw,7750,6,Y,3nYxxb_5QDg,https://www.youtube.com/watch?v=3nYxxb_5QDg,"생사의 순간: 표범의 치명타, 그리고 개코원숭이의 절망 | 야생동물",1500,1.5천,12:18,738,2026-02-09,8개월 전,N,"자체 제작(추정, 스톡·번역 의심)","△ (NOAA·NPS·USFWS 영상, 4K 분량 부족)"
F6 자연·동물·심해 다큐(4K 영상 위주),사막 동물,UCIo6Dc1d30JIyV801L-b8sw,7750,7,Y,cC8cok0M5P8,https://www.youtube.com/watch?v=cC8cok0M5P8,"얼어붙은 동맹: 늑대 무리와 북극곰, 거대한 들소 무리와의 대면 | 야생동물",929,929,15:14,914,2026-02-09,8개월 전,N,"자체 제작(추정, 스톡·번역 의심)","△ (NOAA·NPS·USFWS 영상, 4K 분량 부족)"
F6 자연·동물·심해 다큐(4K 영상 위주),사막 동물,UCIo6Dc1d30JIyV801L-b8sw,7750,8,Y,DWGvAHj6wh4,https://www.youtube.com/watch?v=DWGvAHj6wh4,수중의 기습 – 아마존이 지옥으로 변하다 | 야생동물,800,800,17:29,1049,2026-02-09,8개월 전,N,"자체 제작(추정, 스톡·번역 의심)","△ (NOAA·NPS·USFWS 영상, 4K 분량 부족)"
F6 자연·동물·심해 다큐(4K 영상 위주),사막 동물,UCIo6Dc1d30JIyV801L-b8sw,7750,9,Y,7McZU-nQjM4,https://www.youtube.com/watch?v=7McZU-nQjM4,피의 반격 – 들소 떼가 사냥의 왕을 무너뜨리다 | 야생동물,502,502,17:11,1031,2026-02-09,8개월 전,N,"자체 제작(추정, 스톡·번역 의심)","△ (NOAA·NPS·USFWS 영상, 4K 분량 부족)"
F6 자연·동물·심해 다큐(4K 영상 위주),사막 동물,UCIo6Dc1d30JIyV801L-b8sw,7750,10,Y,J7xWStI219I,https://www.youtube.com/watch?v=J7xWStI219I,케냐 | 개코원숭이 무리의 왕좌를 둘러싼 전쟁 | 야생동물,6500,6.5천,15:48,948,2025-11-10,11개월 전,N,"자체 제작(추정, 스톡·번역 의심)","△ (NOAA·NPS·USFWS 영상, 4K 분량 부족)"
F6 자연·동물·심해 다큐(4K 영상 위주),사막 동물,UCIo6Dc1d30JIyV801L-b8sw,7750,11,Y,rk3Ijqw7gX4,https://www.youtube.com/watch?v=rk3Ijqw7gX4,세렝게티: 생존을 위한 바분들의 치열한 싸움 | 야생동물,2500,2.5천,13:48,828,2025-11-10,11개월 전,N,"자체 제작(추정, 스톡·번역 의심)","△ (NOAA·NPS·USFWS 영상, 4K 분량 부족)"
F6 자연·동물·심해 다큐(4K 영상 위주),사막 동물,UCIo6Dc1d30JIyV801L-b8sw,7750,12,Y,JWlO4E8n4tI,https://www.youtube.com/watch?v=JWlO4E8n4tI,그리즐리 곰: 알래스카 연어 대이동의 드라마 | 야생동물,995,995,16:58,1018,2025-11-10,11개월 전,N,"자체 제작(추정, 스톡·번역 의심)","△ (NOAA·NPS·USFWS 영상, 4K 분량 부족)"
F6 자연·동물·심해 다큐(4K 영상 위주),사막 동물,UCIo6Dc1d30JIyV801L-b8sw,7750,13,Y,a8pRMPchrpg,https://www.youtube.com/watch?v=a8pRMPchrpg,불타는 아프리카: 야생 고양이와 뱀의 격돌 | 야생동물,20000,2만,16:44,1004,2025-11-10,11개월 전,N,"자체 제작(추정, 스톡·번역 의심)","△ (NOAA·NPS·USFWS 영상, 4K 분량 부족)"
F6 자연·동물·심해 다큐(4K 영상 위주),사막 동물,UCIo6Dc1d30JIyV801L-b8sw,7750,14,Y,2i0i6lPJmhs,https://www.youtube.com/watch?v=2i0i6lPJmhs,아마존 야생 세계: 포식자가 먹이가 되는 순간 - 삶과 죽음의 순환! | 야생동물,2800,2.8천,16:38,998,2025-11-10,11개월 전,N,"자체 제작(추정, 스톡·번역 의심)","△ (NOAA·NPS·USFWS 영상, 4K 분량 부족)"
F6 자연·동물·심해 다큐(4K 영상 위주),사막 동물,UCIo6Dc1d30JIyV801L-b8sw,7750,15,Y,ANp8ipZ0TeM,https://www.youtube.com/watch?v=ANp8ipZ0TeM,북극의 정점을 지배하는 무자비한 포식자들! | 야생동물,16000,1.6만,15:09,909,2025-11-10,11개월 전,N,"자체 제작(추정, 스톡·번역 의심)","△ (NOAA·NPS·USFWS 영상, 4K 분량 부족)"
F6 자연·동물·심해 다큐(4K 영상 위주),사막 동물,UCIo6Dc1d30JIyV801L-b8sw,7750,16,Y,mBb3XID2FPI,https://www.youtube.com/watch?v=mBb3XID2FPI,불타는 대초원: 전설적인 포식자들이 왕좌를 놓고 싸우는 곳 | 야생동물,1800,1.8천,15:28,928,2025-11-10,11개월 전,N,"자체 제작(추정, 스톡·번역 의심)","△ (NOAA·NPS·USFWS 영상, 4K 분량 부족)"
F6 자연·동물·심해 다큐(4K 영상 위주),사막 동물,UCIo6Dc1d30JIyV801L-b8sw,7750,17,Y,WSkcEyKFlVY,https://www.youtube.com/watch?v=WSkcEyKFlVY,아무도 벗어날 수 없다 – 사바나를 지배하는 들개 무리 | 야생동물,130000,13만,17:09,1029,2025-11-10,11개월 전,Y,"자체 제작(추정, 스톡·번역 의심)","△ (NOAA·NPS·USFWS 영상, 4K 분량 부족)"
F6 자연·동물·심해 다큐(4K 영상 위주),지구다큐관,UC8FueJ6ZZgb2fgyR7oKDrwg,3310,1,N,ROsEVbLDtgA,https://www.youtube.com/watch?v=ROsEVbLDtgA,"동해의 물을 모두 걷어내면 무엇이 보일까 | 3,700m 아래 숨겨진 세계",5900,5.9천,50:32,3032,2026-10-10,9시간 전,N,"자체 제작(추정, 스톡·번역 의심)","△ (NOAA·NPS·USFWS 영상, 4K 분량 부족)"
F6 자연·동물·심해 다큐(4K 영상 위주),지구다큐관,UC8FueJ6ZZgb2fgyR7oKDrwg,3310,2,N,LyfTLJNtC7M,https://www.youtube.com/watch?v=LyfTLJNtC7M,바다 밑 71%는 아직 제대로 측량하지 못했습니다,2100,2.1천,49:16,2956,2026-10-08,2일 전,N,"자체 제작(추정, 스톡·번역 의심)","△ (NOAA·NPS·USFWS 영상, 4K 분량 부족)"
F6 자연·동물·심해 다큐(4K 영상 위주),지구다큐관,UC8FueJ6ZZgb2fgyR7oKDrwg,3310,3,Y,Sfuuvcalj-U,https://www.youtube.com/watch?v=Sfuuvcalj-U,바닷물을 모두 걷어내면 지구에서 가장 긴 산맥이 드러난다,3800,3.8천,50:41,3041,2026-10-06,4일 전,N,"자체 제작(추정, 스톡·번역 의심)","△ (NOAA·NPS·USFWS 영상, 4K 분량 부족)"
F6 자연·동물·심해 다큐(4K 영상 위주),지구다큐관,UC8FueJ6ZZgb2fgyR7oKDrwg,3310,4,Y,ccQu1__3uvk,https://www.youtube.com/watch?v=ccQu1__3uvk,"흑해 2km 아래에는 2,400년 전 배가 그대로 남아 있다",2000,2천,36:34,2194,2026-10-05,5일 전,N,"자체 제작(추정, 스톡·번역 의심)","△ (NOAA·NPS·USFWS 영상, 4K 분량 부족)"
F6 자연·동물·심해 다큐(4K 영상 위주),지구다큐관,UC8FueJ6ZZgb2fgyR7oKDrwg,3310,5,Y,id-d2KtH8Ec,https://www.youtube.com/watch?v=id-d2KtH8Ec,지구 660km 아래에는 얼마나 많은 물이 숨어 있을까,110000,11만,45:00,2700,2026-10-04,6일 전,Y,"자체 제작(추정, 스톡·번역 의심)","△ (NOAA·NPS·USFWS 영상, 4K 분량 부족)"
F6 자연·동물·심해 다큐(4K 영상 위주),지구다큐관,UC8FueJ6ZZgb2fgyR7oKDrwg,3310,6,Y,thxnkxr-ZzM,https://www.youtube.com/watch?v=thxnkxr-ZzM,유카탄의 강은 왜 모두 땅속으로 사라졌을까 | 수백 km 이어진 세노테의 세계,20000,2만,23:11,1391,2026-10-04,6일 전,N,"자체 제작(추정, 스톡·번역 의심)","△ (NOAA·NPS·USFWS 영상, 4K 분량 부족)"
F6 자연·동물·심해 다큐(4K 영상 위주),지구다큐관,UC8FueJ6ZZgb2fgyR7oKDrwg,3310,7,Y,crEfJQZ8PQ0,https://www.youtube.com/watch?v=crEfJQZ8PQ0,"지구 2,900km 아래에는 무엇이 숨어 있을까 | 대륙 크기의 두 구조물",11000,1.1만,48:42,2922,2026-09-27,13일 전,N,"자체 제작(추정, 스톡·번역 의심)","△ (NOAA·NPS·USFWS 영상, 4K 분량 부족)"
F6 자연·동물·심해 다큐(4K 영상 위주),지구다큐관,UC8FueJ6ZZgb2fgyR7oKDrwg,3310,8,Y,gMC8b2eWh2c,https://www.youtube.com/watch?v=gMC8b2eWh2c,동남아 바다를 걷어내면 거대한 옛 육지가 드러납니다 | 순다랜드,66000,6.6만,50:21,3021,2026-09-26,2주 전,N,"자체 제작(추정, 스톡·번역 의심)","△ (NOAA·NPS·USFWS 영상, 4K 분량 부족)"
F6 자연·동물·심해 다큐(4K 영상 위주),지구다큐관,UC8FueJ6ZZgb2fgyR7oKDrwg,3310,9,Y,bp9kPzG651A,https://www.youtube.com/watch?v=bp9kPzG651A,중국 땅속 192m 아래에는 왜 거대한 숲이 자랄까 | 티엔컹의 비밀,2500,2.5천,36:10,2170,2026-09-26,2주 전,N,"자체 제작(추정, 스톡·번역 의심)","△ (NOAA·NPS·USFWS 영상, 4K 분량 부족)"
F6 자연·동물·심해 다큐(4K 영상 위주),지구다큐관,UC8FueJ6ZZgb2fgyR7oKDrwg,3310,10,Y,WFnyvXaDkvo,https://www.youtube.com/watch?v=WFnyvXaDkvo,베링해의 물을 걷어내면 두 대륙이 하나로 이어집니다 | 베링기아,21000,2.1만,32:37,1957,2026-09-26,2주 전,N,"자체 제작(추정, 스톡·번역 의심)","△ (NOAA·NPS·USFWS 영상, 4K 분량 부족)"
F6 자연·동물·심해 다큐(4K 영상 위주),지구다큐관,UC8FueJ6ZZgb2fgyR7oKDrwg,3310,11,Y,tqtlDavD3rc,https://www.youtube.com/watch?v=tqtlDavD3rc,북해의 물을 모두 걷어내면 무엇이 나타날까 | 바다 밑에 잠긴 도거랜드,6200,6.2천,35:54,2154,2026-09-26,2주 전,N,"자체 제작(추정, 스톡·번역 의심)","△ (NOAA·NPS·USFWS 영상, 4K 분량 부족)"
F6 자연·동물·심해 다큐(4K 영상 위주),지구다큐관,UC8FueJ6ZZgb2fgyR7oKDrwg,3310,12,Y,MjrsynRopYs,https://www.youtube.com/watch?v=MjrsynRopYs,2km를 내려가도 끝이 아니었습니다 | 지구에서 가장 깊은 동굴,38000,3.8만,35:40,2140,2026-09-26,2주 전,N,"자체 제작(추정, 스톡·번역 의심)","△ (NOAA·NPS·USFWS 영상, 4K 분량 부족)"
F6 자연·동물·심해 다큐(4K 영상 위주),지구다큐관,UC8FueJ6ZZgb2fgyR7oKDrwg,3310,13,Y,Tot9ijhjQMc,https://www.youtube.com/watch?v=Tot9ijhjQMc,일본은 왜 지진이 끊이지 않을까 | 4개의 판이 만나는 열도의 비밀,653,653,36:51,2211,2026-09-26,2주 전,N,"자체 제작(추정, 스톡·번역 의심)","△ (NOAA·NPS·USFWS 영상, 4K 분량 부족)"
F6 자연·동물·심해 다큐(4K 영상 위주),지구다큐관,UC8FueJ6ZZgb2fgyR7oKDrwg,3310,14,Y,ObljrUC0Drg,https://www.youtube.com/watch?v=ObljrUC0Drg,세계에서 가장 큰 폭포는 왜 바다 밑에 숨어 있을까,26000,2.6만,29:52,1792,2026-09-26,2주 전,N,"자체 제작(추정, 스톡·번역 의심)","△ (NOAA·NPS·USFWS 영상, 4K 분량 부족)"
F6 자연·동물·심해 다큐(4K 영상 위주),지구다큐관,UC8FueJ6ZZgb2fgyR7oKDrwg,3310,15,Y,XofdKn3kUNo,https://www.youtube.com/watch?v=XofdKn3kUNo,베트남 손둥 동굴에는 숲과 구름이 있습니다 | 세계 최대 동굴의 실체,2400,2.4천,31:07,1867,2026-09-19,3주 전,N,"자체 제작(추정, 스톡·번역 의심)","△ (NOAA·NPS·USFWS 영상, 4K 분량 부족)"
F6 자연·동물·심해 다큐(4K 영상 위주),지구다큐관,UC8FueJ6ZZgb2fgyR7oKDrwg,3310,16,Y,gnV3WshqD_I,https://www.youtube.com/watch?v=gnV3WshqD_I,사해가 줄어들자 땅에 거대한 구멍이 생긴 이유 | 사라지는 바다의 끝,46000,4.6만,35:02,2102,2026-09-19,3주 전,N,"자체 제작(추정, 스톡·번역 의심)","△ (NOAA·NPS·USFWS 영상, 4K 분량 부족)"
F6 자연·동물·심해 다큐(4K 영상 위주),지구다큐관,UC8FueJ6ZZgb2fgyR7oKDrwg,3310,17,Y,wvJpqLbFaDg,https://www.youtube.com/watch?v=wvJpqLbFaDg,뉴질랜드 아래에는 거대한 대륙이 숨어 있습니다 | 94% 잠긴 질랜디아,20000,2만,37:43,2263,2026-09-19,3주 전,N,"자체 제작(추정, 스톡·번역 의심)","△ (NOAA·NPS·USFWS 영상, 4K 분량 부족)"
F6 자연·동물·심해 다큐(4K 영상 위주),절경탐험대,UClvqitBJ9-xp4AH6Twv1dzQ,11900,1,N,JhfKhpqsrag,https://www.youtube.com/watch?v=JhfKhpqsrag,중국의 최첨단 메가프로젝트 13가지  세계가 따라가지 못할 기술,438,438,19:56,1196,2026-09-10,1개월 전,N,"자체 제작(추정, 스톡·번역 의심)","△ (NOAA·NPS·USFWS 영상, 4K 분량 부족)"
F6 자연·동물·심해 다큐(4K 영상 위주),절경탐험대,UClvqitBJ9-xp4AH6Twv1dzQ,11900,2,N,HNuMmA9vjpo,https://www.youtube.com/watch?v=HNuMmA9vjpo,중국의 미친 초대형 프로젝트 12가지 | 불가능을 현실로 만들다,448,448,20:35,1235,2026-09-10,1개월 전,N,"자체 제작(추정, 스톡·번역 의심)","△ (NOAA·NPS·USFWS 영상, 4K 분량 부족)"
F6 자연·동물·심해 다큐(4K 영상 위주),절경탐험대,UClvqitBJ9-xp4AH6Twv1dzQ,11900,3,Y,3n2jkbO2GRA,https://www.youtube.com/watch?v=3n2jkbO2GRA,존재하지 않는 곳 | 사람들이 여전히 살아가기를 선택하는 중국의 위험한 산과 경이로운 자연 | 4K 체험,224,224,3:07:06,11226,2026-08-11,2개월 전,N,"자체 제작(추정, 스톡·번역 의심)","△ (NOAA·NPS·USFWS 영상, 4K 분량 부족)"
F6 자연·동물·심해 다큐(4K 영상 위주),절경탐험대,UClvqitBJ9-xp4AH6Twv1dzQ,11900,4,Y,MRm5R43dVLA,https://www.youtube.com/watch?v=MRm5R43dVLA,불가능한 장소들 | 중국의 믿기 힘든 불가사의 50선 | 4K 여행,418,418,3:06:26,11186,2026-08-11,2개월 전,N,"자체 제작(추정, 스톡·번역 의심)","△ (NOAA·NPS·USFWS 영상, 4K 분량 부족)"
F6 자연·동물·심해 다큐(4K 영상 위주),절경탐험대,UClvqitBJ9-xp4AH6Twv1dzQ,11900,5,Y,2un5M0s6oFM,https://www.youtube.com/watch?v=2un5M0s6oFM,불가능해 보이는 장소들 | 현실이라 믿기 힘든 경이로운 명소들 (2026) | 4K 여행,297,297,30:01,1801,2026-08-11,2개월 전,N,"자체 제작(추정, 스톡·번역 의심)","△ (NOAA·NPS·USFWS 영상, 4K 분량 부족)"
F6 자연·동물·심해 다큐(4K 영상 위주),절경탐험대,UClvqitBJ9-xp4AH6Twv1dzQ,11900,6,Y,D6lRtVKJuvg,https://www.youtube.com/watch?v=D6lRtVKJuvg,믿기 ​​힘들 정도로 놀라운 중국의 숨겨진 명소들 | 4K,355,355,32:35,1955,2026-08-11,2개월 전,N,"자체 제작(추정, 스톡·번역 의심)","△ (NOAA·NPS·USFWS 영상, 4K 분량 부족)"
F6 자연·동물·심해 다큐(4K 영상 위주),절경탐험대,UClvqitBJ9-xp4AH6Twv1dzQ,11900,7,Y,cbp_ag5i21A,https://www.youtube.com/watch?v=cbp_ag5i21A,중력을 거스르는 중국에서 가장 아름다운 장소들 | 4K,781,781,23:02,1382,2026-08-11,2개월 전,N,"자체 제작(추정, 스톡·번역 의심)","△ (NOAA·NPS·USFWS 영상, 4K 분량 부족)"
F6 자연·동물·심해 다큐(4K 영상 위주),절경탐험대,UClvqitBJ9-xp4AH6Twv1dzQ,11900,8,Y,iTENwTcsSow,https://www.youtube.com/watch?v=iTENwTcsSow,"믿기 ​​힘든 중국의 장소들, 직접 봐야만 믿을 수 있는 곳들 | 4K 여행 다큐멘터리",181,181,25:13,1513,2026-08-11,2개월 전,N,"자체 제작(추정, 스톡·번역 의심)","△ (NOAA·NPS·USFWS 영상, 4K 분량 부족)"
F6 자연·동물·심해 다큐(4K 영상 위주),절경탐험대,UClvqitBJ9-xp4AH6Twv1dzQ,11900,9,Y,lte4SXEnP1Y,https://www.youtube.com/watch?v=lte4SXEnP1Y,세상에서 가장 놀라운 유네스코 세계유산 100선 | 4K 여행 다큐멘터리,274,274,33:29,2009,2026-08-11,2개월 전,N,"자체 제작(추정, 스톡·번역 의심)","△ (NOAA·NPS·USFWS 영상, 4K 분량 부족)"
F6 자연·동물·심해 다큐(4K 영상 위주),절경탐험대,UClvqitBJ9-xp4AH6Twv1dzQ,11900,10,Y,FXM_0cEOwyw,https://www.youtube.com/watch?v=FXM_0cEOwyw,죽기 전에 꼭 봐야 할 유네스코 세계 불가사의 25선 | 4K 여행 다큐멘터리,222,222,27:03,1623,2026-08-11,2개월 전,N,"자체 제작(추정, 스톡·번역 의심)","△ (NOAA·NPS·USFWS 영상, 4K 분량 부족)"
F6 자연·동물·심해 다큐(4K 영상 위주),절경탐험대,UClvqitBJ9-xp4AH6Twv1dzQ,11900,11,Y,8KFf4tN6QVo,https://www.youtube.com/watch?v=8KFf4tN6QVo,죽기 전에 꼭 가봐야 할 세계 유네스코 명소 25선 | 4K 여행 다큐멘터리 | 4K 여행 다큐멘터리,285,285,36:28,2188,2026-08-11,2개월 전,N,"자체 제작(추정, 스톡·번역 의심)","△ (NOAA·NPS·USFWS 영상, 4K 분량 부족)"
F6 자연·동물·심해 다큐(4K 영상 위주),절경탐험대,UClvqitBJ9-xp4AH6Twv1dzQ,11900,12,Y,ZwLliTACqbk,https://www.youtube.com/watch?v=ZwLliTACqbk,중국의 숨 막히는 절경과 웅장한 산들 | 4K 체험 여행,184,184,32:20,1940,2026-08-11,2개월 전,N,"자체 제작(추정, 스톡·번역 의심)","△ (NOAA·NPS·USFWS 영상, 4K 분량 부족)"
F6 자연·동물·심해 다큐(4K 영상 위주),절경탐험대,UClvqitBJ9-xp4AH6Twv1dzQ,11900,13,Y,IS1YSpQE4bQ,https://www.youtube.com/watch?v=IS1YSpQE4bQ,중국의 환상적인 자연경관과 명산 탐방 | 4K 체험 여행,63,63,29:16,1756,2026-08-11,2개월 전,N,"자체 제작(추정, 스톡·번역 의심)","△ (NOAA·NPS·USFWS 영상, 4K 분량 부족)"
F6 자연·동물·심해 다큐(4K 영상 위주),절경탐험대,UClvqitBJ9-xp4AH6Twv1dzQ,11900,14,Y,2sFBrdqgQT4,https://www.youtube.com/watch?v=2sFBrdqgQT4,중국의 가장 아름다운 산과 절경 TOP 10 | 4K 체험 여행,99,99,32:08,1928,2026-08-11,2개월 전,N,"자체 제작(추정, 스톡·번역 의심)","△ (NOAA·NPS·USFWS 영상, 4K 분량 부족)"
F6 자연·동물·심해 다큐(4K 영상 위주),절경탐험대,UClvqitBJ9-xp4AH6Twv1dzQ,11900,15,Y,KDTiHlgcjbM,https://www.youtube.com/watch?v=KDTiHlgcjbM,죽기 전에 꼭 봐야 할 중국의 절경 TOP 20 | 4K 여행,161,161,36:11,2171,2026-08-11,2개월 전,N,"자체 제작(추정, 스톡·번역 의심)","△ (NOAA·NPS·USFWS 영상, 4K 분량 부족)"
F6 자연·동물·심해 다큐(4K 영상 위주),절경탐험대,UClvqitBJ9-xp4AH6Twv1dzQ,11900,16,Y,R2koQxuO4lk,https://www.youtube.com/watch?v=R2koQxuO4lk,죽기 전에 꼭 봐야 할 중국의 유네스코 세계유산 TOP 25 | 4K 여행 다큐멘터리,87,87,33:13,1993,2026-08-11,2개월 전,N,"자체 제작(추정, 스톡·번역 의심)","△ (NOAA·NPS·USFWS 영상, 4K 분량 부족)"
F6 자연·동물·심해 다큐(4K 영상 위주),절경탐험대,UClvqitBJ9-xp4AH6Twv1dzQ,11900,17,Y,XMiRJ3HQ1lw,https://www.youtube.com/watch?v=XMiRJ3HQ1lw,죽기 전에 꼭 봐야 할 중국의 절경 TOP 20 | 4K 여행,81,81,28:50,1730,2026-08-11,2개월 전,N,"자체 제작(추정, 스톡·번역 의심)","△ (NOAA·NPS·USFWS 영상, 4K 분량 부족)"
F6 자연·동물·심해 다큐(4K 영상 위주),바다 다큐,UC6lAh2xWuzUEbFG3JdcgBAQ,131000,1,N,S54XUa7X_nk,https://www.youtube.com/watch?v=S54XUa7X_nk,택시만 27년 했는데 배 탄 지 3년 차 이게 더 낫다 / #바다다큐,53000,5.3만,22:11,1331,2026-10-08,2일 전,N,재업로드·남의 영상,✗
F6 자연·동물·심해 다큐(4K 영상 위주),바다 다큐,UC6lAh2xWuzUEbFG3JdcgBAQ,131000,2,N,Hnm9tqTZPIw,https://www.youtube.com/watch?v=Hnm9tqTZPIw,한 마리에 40만 원 물고기 떼가 어창 터지고 갑판까지 가득 평생 처음 보는 대박 / 통발도 미끼도 필요 없이 엄창난 물고기 떼에 속수무책 돈이 떼로 들어왔다 / #바다다큐,300000,30만,56:52,3412,2026-10-07,3일 전,Y,재업로드·남의 영상,✗
F6 자연·동물·심해 다큐(4K 영상 위주),바다 다큐,UC6lAh2xWuzUEbFG3JdcgBAQ,131000,3,Y,aAMY_44lZbs,https://www.youtube.com/watch?v=aAMY_44lZbs,그물쓰면 망한다 1마리씩 낚싯대로 건져 월 700버는 선원들 / 지금부터 딱 한달 제철이라 일본 바다 난리난 현장 / #바다다큐,73000,7.3만,37:04,2224,2026-10-06,4일 전,N,재업로드·남의 영상,✗
F6 자연·동물·심해 다큐(4K 영상 위주),바다 다큐,UC6lAh2xWuzUEbFG3JdcgBAQ,131000,4,Y,vXzh9T41dcI,https://www.youtube.com/watch?v=vXzh9T41dcI,🐟참다랑어부터 오징어 물회까지! 바다의 맛 가득 품은 한 그릇. 바다 내음 향긋하게 퍼지는 밥상 🐟1시간 몰아보기/#바다다큐,42000,4.2만,1:14:09,4449,2026-10-06,4일 전,N,재업로드·남의 영상,✗
F6 자연·동물·심해 다큐(4K 영상 위주),바다 다큐,UC6lAh2xWuzUEbFG3JdcgBAQ,131000,5,Y,v7vw2vWwP1Y,https://www.youtube.com/watch?v=v7vw2vWwP1Y,아침부터 자연산 광어 회 한 접시. 이 맛에 배타지! 선상 횟집 열어버린 베테랑 어부들 /#바다다큐,230000,23만,16:48,1008,2026-10-04,6일 전,Y,재업로드·남의 영상,✗
F6 자연·동물·심해 다큐(4K 영상 위주),바다 다큐,UC6lAh2xWuzUEbFG3JdcgBAQ,131000,6,Y,Y_yJ9yp519k,https://www.youtube.com/watch?v=Y_yJ9yp519k,"3주 동안 안 나오다가 드디어 통발에 걸렸다, 성인 3명이 붙어도 끌어올리기 힘든 무게 대왕문어잡이/ #바다다큐",300000,30만,40:49,2449,2026-10-03,7일 전,Y,재업로드·남의 영상,✗
F6 자연·동물·심해 다큐(4K 영상 위주),바다 다큐,UC6lAh2xWuzUEbFG3JdcgBAQ,131000,7,Y,AWg_-QEFzMU,https://www.youtube.com/watch?v=AWg_-QEFzMU,"단둘이 이 15만 평에 산 지도 20년째, 이 넓은 섬 관리하기도 힘든데 또 이만한 낙원도 없다/ #바다다큐",180000,18만,14:39,879,2026-10-02,8일 전,Y,재업로드·남의 영상,✗
F6 자연·동물·심해 다큐(4K 영상 위주),바다 다큐,UC6lAh2xWuzUEbFG3JdcgBAQ,131000,8,Y,h_vm4T2GTyU,https://www.youtube.com/watch?v=h_vm4T2GTyU,30명 몫을 로봇 혼자 해치운다. 상처 하나 없이 하루 10톤 까는 최첨단 굴 가공 공장 / #바다다큐,1750000,175만,17:31,1051,2026-09-30,10일 전,Y,재업로드·남의 영상,✗
F6 자연·동물·심해 다큐(4K 영상 위주),바다 다큐,UC6lAh2xWuzUEbFG3JdcgBAQ,131000,9,Y,NPBJpa579YI,https://www.youtube.com/watch?v=NPBJpa579YI,뱀만 가득하다는 인근 주민들의 제보. 한때 군부대도 있었지만 사람 하나 없는 무인도 들어가 봤더니 / #바다다큐,2190000,219만,45:13,2713,2026-09-29,11일 전,Y,재업로드·남의 영상,✗
F6 자연·동물·심해 다큐(4K 영상 위주),바다 다큐,UC6lAh2xWuzUEbFG3JdcgBAQ,131000,10,Y,TcCfd1M-Bv0,https://www.youtube.com/watch?v=TcCfd1M-Bv0,"진짜 어디서 이런 복덩이가 들어왔을까, 섬에 5년 살았더니 비싼 것만 척척 골라잡아오는 천재견 귀요미/ #바다다큐",23000,2.3만,14:53,893,2026-09-27,13일 전,N,재업로드·남의 영상,✗
F6 자연·동물·심해 다큐(4K 영상 위주),바다 다큐,UC6lAh2xWuzUEbFG3JdcgBAQ,131000,11,Y,4XgrvJhuVas,https://www.youtube.com/watch?v=4XgrvJhuVas,🌊자급자족 끝판왕! 갓 잡은 고기가 매일 밥상에 올라오는 바닷가 사람들 🌊1시간 몰아보기/#바다다큐,280000,28만,1:12:37,4357,2026-09-26,2주 전,Y,재업로드·남의 영상,✗
F6 자연·동물·심해 다큐(4K 영상 위주),바다 다큐,UC6lAh2xWuzUEbFG3JdcgBAQ,131000,12,Y,1djMzfncOv4,https://www.youtube.com/watch?v=1djMzfncOv4,살찐 놈으로 골라와! 마라도 앞바다 대방어 맛은 차원이 달라. 만선 후 푸짐하게 한 상 차려먹는 어부들 /#바다다큐,39000,3.9만,15:59,959,2026-09-26,2주 전,N,재업로드·남의 영상,✗
F6 자연·동물·심해 다큐(4K 영상 위주),바다 다큐,UC6lAh2xWuzUEbFG3JdcgBAQ,131000,13,Y,gGNq0rjEIvc,https://www.youtube.com/watch?v=gGNq0rjEIvc,"그날 잡은 것만 상에 올라갈 수 있다, 해산물로 가득 찬 손맛 좋은 섬마을 밥상/ #바다다큐",86000,8.6만,2:10:46,7846,2026-09-26,2주 전,N,재업로드·남의 영상,✗
F6 자연·동물·심해 다큐(4K 영상 위주),바다 다큐,UC6lAh2xWuzUEbFG3JdcgBAQ,131000,14,Y,MqUy2Vd8rPc,https://www.youtube.com/watch?v=MqUy2Vd8rPc,겨우 두 가구만 남아 뱃길도 끊겨 회 먹고 싶으면 물고기 한 마리쯤은 갯바위에서 꺼내먹는 오지 섬마을에서의 하루 / #바다다큐,760000,76만,15:44,944,2026-09-26,2주 전,Y,재업로드·남의 영상,✗
F6 자연·동물·심해 다큐(4K 영상 위주),바다 다큐,UC6lAh2xWuzUEbFG3JdcgBAQ,131000,15,Y,sMftVsvYA5I,https://www.youtube.com/watch?v=sMftVsvYA5I,방송 나가면 안되는데..특별한 기술도 없이 귀어해서 이걸로 남들 3배 돈 줍는 29살 젊은 어부 / #바다다큐,470000,47만,15:00,900,2026-09-26,2주 전,Y,재업로드·남의 영상,✗
F6 자연·동물·심해 다큐(4K 영상 위주),바다 다큐,UC6lAh2xWuzUEbFG3JdcgBAQ,131000,16,Y,cZX5AWw3Ez0,https://www.youtube.com/watch?v=cZX5AWw3Ez0,"""내가 왔다 가을갈치!"" 사람 키만 한 대물이 줄줄이 쏟아졌다 / 열흘 밤샘 조업 끝에 어창 꽉 채운 배 / 맘씨좋은 선장이 때깔좋은 밥까지 차리더니  / #바다다큐",330000,33만,57:40,3460,2026-09-19,3주 전,Y,재업로드·남의 영상,✗
F6 자연·동물·심해 다큐(4K 영상 위주),바다 다큐,UC6lAh2xWuzUEbFG3JdcgBAQ,131000,17,Y,6bNhGSeL81A,https://www.youtube.com/watch?v=6bNhGSeL81A,"집 나온 지 38일째, 육지를 잊은 배 / 바다 한가운데서 펼쳐지는 어부들의 극한 오디세이 / 닻줄 끊긴 위기 넘기고 4배 만선 터졌다! / #바다다큐",120000,12만,1:10:03,4203,2026-09-19,3주 전,Y,재업로드·남의 영상,✗
F7 그 시절·옛날 사진/영상,대한여지도 Korean Geographic,UCb0z4-4GC1uOPhIHsf8v_8g,115000,1,N,4tTJxOO3IMI,https://www.youtube.com/watch?v=4tTJxOO3IMI,사진과 함께 보는 서울 1945년 이야기ㅣ9월에서 12월까지ㅣ해방 직후 서울 풍경,7600,7.6천,9:16,556,2026-10-04,6일 전,N,자체 제작,"△ (공유마당·공공누리1 사진, 성과 약함)"
F7 그 시절·옛날 사진/영상,대한여지도 Korean Geographic,UCb0z4-4GC1uOPhIHsf8v_8g,115000,2,N,NHGEXGM9kPY,https://www.youtube.com/watch?v=NHGEXGM9kPY,뿅뿅다리가 된 구멍 철판 / 구멍 뚫린 철판은 원래 무슨 용도였을까,10000,1만,4:15,255,2026-09-26,2주 전,N,자체 제작,"△ (공유마당·공공누리1 사진, 성과 약함)"
F7 그 시절·옛날 사진/영상,대한여지도 Korean Geographic,UCb0z4-4GC1uOPhIHsf8v_8g,115000,3,Y,kWm0CZxKlwM,https://www.youtube.com/watch?v=kWm0CZxKlwM,1970년대 종로는 어떤 모습이었을까ㅣ지하철 공사와 도로확장으로 복잡했던 종로 거리,77000,7.7만,10:16,616,2026-09-10,1개월 전,N,자체 제작,"△ (공유마당·공공누리1 사진, 성과 약함)"
F7 그 시절·옛날 사진/영상,대한여지도 Korean Geographic,UCb0z4-4GC1uOPhIHsf8v_8g,115000,4,Y,osXSP4JLWc4,https://www.youtube.com/watch?v=osXSP4JLWc4,청계천 이야기ㅣ사진으로 보는 1880년대부터 현재까지&조선시대 청계천 관리하기,260000,26만,12:53,773,2026-09-10,1개월 전,Y,자체 제작,"△ (공유마당·공공누리1 사진, 성과 약함)"
F7 그 시절·옛날 사진/영상,대한여지도 Korean Geographic,UCb0z4-4GC1uOPhIHsf8v_8g,115000,5,Y,c5wH-6RSVAI,https://www.youtube.com/watch?v=c5wH-6RSVAI,거리구경하며 간판 읽으면서 1950년대 생활상 짐작해보기,31000,3.1만,9:49,589,2026-08-11,2개월 전,N,자체 제작,"△ (공유마당·공공누리1 사진, 성과 약함)"
F7 그 시절·옛날 사진/영상,대한여지도 Korean Geographic,UCb0z4-4GC1uOPhIHsf8v_8g,115000,6,Y,XEI2fp6SQY0,https://www.youtube.com/watch?v=XEI2fp6SQY0,사진으로 보는 1960년대 속초ㅣ수복된 땅 속초의 아바이마을과 갯배ㅣ7번국도ㅣ학사평 미군부대와 미시령,4300,4.3천,8:18,498,2026-08-11,2개월 전,N,자체 제작,"△ (공유마당·공공누리1 사진, 성과 약함)"
F7 그 시절·옛날 사진/영상,대한여지도 Korean Geographic,UCb0z4-4GC1uOPhIHsf8v_8g,115000,7,Y,vF_mZLyD9P8,https://www.youtube.com/watch?v=vF_mZLyD9P8,사진으로 보는 1970년대 전남 광주시,77000,7.7만,9:33,573,2026-08-11,2개월 전,N,자체 제작,"△ (공유마당·공공누리1 사진, 성과 약함)"
F7 그 시절·옛날 사진/영상,대한여지도 Korean Geographic,UCb0z4-4GC1uOPhIHsf8v_8g,115000,8,Y,7slbU2KU_b4,https://www.youtube.com/watch?v=7slbU2KU_b4,"100년전 경주와 지금, 어떻게 얼마나 달라졌을까ㅣ신라고분 발굴 이야기",260000,26만,10:28,628,2026-07-11,3개월 전,Y,자체 제작,"△ (공유마당·공공누리1 사진, 성과 약함)"
F7 그 시절·옛날 사진/영상,대한여지도 Korean Geographic,UCb0z4-4GC1uOPhIHsf8v_8g,115000,9,Y,vn9HLGyi6X4,https://www.youtube.com/watch?v=vn9HLGyi6X4,사진으로 보는 1952년 대전ㅣ현재와 비교하며 보기,10000,1만,8:30,510,2026-07-11,3개월 전,N,자체 제작,"△ (공유마당·공공누리1 사진, 성과 약함)"
F7 그 시절·옛날 사진/영상,대한여지도 Korean Geographic,UCb0z4-4GC1uOPhIHsf8v_8g,115000,10,Y,2Qa_3URxd7k,https://www.youtube.com/watch?v=2Qa_3URxd7k,"산이름에 얽힌 이야기ㅣ1,000m 아래지만 유명한 산들ㅣ계룡산 북한산 도봉산 월출산 금정산 내장산 주왕산 관악산",6000,6천,12:06,726,2026-07-11,3개월 전,N,자체 제작,"△ (공유마당·공공누리1 사진, 성과 약함)"
F7 그 시절·옛날 사진/영상,대한여지도 Korean Geographic,UCb0z4-4GC1uOPhIHsf8v_8g,115000,11,Y,ebck0zltfBM,https://www.youtube.com/watch?v=ebck0zltfBM,"사진으로 보는 1950년대 초반 학교 이야기ㅣ전쟁 한가운데에서도, 전쟁 후에도 학교는 가야 함",5100,5.1천,8:40,520,2026-06-11,4개월 전,N,자체 제작,"△ (공유마당·공공누리1 사진, 성과 약함)"
F7 그 시절·옛날 사진/영상,대한여지도 Korean Geographic,UCb0z4-4GC1uOPhIHsf8v_8g,115000,12,Y,6FQH_5TkIz4,https://www.youtube.com/watch?v=6FQH_5TkIz4,"산이름의 유래와 뜻ㅣ한라산 지리산 설악산 덕유산 계방산 함백산 태백산 오대산 가리왕산 ft. 백두산ㅣ1,500m 넘는 산 9곳",19000,1.9만,14:59,899,2026-06-11,4개월 전,N,자체 제작,"△ (공유마당·공공누리1 사진, 성과 약함)"
F7 그 시절·옛날 사진/영상,대한여지도 Korean Geographic,UCb0z4-4GC1uOPhIHsf8v_8g,115000,13,Y,imNF82jMjKg,https://www.youtube.com/watch?v=imNF82jMjKg,5대강 이름의 유래ㅣ이름을 어떻게 지었고 어떤 뜻일까ㅣ왜 4대강에 섬진강이 아닌 영산강이 포함됐을까,120000,12만,9:27,567,2026-05-11,5개월 전,Y,자체 제작,"△ (공유마당·공공누리1 사진, 성과 약함)"
F7 그 시절·옛날 사진/영상,대한여지도 Korean Geographic,UCb0z4-4GC1uOPhIHsf8v_8g,115000,14,Y,Y_teEdtJzPA,https://www.youtube.com/watch?v=Y_teEdtJzPA,조선왕릉이었던 곳이 골프장이 됐다가 어린이대공원으로ㅣ유릉ㅣ군자리 골프장,36000,3.6만,6:34,394,2026-05-11,5개월 전,N,자체 제작,"△ (공유마당·공공누리1 사진, 성과 약함)"
F7 그 시절·옛날 사진/영상,대한여지도 Korean Geographic,UCb0z4-4GC1uOPhIHsf8v_8g,115000,15,Y,9Swy2ym1Yyg,https://www.youtube.com/watch?v=9Swy2ym1Yyg,1945년 인천ㅣ연합군 진주와 인천시내 모습,22000,2.2만,5:28,328,2026-04-11,6개월 전,N,자체 제작,"△ (공유마당·공공누리1 사진, 성과 약함)"
F7 그 시절·옛날 사진/영상,대한여지도 Korean Geographic,UCb0z4-4GC1uOPhIHsf8v_8g,115000,16,Y,IwdgFEAo4DE,https://www.youtube.com/watch?v=IwdgFEAo4DE,단종의 자취 따라 역사 속으로 영월 랜선여행ㅣft. 월중도ㅣ청령포와 장릉 자세히 보고 다른 곳도 찾아가기,1600,1.6천,9:31,571,2026-04-11,6개월 전,N,자체 제작,"△ (공유마당·공공누리1 사진, 성과 약함)"
F7 그 시절·옛날 사진/영상,대한여지도 Korean Geographic,UCb0z4-4GC1uOPhIHsf8v_8g,115000,17,Y,hrjELHH25yU,https://www.youtube.com/watch?v=hrjELHH25yU,광화문광장이 지난 140년간 변해온 모습 사진으로 보기ㅣ 육조거리→광화문통→세종로 & 광화문광장ㅣHistory of Gwanghwamun Square,43000,4.3만,8:15,495,2026-03-12,7개월 전,N,자체 제작,"△ (공유마당·공공누리1 사진, 성과 약함)"
F7 그 시절·옛날 사진/영상,그땐그랬지 | Back Then Korea,UCLCRwxn2xrfDbQIoxM92j9Q,41800,1,N,cb2SUg_sVEQ,https://www.youtube.com/watch?v=cb2SUg_sVEQ,기억 속 1960년대 옛날 사람들의 진짜 얼굴 | Korea in the 1960s,1600,1.6천,1:16,76,2026-10-07,3일 전,N,자체 제작,"△ (공유마당·공공누리1 사진, 성과 약함)"
F7 그 시절·옛날 사진/영상,그땐그랬지 | Back Then Korea,UCLCRwxn2xrfDbQIoxM92j9Q,41800,2,N,Mo5pzJV3IiA,https://www.youtube.com/watch?v=Mo5pzJV3IiA,"아날로그 감성 가득한 50년 전, 시골의 소박한 풍경｜Nostalgic Rural Korea",39000,3.9만,1:52,112,2026-09-26,2주 전,N,자체 제작,"△ (공유마당·공공누리1 사진, 성과 약함)"
F7 그 시절·옛날 사진/영상,그땐그랬지 | Back Then Korea,UCLCRwxn2xrfDbQIoxM92j9Q,41800,3,Y,892hHtcKGRo,https://www.youtube.com/watch?v=892hHtcKGRo,"1968년 여름, 우리가 몰랐던 대한민국의 풍경｜서울·수원·목포·경주·부산",12000,1.2만,1:52,112,2026-09-10,1개월 전,N,자체 제작,"△ (공유마당·공공누리1 사진, 성과 약함)"
F7 그 시절·옛날 사진/영상,그땐그랬지 | Back Then Korea,UCLCRwxn2xrfDbQIoxM92j9Q,41800,4,Y,SZKpKtJn8Ts,https://www.youtube.com/watch?v=SZKpKtJn8Ts,한국이 이렇게 달랐다고? 미군이 기록한 1960년대 후반 대한민국 No.6｜South Korea in the Late 1960s,18000,1.8만,2:04,124,2026-09-10,1개월 전,N,자체 제작,"△ (공유마당·공공누리1 사진, 성과 약함)"
F7 그 시절·옛날 사진/영상,그땐그랬지 | Back Then Korea,UCLCRwxn2xrfDbQIoxM92j9Q,41800,5,Y,6W1ayEsGc00,https://www.youtube.com/watch?v=6W1ayEsGc00,60년 전 한국 사람들은 어떻게 살았을까? 미군이 찍은 사진 속 그날의 모습 No.5｜Korea 60 Years Ago,45000,4.5만,1:40,100,2026-09-10,1개월 전,N,자체 제작,"△ (공유마당·공공누리1 사진, 성과 약함)"
F7 그 시절·옛날 사진/영상,그땐그랬지 | Back Then Korea,UCLCRwxn2xrfDbQIoxM92j9Q,41800,6,Y,iWTxjPoOt60,https://www.youtube.com/watch?v=iWTxjPoOt60,“이게 1968년 한국이라고?” 주한 미군이 기록한 믿기 힘든 대한민국의 모습 No.3 | 1968~69 Korea,190000,19만,1:33,93,2026-09-10,1개월 전,Y,자체 제작,"△ (공유마당·공공누리1 사진, 성과 약함)"
F7 그 시절·옛날 사진/영상,그땐그랬지 | Back Then Korea,UCLCRwxn2xrfDbQIoxM92j9Q,41800,7,Y,OHTywe64PmA,https://www.youtube.com/watch?v=OHTywe64PmA,"부족하고 어려웠던 1968~69년 한국의 일상, 미군 카메라에 고스란히 남기다 No.2｜Old Korea",14000,1.4만,1:33,93,2026-09-10,1개월 전,N,자체 제작,"△ (공유마당·공공누리1 사진, 성과 약함)"
F7 그 시절·옛날 사진/영상,그땐그랬지 | Back Then Korea,UCLCRwxn2xrfDbQIoxM92j9Q,41800,8,Y,27TyFNItG34,https://www.youtube.com/watch?v=27TyFNItG34,"미군이 촬영한 1968~69년 한국, 컬러로 복원한 놀라운 모습 No.1｜1968~69 Korea",120000,12만,1:23,83,2026-09-10,1개월 전,Y,자체 제작,"△ (공유마당·공공누리1 사진, 성과 약함)"
F7 그 시절·옛날 사진/영상,그땐그랬지 | Back Then Korea,UCLCRwxn2xrfDbQIoxM92j9Q,41800,9,Y,jP0F6EwC-8s,https://www.youtube.com/watch?v=jP0F6EwC-8s,"1960년대 한강 풍경 여름엔 해수욕장, 겨울엔 스케이트장, 가끔은 빨래도, 물로도 길어먹고｜Han River Life in the 1960s",2500,2.5천,2:14,134,2026-09-10,1개월 전,N,자체 제작,"△ (공유마당·공공누리1 사진, 성과 약함)"
F7 그 시절·옛날 사진/영상,그땐그랬지 | Back Then Korea,UCLCRwxn2xrfDbQIoxM92j9Q,41800,10,Y,oEGALng_AeM,https://www.youtube.com/watch?v=oEGALng_AeM,눈물 없이 못 보는 50~60년 전 우리 엄마의 고단했던 하루｜Mom's Life 50~60 Years Ago,1700,1.7천,2:28,148,2026-09-10,1개월 전,N,자체 제작,"△ (공유마당·공공누리1 사진, 성과 약함)"
F7 그 시절·옛날 사진/영상,그땐그랬지 | Back Then Korea,UCLCRwxn2xrfDbQIoxM92j9Q,41800,11,Y,WGgjCwIwmZA,https://www.youtube.com/watch?v=WGgjCwIwmZA,"그때 그 시절, 눈물겹게 정겨웠던 시골 고향의 생생한 풍경｜Old Rural Landscapes of Korea",10000,1만,1:25,85,2026-09-10,1개월 전,N,자체 제작,"△ (공유마당·공공누리1 사진, 성과 약함)"
F7 그 시절·옛날 사진/영상,그땐그랬지 | Back Then Korea,UCLCRwxn2xrfDbQIoxM92j9Q,41800,12,Y,awsBV_sQevE,https://www.youtube.com/watch?v=awsBV_sQevE,"명절이면 전쟁이었던 서울역, 그 시절 뜨거웠던 귀성길 풍경｜Seoul Station Holiday Rush",560,560,2:18,138,2026-09-10,1개월 전,N,자체 제작,"△ (공유마당·공공누리1 사진, 성과 약함)"
F7 그 시절·옛날 사진/영상,그땐그랬지 | Back Then Korea,UCLCRwxn2xrfDbQIoxM92j9Q,41800,13,Y,XltCHnkxjLA,https://www.youtube.com/watch?v=XltCHnkxjLA,"지금은 상상도 못 할 120년 전 인천 관동, 중앙동, 해안동과 월미도, 인천항 풍경｜Old Incheon, Korea",3900,3.9천,3:17,197,2026-09-10,1개월 전,N,자체 제작,"△ (공유마당·공공누리1 사진, 성과 약함)"
F7 그 시절·옛날 사진/영상,그땐그랬지 | Back Then Korea,UCLCRwxn2xrfDbQIoxM92j9Q,41800,14,Y,pmJ4uuaqwbI,https://www.youtube.com/watch?v=pmJ4uuaqwbI,"물바다가 된 대구 신천, 60년 전 그날 그리고 현재｜TDaegu Shincheon River Underwater: 60 Years Ago vs. Today",6500,6.5천,3:09,189,2026-08-11,2개월 전,N,자체 제작,"△ (공유마당·공공누리1 사진, 성과 약함)"
F7 그 시절·옛날 사진/영상,그땐그랬지 | Back Then Korea,UCLCRwxn2xrfDbQIoxM92j9Q,41800,15,Y,LnXY1tQVkIs,https://www.youtube.com/watch?v=LnXY1tQVkIs,1970년대 그 시절 우리 혹은 부모님의 모습은 이랬다｜This Was Korea in the 1970s,9500,9.5천,3:17,197,2026-08-11,2개월 전,N,자체 제작,"△ (공유마당·공공누리1 사진, 성과 약함)"
F7 그 시절·옛날 사진/영상,그땐그랬지 | Back Then Korea,UCLCRwxn2xrfDbQIoxM92j9Q,41800,16,Y,z7t-CCaiChs,https://www.youtube.com/watch?v=z7t-CCaiChs,"1960~65년 서울, 그 시절의 진짜 풍경｜Seoul, Korea 1960~1965",1900,1.9천,3:08,188,2026-08-11,2개월 전,N,자체 제작,"△ (공유마당·공공누리1 사진, 성과 약함)"
F7 그 시절·옛날 사진/영상,그땐그랬지 | Back Then Korea,UCLCRwxn2xrfDbQIoxM92j9Q,41800,17,Y,0-mDkNG7H_c,https://www.youtube.com/watch?v=0-mDkNG7H_c,응답하라 1988! 올림픽 전후 대한민국의 진짜 얼굴｜Korea Before & After 1988 Olympics,5000,5천,3:12,192,2026-08-11,2개월 전,N,자체 제작,"△ (공유마당·공공누리1 사진, 성과 약함)"
F7 그 시절·옛날 사진/영상,아카이브 코리아,UC4FQEWqGArx225OJn5MCEgA,2530,1,N,SrjMbjiJ9l4,https://www.youtube.com/watch?v=SrjMbjiJ9l4,"1884년 충격적인 한양 생활모습, 140년전 서울",450000,45만,10:51,651,2026-10-01,9일 전,Y,자체 제작,"△ (공유마당·공공누리1 사진, 성과 약함)"
F7 그 시절·옛날 사진/영상,아카이브 코리아,UC4FQEWqGArx225OJn5MCEgA,2530,2,N,oZ_FjoWDxi8,https://www.youtube.com/watch?v=oZ_FjoWDxi8,"1960년대 대구 서문시장, 그때 거리는 이랬습니다",100000,10만,9:10,550,2026-09-30,10일 전,Y,자체 제작,"△ (공유마당·공공누리1 사진, 성과 약함)"
F7 그 시절·옛날 사진/영상,아카이브 코리아,UC4FQEWqGArx225OJn5MCEgA,2530,3,Y,gCa0QRlvJ0g,https://www.youtube.com/watch?v=gCa0QRlvJ0g,1970년대 서울 생활모습 — 골목과 거리,14000,1.4만,9:55,595,2026-09-28,12일 전,N,자체 제작,"△ (공유마당·공공누리1 사진, 성과 약함)"
F7 그 시절·옛날 사진/영상,아카이브 코리아,UC4FQEWqGArx225OJn5MCEgA,2530,4,Y,L7hbceNfArk,https://www.youtube.com/watch?v=L7hbceNfArk,1945년 서울 사람들 — 해방 직후의 하루,1900,1.9천,8:57,537,2026-09-26,2주 전,N,자체 제작,"△ (공유마당·공공누리1 사진, 성과 약함)"
F7 그 시절·옛날 사진/영상,아카이브 코리아,UC4FQEWqGArx225OJn5MCEgA,2530,5,Y,ht6n6gTswvM,https://www.youtube.com/watch?v=ht6n6gTswvM,1900년대초 서울 생활모습 - 전차가 다니던 그시절,4600,4.6천,8:44,524,2026-09-26,2주 전,N,자체 제작,"△ (공유마당·공공누리1 사진, 성과 약함)"
F7 그 시절·옛날 사진/영상,아카이브 코리아,UC4FQEWqGArx225OJn5MCEgA,2530,6,Y,DCBmHXVkoOc,https://www.youtube.com/watch?v=DCBmHXVkoOc,80년대초 서울시장 - 그때는 이렇게 장을 봤습니다,6600,6.6천,15:24,924,2026-09-26,2주 전,N,자체 제작,"△ (공유마당·공공누리1 사진, 성과 약함)"
F7 그 시절·옛날 사진/영상,아카이브 코리아,UC4FQEWqGArx225OJn5MCEgA,2530,7,Y,J5Rct-Klgg4,https://www.youtube.com/watch?v=J5Rct-Klgg4,"1996년 서울, 30년전 우리가 잊고 있던 풍경",15000,1.5만,9:46,586,2026-09-26,2주 전,N,자체 제작,"△ (공유마당·공공누리1 사진, 성과 약함)"
F7 그 시절·옛날 사진/영상,아카이브 코리아,UC4FQEWqGArx225OJn5MCEgA,2530,8,Y,DKa0wKdD_lw,https://www.youtube.com/watch?v=DKa0wKdD_lw,1974년 광주 거리 — 양동시장과 금남로 사람들,83000,8.3만,8:28,508,2026-09-26,2주 전,N,자체 제작,"△ (공유마당·공공누리1 사진, 성과 약함)"
F7 그 시절·옛날 사진/영상,아카이브 코리아,UC4FQEWqGArx225OJn5MCEgA,2530,9,Y,QKGEC6GFWlo,https://www.youtube.com/watch?v=QKGEC6GFWlo,1979년 서울 거리 — 마지막으로 이런 모습이었다,160000,16만,9:08,548,2026-09-26,2주 전,Y,자체 제작,"△ (공유마당·공공누리1 사진, 성과 약함)"
F7 그 시절·옛날 사진/영상,아카이브 코리아,UC4FQEWqGArx225OJn5MCEgA,2530,10,Y,cm4bOswUoPM,https://www.youtube.com/watch?v=cm4bOswUoPM,120년 전 서울 남대문 앞 '이게 진짜 서울?',20000,2만,11:52,712,2026-09-19,3주 전,N,자체 제작,"△ (공유마당·공공누리1 사진, 성과 약함)"
F7 그 시절·옛날 사진/영상,아카이브 코리아,UC4FQEWqGArx225OJn5MCEgA,2530,11,Y,6LfJA28SwJo,https://www.youtube.com/watch?v=6LfJA28SwJo,1971년 서울 명동 거리 — 고가도로와 백화점이 들어서던 도심,16000,1.6만,8:50,530,2026-09-19,3주 전,N,자체 제작,"△ (공유마당·공공누리1 사진, 성과 약함)"
F7 그 시절·옛날 사진/영상,아카이브 코리아,UC4FQEWqGArx225OJn5MCEgA,2530,12,Y,LyK6ehZocyk,https://www.youtube.com/watch?v=LyK6ehZocyk,1970년대 서울 사람들 — 남대문시장·이화여대·구로공단·창경원,15000,1.5만,8:17,497,2026-09-19,3주 전,N,자체 제작,"△ (공유마당·공공누리1 사진, 성과 약함)"
F7 그 시절·옛날 사진/영상,아카이브 코리아,UC4FQEWqGArx225OJn5MCEgA,2530,13,Y,cevvCsH_KxI,https://www.youtube.com/watch?v=cevvCsH_KxI,1906년 조선시대 생활모습 — 장터에서 먹고살던 사람들,6700,6.7천,13:07,787,2026-09-19,3주 전,N,자체 제작,"△ (공유마당·공공누리1 사진, 성과 약함)"
F7 그 시절·옛날 사진/영상,아카이브 코리아,UC4FQEWqGArx225OJn5MCEgA,2530,14,Y,jbRplBkmXnY,https://www.youtube.com/watch?v=jbRplBkmXnY,"1906년 한양, 고종 황제의 행차가 지나간 궁궐",64000,6.4만,9:22,562,2026-09-19,3주 전,N,자체 제작,"△ (공유마당·공공누리1 사진, 성과 약함)"
F7 그 시절·옛날 사진/영상,아카이브 코리아,UC4FQEWqGArx225OJn5MCEgA,2530,15,Y,Kxl8nZVjHSk,https://www.youtube.com/watch?v=Kxl8nZVjHSk,1920년대  조선 기생 이난향과 이름 없는 얼굴들,3300,3.3천,12:16,736,2026-09-12,4주 전,N,자체 제작,"△ (공유마당·공공누리1 사진, 성과 약함)"
F7 그 시절·옛날 사진/영상,아카이브 코리아,UC4FQEWqGArx225OJn5MCEgA,2530,16,Y,_ecDDSVSwW0,https://www.youtube.com/watch?v=_ecDDSVSwW0,"1950년 6·25전쟁, 그 도시에도 사람은 살았다 | 폐허의 서울과 피란민 기록",1000,1천,18:03,1083,2026-09-10,1개월 전,N,자체 제작,"△ (공유마당·공공누리1 사진, 성과 약함)"
F7 그 시절·옛날 사진/영상,아카이브 코리아,UC4FQEWqGArx225OJn5MCEgA,2530,17,Y,XqltppbtdMI,https://www.youtube.com/watch?v=XqltppbtdMI,1970년대 초 서울 생활모습 — 우리가 살던 골목은 이랬습니다,34000,3.4만,17:18,1038,2026-09-10,1개월 전,N,자체 제작,"△ (공유마당·공공누리1 사진, 성과 약함)"
F7 그 시절·옛날 사진/영상,추억속으로TV,UC_wTv-n7sNlEPEaex6rwMaA,12500,1,N,GUYDxI8x49w,https://www.youtube.com/watch?v=GUYDxI8x49w,대구 과거로의 여행 - 추억의 옛 극장들! (수정통합본 ㅈㄸㄷ),991,991,26:51,1611,2026-08-11,2개월 전,N,자체 제작,"△ (공유마당·공공누리1 사진, 성과 약함)"
F7 그 시절·옛날 사진/영상,추억속으로TV,UC_wTv-n7sNlEPEaex6rwMaA,12500,2,N,RnM9EYiqGRI,https://www.youtube.com/watch?v=RnM9EYiqGRI,과거로의 여행~ 1970년대 서울! 그때 그 거리 속으로!,2200,2.2천,7:54,474,2026-02-09,8개월 전,N,자체 제작,"△ (공유마당·공공누리1 사진, 성과 약함)"
F7 그 시절·옛날 사진/영상,추억속으로TV,UC_wTv-n7sNlEPEaex6rwMaA,12500,3,Y,-wPTM_Gcwo4,https://www.youtube.com/watch?v=-wPTM_Gcwo4,1981년 추억의 TV 광고속으로~ 2탄! 틀어놓고자면 어릴적 이불속에서 듣는 기분!,13000,1.3만,32:16,1936,2026-02-09,8개월 전,N,자체 제작,"△ (공유마당·공공누리1 사진, 성과 약함)"
F7 그 시절·옛날 사진/영상,추억속으로TV,UC_wTv-n7sNlEPEaex6rwMaA,12500,4,Y,AKX7BTjbIV4,https://www.youtube.com/watch?v=AKX7BTjbIV4,1981년 추억의 TV 광고속으로~ 1탄! 틀어놓고자면 어릴적 이불속에서 듣는 기분!,10000,1만,13:51,831,2026-02-09,8개월 전,N,자체 제작,"△ (공유마당·공공누리1 사진, 성과 약함)"
F7 그 시절·옛날 사진/영상,추억속으로TV,UC_wTv-n7sNlEPEaex6rwMaA,12500,5,Y,jW_iyfJvhQI,https://www.youtube.com/watch?v=jW_iyfJvhQI,1980년대 빵 광고 속으로! 추억의 CF,2000,2천,9:52,592,2026-02-09,8개월 전,N,자체 제작,"△ (공유마당·공공누리1 사진, 성과 약함)"
F7 그 시절·옛날 사진/영상,추억속으로TV,UC_wTv-n7sNlEPEaex6rwMaA,12500,6,Y,AItEpOll5l8,https://www.youtube.com/watch?v=AItEpOll5l8,[추억의 테레비] 1980년대 CM송 광고 속으로! 틀어놓고자면 어릴적 이불속에서 듣는 기분!,1600,1.6천,11:08,668,2026-02-09,8개월 전,N,자체 제작,"△ (공유마당·공공누리1 사진, 성과 약함)"
F7 그 시절·옛날 사진/영상,추억속으로TV,UC_wTv-n7sNlEPEaex6rwMaA,12500,7,Y,ybfbN_KxS8s,https://www.youtube.com/watch?v=ybfbN_KxS8s,[추억의 테레비] 1979년 TV 광고 속으로~2탄! 틀어놓고자면 어릴적 이불속에서 듣는 기분!,5300,5.3천,18:39,1119,2026-02-09,8개월 전,N,자체 제작,"△ (공유마당·공공누리1 사진, 성과 약함)"
F7 그 시절·옛날 사진/영상,추억속으로TV,UC_wTv-n7sNlEPEaex6rwMaA,12500,8,Y,LmnJ3ER4Fb8,https://www.youtube.com/watch?v=LmnJ3ER4Fb8,전설의 코미디언! 이주일 수지큐~~ (추억의 코미디),2000,2천,8:02,482,2026-01-10,9개월 전,N,자체 제작,"△ (공유마당·공공누리1 사진, 성과 약함)"
F7 그 시절·옛날 사진/영상,추억속으로TV,UC_wTv-n7sNlEPEaex6rwMaA,12500,9,Y,gaXjwigT8oE,https://www.youtube.com/watch?v=gaXjwigT8oE,인천 앞바다에 사이다가 떴어도~~ 살살이 서영춘을 아시나요!,4300,4.3천,4:07,247,2026-01-10,9개월 전,N,자체 제작,"△ (공유마당·공공누리1 사진, 성과 약함)"
F7 그 시절·옛날 사진/영상,추억속으로TV,UC_wTv-n7sNlEPEaex6rwMaA,12500,10,Y,s_ed_vcoWFc,https://www.youtube.com/watch?v=s_ed_vcoWFc,[추억의 테레비] 1979년 TV 광고 속으로~1탄! 틀어놓고자면 어릴적 이불속에서 듣는 기분!,3900,3.9천,26:02,1562,2026-01-10,9개월 전,N,자체 제작,"△ (공유마당·공공누리1 사진, 성과 약함)"
F7 그 시절·옛날 사진/영상,추억속으로TV,UC_wTv-n7sNlEPEaex6rwMaA,12500,11,Y,LDVHIYcDKzU,https://www.youtube.com/watch?v=LDVHIYcDKzU,[추억의 테레비] 1978년 TV 흑백광고 속으로~2탄! 틀어놓고자면 어릴적 이불속에서 듣는 기분!,11000,1.1만,41:23,2483,2026-01-10,9개월 전,N,자체 제작,"△ (공유마당·공공누리1 사진, 성과 약함)"
F7 그 시절·옛날 사진/영상,추억속으로TV,UC_wTv-n7sNlEPEaex6rwMaA,12500,12,Y,fPR-4UasGDQ,https://www.youtube.com/watch?v=fPR-4UasGDQ,[추억의 테레비] 1978년 TV 흑백광고 속으로~1탄! 틀어놓고자면 어릴적 이불속에서 듣는 기분!,4700,4.7천,33:36,2016,2026-01-10,9개월 전,N,자체 제작,"△ (공유마당·공공누리1 사진, 성과 약함)"
F7 그 시절·옛날 사진/영상,추억속으로TV,UC_wTv-n7sNlEPEaex6rwMaA,12500,13,Y,7gylbfYAmB8,https://www.youtube.com/watch?v=7gylbfYAmB8,[추억의 테레비] 1977년 TV 흑백광고 속으로~3탄! 틀어놓고자면 어릴적 이불속에서 듣는 기분!,5900,5.9천,41:53,2513,2026-01-10,9개월 전,N,자체 제작,"△ (공유마당·공공누리1 사진, 성과 약함)"
F7 그 시절·옛날 사진/영상,추억속으로TV,UC_wTv-n7sNlEPEaex6rwMaA,12500,14,Y,bSlSzJxdjns,https://www.youtube.com/watch?v=bSlSzJxdjns,[추억의 테레비] 1977년 TV 흑백광고 속으로~2탄! 틀어놓고자면 어릴적 이불속에서 듣는 기분!,10000,1만,27:36,1656,2026-01-10,9개월 전,N,자체 제작,"△ (공유마당·공공누리1 사진, 성과 약함)"
F7 그 시절·옛날 사진/영상,추억속으로TV,UC_wTv-n7sNlEPEaex6rwMaA,12500,15,Y,9EKkpIsR1es,https://www.youtube.com/watch?v=9EKkpIsR1es,추억의 테레비~ 1977년 TV 흑백광고 속으로! 틀어놓고자면 어릴적 이불속에서 듣는 기분!,150000,15만,29:47,1787,2026-01-10,9개월 전,Y,자체 제작,"△ (공유마당·공공누리1 사진, 성과 약함)"
F7 그 시절·옛날 사진/영상,추억속으로TV,UC_wTv-n7sNlEPEaex6rwMaA,12500,16,Y,wGm3JFkPYR4,https://www.youtube.com/watch?v=wGm3JFkPYR4,추억의 테레비~ 1976년 TV광고 속으로! 틀어놓고자면 어릴적 이불속에서 듣는 기분!,31000,3.1만,53:06,3186,2026-01-10,9개월 전,N,자체 제작,"△ (공유마당·공공누리1 사진, 성과 약함)"
F7 그 시절·옛날 사진/영상,추억속으로TV,UC_wTv-n7sNlEPEaex6rwMaA,12500,17,Y,w6Q7XPwTXVs,https://www.youtube.com/watch?v=w6Q7XPwTXVs,1984년 서울의 출퇴근길~ 버스 안내양이 있던 그때 그 시절!,1400,1.4천,13:18,798,2026-01-10,9개월 전,N,자체 제작,"△ (공유마당·공공누리1 사진, 성과 약함)"
F7 그 시절·옛날 사진/영상,추억의 한국,UCotNIqBirUiZpznTmHYpVTw,1460,1,N,SgXamZIcp8Y,https://www.youtube.com/watch?v=SgXamZIcp8Y,"한국의 미첨단 시대, 기억할 만한 시대!| Backward Korea, A Time to Remember!  #Full #옛기억",215,215,3:14,194,2026-09-26,2주 전,N,자체 제작,"△ (공유마당·공공누리1 사진, 성과 약함)"
F7 그 시절·옛날 사진/영상,추억의 한국,UCotNIqBirUiZpznTmHYpVTw,1460,2,N,UuU7dw3P748,https://www.youtube.com/watch?v=UuU7dw3P748,1950~60년대 그리운 시골마을 풍경 / The Days We Forgot: Scenes of Our Hometown (1950s-60s) #옛기억,35000,3.5만,6:52,412,2026-09-10,1개월 전,N,자체 제작,"△ (공유마당·공공누리1 사진, 성과 약함)"
F7 그 시절·옛날 사진/영상,추억의 한국,UCotNIqBirUiZpznTmHYpVTw,1460,3,Y,-R7YN_mQB-k,https://www.youtube.com/watch?v=-R7YN_mQB-k,"가난했지만 따뜻했던, 잊지 못할 그 시절 고향 이야기｜Korea in the 1970s–80s #옛기억",3700,3.7천,5:28,328,2026-09-10,1개월 전,N,자체 제작,"△ (공유마당·공공누리1 사진, 성과 약함)"
F7 그 시절·옛날 사진/영상,추억의 한국,UCotNIqBirUiZpznTmHYpVTw,1460,4,Y,ekFg2UyPp-c,https://www.youtube.com/watch?v=ekFg2UyPp-c,1982년대 그리운 옛 시골마을 풍경 | The Days We Forgot: Memories of Hometown  #FULL #옛기억,1200,1.2천,11:09,669,2026-09-10,1개월 전,N,자체 제작,"△ (공유마당·공공누리1 사진, 성과 약함)"
F7 그 시절·옛날 사진/영상,추억의 한국,UCotNIqBirUiZpznTmHYpVTw,1460,5,Y,nwQEJ_9VXmg,https://www.youtube.com/watch?v=nwQEJ_9VXmg,1970년 서울 파노라마: 흑백 사진이 살아 숨 쉬는 순간 #full 1970 Seoul Time Machine Restore rare colors Video,50000,5만,10:04,604,2026-09-10,1개월 전,N,자체 제작,"△ (공유마당·공공누리1 사진, 성과 약함)"
F7 그 시절·옛날 사진/영상,추억의 한국,UCotNIqBirUiZpznTmHYpVTw,1460,6,Y,5-tJl-Hkhr4,https://www.youtube.com/watch?v=5-tJl-Hkhr4,1960년대 부산: 잿더미 속에서 피어난 부활! #Full (Rare photographs of life in Korea in the 1960s ),1200,1.2천,11:23,683,2026-04-11,6개월 전,N,자체 제작,"△ (공유마당·공공누리1 사진, 성과 약함)"
F7 그 시절·옛날 사진/영상,추억의 한국,UCotNIqBirUiZpznTmHYpVTw,1460,7,Y,P5aitpGOVb4,https://www.youtube.com/watch?v=P5aitpGOVb4,타임머신을 타고 간 100년 전 한국: 컬러로 만나는 선조들의 진짜 일상. A precious photo of Korea 100 years ago,1400,1.4천,11:20,680,2026-04-11,6개월 전,N,자체 제작,"△ (공유마당·공공누리1 사진, 성과 약함)"
F7 그 시절·옛날 사진/영상,추억의 한국,UCotNIqBirUiZpznTmHYpVTw,1460,8,Y,0f8r8hyYO-c,https://www.youtube.com/watch?v=0f8r8hyYO-c,"서울 1965에게: 가장 찬란했던 봄날들 - Living in Seoul in 1965: we had very little, but we were happy",3700,3.7천,11:03,663,2026-04-11,6개월 전,N,자체 제작,"△ (공유마당·공공누리1 사진, 성과 약함)"
F7 그 시절·옛날 사진/영상,추억의 한국,UCotNIqBirUiZpznTmHYpVTw,1460,9,Y,KOHfOYaZN38,https://www.youtube.com/watch?v=KOHfOYaZN38,[4K] 1983년 서울의 진짜 모습: 40년 전으로 떠나는 타임머신. #full 1983 Seoul Time Machine Restore rare colors Video,4600,4.6천,11:17,677,2026-04-11,6개월 전,N,자체 제작,"△ (공유마당·공공누리1 사진, 성과 약함)"
F7 그 시절·옛날 사진/영상,추억의 한국,UCotNIqBirUiZpznTmHYpVTw,1460,10,Y,i3EZ17Kp-t0,https://www.youtube.com/watch?v=i3EZ17Kp-t0,1960~70년대 그리운 시골마을 풍경 / The Days We Forgot: Scenes of Our Hometown (1960s-70s) #옛기억,110000,11만,10:22,622,2026-03-12,7개월 전,Y,자체 제작,"△ (공유마당·공공누리1 사진, 성과 약함)"
F7 그 시절·옛날 사진/영상,추억의 한국,UCotNIqBirUiZpznTmHYpVTw,1460,11,Y,rwNS3FDHfbc,https://www.youtube.com/watch?v=rwNS3FDHfbc,"1971년 서울, 그 시절 우리가 사랑했던 풍경 (눈물 주의) | Life in Seoul in 1971 Rare picture sent to the past #Full #옛기억",91000,9.1만,15:26,926,2026-03-12,7개월 전,N,자체 제작,"△ (공유마당·공공누리1 사진, 성과 약함)"
F7 그 시절·옛날 사진/영상,추억은 여기에,UCxGKyMPkGjBAOKXzPS31lYA,2880,1,N,dP6f-NcT8r8,https://www.youtube.com/watch?v=dP6f-NcT8r8,중독성에 하루 종일 흥얼거리는 추억의cm송,542,542,3:56,236,2026-03-12,7개월 전,N,자체 제작,"△ (공유마당·공공누리1 사진, 성과 약함)"
F7 그 시절·옛날 사진/영상,추억은 여기에,UCxGKyMPkGjBAOKXzPS31lYA,2880,2,N,fGRqRuzlERs,https://www.youtube.com/watch?v=fGRqRuzlERs,추억의 병맛 신문광고,451,451,0:52,52,2026-03-12,7개월 전,N,자체 제작,"△ (공유마당·공공누리1 사진, 성과 약함)"
F7 그 시절·옛날 사진/영상,추억은 여기에,UCxGKyMPkGjBAOKXzPS31lYA,2880,3,Y,xE5U_BrTTng,https://www.youtube.com/watch?v=xE5U_BrTTng,1993년 당신은 무얼하고 계셨나요?,6100,6.1천,1:34:07,5647,2026-02-09,8개월 전,N,자체 제작,"△ (공유마당·공공누리1 사진, 성과 약함)"
F7 그 시절·옛날 사진/영상,추억은 여기에,UCxGKyMPkGjBAOKXzPS31lYA,2880,4,Y,r9JBt8jTe3U,https://www.youtube.com/watch?v=r9JBt8jTe3U,추억의 술 광고,224,224,0:49,49,2026-02-09,8개월 전,N,자체 제작,"△ (공유마당·공공누리1 사진, 성과 약함)"
F7 그 시절·옛날 사진/영상,추억은 여기에,UCxGKyMPkGjBAOKXzPS31lYA,2880,5,Y,c3FPdjgJeaw,https://www.youtube.com/watch?v=c3FPdjgJeaw,92년도 당신이 즐겼던 광고는?,21000,2.1만,1:40:28,6028,2026-02-09,8개월 전,N,자체 제작,"△ (공유마당·공공누리1 사진, 성과 약함)"
F7 그 시절·옛날 사진/영상,추억은 여기에,UCxGKyMPkGjBAOKXzPS31lYA,2880,6,Y,oEl9YzJpj6c,https://www.youtube.com/watch?v=oEl9YzJpj6c,"옛날 영화 광고 , 다 모여랏!",816,816,4:16,256,2026-02-09,8개월 전,N,자체 제작,"△ (공유마당·공공누리1 사진, 성과 약함)"
F7 그 시절·옛날 사진/영상,추억은 여기에,UCxGKyMPkGjBAOKXzPS31lYA,2880,7,Y,rqZUpggJuSw,https://www.youtube.com/watch?v=rqZUpggJuSw,1985년 광고 모음. 그땐 그랬지,32000,3.2만,2:13:11,7991,2026-02-09,8개월 전,N,자체 제작,"△ (공유마당·공공누리1 사진, 성과 약함)"
F7 그 시절·옛날 사진/영상,추억은 여기에,UCxGKyMPkGjBAOKXzPS31lYA,2880,8,Y,i9926h0wa2o,https://www.youtube.com/watch?v=i9926h0wa2o,7 80년대 추억의 tv광고들,5300,5.3천,51:25,3085,2026-02-09,8개월 전,N,자체 제작,"△ (공유마당·공공누리1 사진, 성과 약함)"
F7 그 시절·옛날 사진/영상,추억은 여기에,UCxGKyMPkGjBAOKXzPS31lYA,2880,9,Y,yGe3siJO0yU,https://www.youtube.com/watch?v=yGe3siJO0yU,88년도 광고 모음,200000,20만,1:41:00,6060,2026-02-09,8개월 전,Y,자체 제작,"△ (공유마당·공공누리1 사진, 성과 약함)"
F7 그 시절·옛날 사진/영상,추억은 여기에,UCxGKyMPkGjBAOKXzPS31lYA,2880,10,Y,cjFvcFwoWTU,https://www.youtube.com/watch?v=cjFvcFwoWTU,1990년대 cf 모음,13000,1.3만,41:04,2464,2026-02-09,8개월 전,N,자체 제작,"△ (공유마당·공공누리1 사진, 성과 약함)"
F7 그 시절·옛날 사진/영상,추억은 여기에,UCxGKyMPkGjBAOKXzPS31lYA,2880,11,Y,UXK8jMUDhiA,https://www.youtube.com/watch?v=UXK8jMUDhiA,복성고조  호소자 소림축구 개봉 당시 광고,1000,1천,2:20,140,2026-02-09,8개월 전,N,자체 제작,"△ (공유마당·공공누리1 사진, 성과 약함)"
F7 그 시절·옛날 사진/영상,추억은 여기에,UCxGKyMPkGjBAOKXzPS31lYA,2880,12,Y,wBqBybuwvtQ,https://www.youtube.com/watch?v=wBqBybuwvtQ,추억의 TV 광고,6100,6.1천,3:54:41,14081,2026-02-09,8개월 전,N,자체 제작,"△ (공유마당·공공누리1 사진, 성과 약함)"
F7 그 시절·옛날 사진/영상,아 옛날이여,UCkKzKCGrv2NNbxIC9kShemw,2940,1,N,z46Hl4Ahomo,https://www.youtube.com/watch?v=z46Hl4Ahomo,혜중스뒤박 S2 E92 no.1~3,71,71,11:23,683,2026-10-09,1일 전,N,자체 제작,"△ (공유마당·공공누리1 사진, 성과 약함)"
F7 그 시절·옛날 사진/영상,아 옛날이여,UCkKzKCGrv2NNbxIC9kShemw,2940,2,N,QOPTZ6mA0-A,https://www.youtube.com/watch?v=QOPTZ6mA0-A,S4E06 타임머신TV 2016년,146,146,8:36,516,2026-10-09,1일 전,N,자체 제작,"△ (공유마당·공공누리1 사진, 성과 약함)"
F7 그 시절·옛날 사진/영상,아 옛날이여,UCkKzKCGrv2NNbxIC9kShemw,2940,3,Y,Vz0EZJ5QmP4,https://www.youtube.com/watch?v=Vz0EZJ5QmP4,S4E06 타임머신TV 2006년,597,597,7:37,457,2026-10-04,6일 전,N,자체 제작,"△ (공유마당·공공누리1 사진, 성과 약함)"
F7 그 시절·옛날 사진/영상,아 옛날이여,UCkKzKCGrv2NNbxIC9kShemw,2940,4,Y,lNeMg5wP34A,https://www.youtube.com/watch?v=lNeMg5wP34A,S4E06 타임머신TV 1996년,508,508,9:01,541,2026-10-03,7일 전,N,자체 제작,"△ (공유마당·공공누리1 사진, 성과 약함)"
F7 그 시절·옛날 사진/영상,아 옛날이여,UCkKzKCGrv2NNbxIC9kShemw,2940,5,Y,ouCa-xD_wZY,https://www.youtube.com/watch?v=ouCa-xD_wZY,혜중스뒤박 S2 E91 (tape ver.),97,97,42:03,2523,2026-08-11,2개월 전,N,자체 제작,"△ (공유마당·공공누리1 사진, 성과 약함)"
F7 그 시절·옛날 사진/영상,아 옛날이여,UCkKzKCGrv2NNbxIC9kShemw,2940,6,Y,VacZxFeIn5Q,https://www.youtube.com/watch?v=VacZxFeIn5Q,혜중스뒤박 S2 E90 (pc ver.),143,143,21:52,1312,2026-07-11,3개월 전,N,자체 제작,"△ (공유마당·공공누리1 사진, 성과 약함)"
F7 그 시절·옛날 사진/영상,아 옛날이여,UCkKzKCGrv2NNbxIC9kShemw,2940,7,Y,OUJora3Ve08,https://www.youtube.com/watch?v=OUJora3Ve08,주행(드라이브)영상: 기산저수지 앞 - 마장호수 앞 - 광탄,425,425,17:58,1078,2026-06-11,4개월 전,N,자체 제작,"△ (공유마당·공공누리1 사진, 성과 약함)"
F7 그 시절·옛날 사진/영상,아 옛날이여,UCkKzKCGrv2NNbxIC9kShemw,2940,8,Y,FL6PBS2Hp8M,https://www.youtube.com/watch?v=FL6PBS2Hp8M,송추 가마골로(국지도 39)에 새로 뚫린 부곡터널 주행 + 터널 개통 전 주행,255,255,3:38,218,2026-06-11,4개월 전,N,자체 제작,"△ (공유마당·공공누리1 사진, 성과 약함)"
F7 그 시절·옛날 사진/영상,아 옛날이여,UCkKzKCGrv2NNbxIC9kShemw,2940,9,Y,jGGXXEVb3CM,https://www.youtube.com/watch?v=jGGXXEVb3CM,주행(드라이브)영상: 고양 식사동 - 사리현 - 공릉천로 - 파주 조리읍,125,125,22:33,1353,2026-06-11,4개월 전,N,자체 제작,"△ (공유마당·공공누리1 사진, 성과 약함)"
F7 그 시절·옛날 사진/영상,아 옛날이여,UCkKzKCGrv2NNbxIC9kShemw,2940,10,Y,mNj-xCtRwrM,https://www.youtube.com/watch?v=mNj-xCtRwrM,"주행(드라이브)영상: 일산 풍동지구 / 후곡,문촌마을 - 킨텍스역 - 한류월드IC",112,112,15:14,914,2026-06-11,4개월 전,N,자체 제작,"△ (공유마당·공공누리1 사진, 성과 약함)"
F7 그 시절·옛날 사진/영상,아 옛날이여,UCkKzKCGrv2NNbxIC9kShemw,2940,11,Y,3DGZ1Q2kmJw,https://www.youtube.com/watch?v=3DGZ1Q2kmJw,CF 모음 - 2025년 여성 + 자동차 (2),1300,1.3천,15:55,955,2026-06-11,4개월 전,N,자체 제작,"△ (공유마당·공공누리1 사진, 성과 약함)"
F7 그 시절·옛날 사진/영상,아 옛날이여,UCkKzKCGrv2NNbxIC9kShemw,2940,12,Y,eDK10N71KT0,https://www.youtube.com/watch?v=eDK10N71KT0,주행(드라이브)영상: 파주 용미리 - 공릉저수지,73,73,12:40,760,2026-06-11,4개월 전,N,자체 제작,"△ (공유마당·공공누리1 사진, 성과 약함)"
F7 그 시절·옛날 사진/영상,아 옛날이여,UCkKzKCGrv2NNbxIC9kShemw,2940,13,Y,9dAW-5-O2ZQ,https://www.youtube.com/watch?v=9dAW-5-O2ZQ,Audio Mixing 혜중스뒤박S3 e12 #kpop #리믹스 #자작곡,140,140,29:09,1749,2026-06-11,4개월 전,N,자체 제작,"△ (공유마당·공공누리1 사진, 성과 약함)"
F7 그 시절·옛날 사진/영상,아 옛날이여,UCkKzKCGrv2NNbxIC9kShemw,2940,14,Y,C9oT2_KvG7I,https://www.youtube.com/watch?v=C9oT2_KvG7I,추억의 가요 테이프 99-B면 -  1998년 말 #가요 #kpop,1100,1.1천,46:43,2803,2026-06-11,4개월 전,N,자체 제작,"△ (공유마당·공공누리1 사진, 성과 약함)"
F7 그 시절·옛날 사진/영상,아 옛날이여,UCkKzKCGrv2NNbxIC9kShemw,2940,15,Y,hp5dQ5tWZVc,https://www.youtube.com/watch?v=hp5dQ5tWZVc,추억의 가요 테이프 99-A면 -  1998년 말 #가요 #kpop,741,741,46:11,2771,2026-06-11,4개월 전,N,자체 제작,"△ (공유마당·공공누리1 사진, 성과 약함)"
F7 그 시절·옛날 사진/영상,아 옛날이여,UCkKzKCGrv2NNbxIC9kShemw,2940,16,Y,1ZOJMX7aEpc,https://www.youtube.com/watch?v=1ZOJMX7aEpc,추억의 가요 테이프 98-B면 -  1998년 초 #가요 #kpop,1200,1.2천,48:01,2881,2026-05-11,5개월 전,N,자체 제작,"△ (공유마당·공공누리1 사진, 성과 약함)"
F7 그 시절·옛날 사진/영상,아 옛날이여,UCkKzKCGrv2NNbxIC9kShemw,2940,17,Y,mNSrvTvykMc,https://www.youtube.com/watch?v=mNSrvTvykMc,추억의 가요 테이프 98-A면 -  1998년 초 #가요 #kpop,733,733,47:53,2873,2026-05-11,5개월 전,N,자체 제작,"△ (공유마당·공공누리1 사진, 성과 약함)"
F7 그 시절·옛날 사진/영상,레트로붐 Retro Boom,UCDSm6oMzIZT-bo_KoJEwnag,674,1,N,tQFQf6sJQz8,https://www.youtube.com/watch?v=tQFQf6sJQz8,"옛날 광고 모음 CF - 자동차편🚗 (포니,스텔라,프린스,레간자,티코,프라이드,다마스,라노스,갤로퍼,무쏘 등) 1980~1999",2500,2.5천,13:22,802,2025-11-10,11개월 전,N,자체 제작,"△ (공유마당·공공누리1 사진, 성과 약함)"
F7 그 시절·옛날 사진/영상,레트로붐 Retro Boom,UCDSm6oMzIZT-bo_KoJEwnag,674,2,N,xalbrmgu3ds,https://www.youtube.com/watch?v=xalbrmgu3ds,족구 온라인 게임 - 공박 (GongBak),346,346,1:27,87,2025-11-10,11개월 전,N,자체 제작,"△ (공유마당·공공누리1 사진, 성과 약함)"
F7 그 시절·옛날 사진/영상,레트로붐 Retro Boom,UCDSm6oMzIZT-bo_KoJEwnag,674,3,Y,jl1OAJxqL70,https://www.youtube.com/watch?v=jl1OAJxqL70,"옛날 광고 모음 CF - 가구편🪑 (동서,한샘,보루네오,라자,화인,파로마,이노센트) 1985~2000",461,461,2:28,148,2025-10-10,1년 전,N,자체 제작,"△ (공유마당·공공누리1 사진, 성과 약함)"
F7 그 시절·옛날 사진/영상,레트로붐 Retro Boom,UCDSm6oMzIZT-bo_KoJEwnag,674,4,Y,mjOfgtnGGVE,https://www.youtube.com/watch?v=mjOfgtnGGVE,레인가드 (RAYNEGARD) - BGM,294,294,2:15,135,2025-10-10,1년 전,N,자체 제작,"△ (공유마당·공공누리1 사진, 성과 약함)"
F7 그 시절·옛날 사진/영상,레트로붐 Retro Boom,UCDSm6oMzIZT-bo_KoJEwnag,674,5,Y,mKPSWG0ydzE,https://www.youtube.com/watch?v=mKPSWG0ydzE,[MBC] 모험왕 걸리버 - 오프닝 곡 (Opening),1200,1.2천,1:24,84,2025-10-10,1년 전,N,자체 제작,"△ (공유마당·공공누리1 사진, 성과 약함)"
F7 그 시절·옛날 사진/영상,레트로붐 Retro Boom,UCDSm6oMzIZT-bo_KoJEwnag,674,6,Y,xM9lkzB5zK8,https://www.youtube.com/watch?v=xM9lkzB5zK8,창천(蒼天) 온라인 - BGM,491,491,3:12,192,2024-10-10,2년 전,N,자체 제작,"△ (공유마당·공공누리1 사진, 성과 약함)"
F7 그 시절·옛날 사진/영상,레트로붐 Retro Boom,UCDSm6oMzIZT-bo_KoJEwnag,674,7,Y,z5m_DgkYLW8,https://www.youtube.com/watch?v=z5m_DgkYLW8,블레스 (BLESS) 온라인 - OST,266,266,3:41,221,2024-10-10,2년 전,N,자체 제작,"△ (공유마당·공공누리1 사진, 성과 약함)"
F7 그 시절·옛날 사진/영상,레트로붐 Retro Boom,UCDSm6oMzIZT-bo_KoJEwnag,674,8,Y,YWwd2JBZJ6g,https://www.youtube.com/watch?v=YWwd2JBZJ6g,반지의제왕 온라인 (The Lord Of The Rings Online) - BGM,457,457,3:47,227,2024-10-10,2년 전,N,자체 제작,"△ (공유마당·공공누리1 사진, 성과 약함)"
F7 그 시절·옛날 사진/영상,레트로붐 Retro Boom,UCDSm6oMzIZT-bo_KoJEwnag,674,9,Y,uLCaw3gS2L8,https://www.youtube.com/watch?v=uLCaw3gS2L8,샤이닝 로어 MV - 신비(Shinvi) - 달링(Darling),1000,1천,3:12,192,2024-10-10,2년 전,N,자체 제작,"△ (공유마당·공공누리1 사진, 성과 약함)"
F7 그 시절·옛날 사진/영상,레트로붐 Retro Boom,UCDSm6oMzIZT-bo_KoJEwnag,674,10,Y,9l6gqZJhJfk,https://www.youtube.com/watch?v=9l6gqZJhJfk,캔뮤직 (CanMusic) 🎵 인기곡 - TOP50,1300,1.3천,1:57:55,7075,2024-10-10,2년 전,N,자체 제작,"△ (공유마당·공공누리1 사진, 성과 약함)"
F7 그 시절·옛날 사진/영상,레트로붐 Retro Boom,UCDSm6oMzIZT-bo_KoJEwnag,674,11,Y,Eztnsu6Ic4k,https://www.youtube.com/watch?v=Eztnsu6Ic4k,공작왕 (KJKing) 온라인 - BGM,1100,1.1천,2:52,172,2024-10-10,2년 전,N,자체 제작,"△ (공유마당·공공누리1 사진, 성과 약함)"
F7 그 시절·옛날 사진/영상,레트로붐 Retro Boom,UCDSm6oMzIZT-bo_KoJEwnag,674,12,Y,yAZeXsFEjj4,https://www.youtube.com/watch?v=yAZeXsFEjj4,퀴즈퀴즈 (큐플레이) -  BGM,552,552,4:31,271,2024-10-10,2년 전,N,자체 제작,"△ (공유마당·공공누리1 사진, 성과 약함)"
F7 그 시절·옛날 사진/영상,레트로붐 Retro Boom,UCDSm6oMzIZT-bo_KoJEwnag,674,13,Y,2fH-3GL5n_g,https://www.youtube.com/watch?v=2fH-3GL5n_g,길드워 (Guild Wars) -  BGM,101,101,16:15,975,2024-10-10,2년 전,N,자체 제작,"△ (공유마당·공공누리1 사진, 성과 약함)"
F7 그 시절·옛날 사진/영상,레트로붐 Retro Boom,UCDSm6oMzIZT-bo_KoJEwnag,674,14,Y,auWqelVwaLQ,https://www.youtube.com/watch?v=auWqelVwaLQ,카운터 스트라이크 2 온라인 (Counter Strike 2 Online) -  BGM,144,144,3:56,236,2024-10-10,2년 전,N,자체 제작,"△ (공유마당·공공누리1 사진, 성과 약함)"
F7 그 시절·옛날 사진/영상,레트로붐 Retro Boom,UCDSm6oMzIZT-bo_KoJEwnag,674,15,Y,2skKhD2cOB8,https://www.youtube.com/watch?v=2skKhD2cOB8,RF온라인 (RF Online) -  BGM,325,325,6:21,381,2024-10-10,2년 전,N,자체 제작,"△ (공유마당·공공누리1 사진, 성과 약함)"
F7 그 시절·옛날 사진/영상,레트로붐 Retro Boom,UCDSm6oMzIZT-bo_KoJEwnag,674,16,Y,gd_oEQI-0Dk,https://www.youtube.com/watch?v=gd_oEQI-0Dk,페이퍼맨 (Paperman) -  BGM,731,731,5:13,313,2023-10-11,3년 전,N,자체 제작,"△ (공유마당·공공누리1 사진, 성과 약함)"
F7 그 시절·옛날 사진/영상,레트로붐 Retro Boom,UCDSm6oMzIZT-bo_KoJEwnag,674,17,Y,B1m22S7QHmo,https://www.youtube.com/watch?v=B1m22S7QHmo,테라 (TERA) -  BGM,177,177,7:41,461,2023-10-11,3년 전,N,자체 제작,"△ (공유마당·공공누리1 사진, 성과 약함)"
F8 지리·지도 해설,지식줌,UCMoPdO2QFYy4uB0FUhCXATQ,81100,1,N,yRoBaJ2m2X0,https://www.youtube.com/watch?v=yRoBaJ2m2X0,푸틴 암살이 어려운 진짜 이유,37000,3.7만,13:11,791,2026-08-11,2개월 전,N,자체 제작,○ (Natural Earth PD 지도)
F8 지리·지도 해설,지식줌,UCMoPdO2QFYy4uB0FUhCXATQ,81100,2,N,CkS4jB-ToOA,https://www.youtube.com/watch?v=CkS4jB-ToOA,"""삼각지대""로 이름만 들어본 ""버뮤다"", 어떻게 세계 최상위권 부자가 됐을까?",15000,1.5만,19:46,1186,2026-07-11,3개월 전,N,자체 제작,○ (Natural Earth PD 지도)
F8 지리·지도 해설,지식줌,UCMoPdO2QFYy4uB0FUhCXATQ,81100,3,Y,hBoY9LWmwzA,https://www.youtube.com/watch?v=hBoY9LWmwzA,"세계에서 가장 위험한 바다, 남극해",910000,91만,17:22,1042,2026-06-11,4개월 전,Y,자체 제작,○ (Natural Earth PD 지도)
F8 지리·지도 해설,지식줌,UCMoPdO2QFYy4uB0FUhCXATQ,81100,4,Y,EEBeSSvmUJo,https://www.youtube.com/watch?v=EEBeSSvmUJo,왜 이란 해안은 텅 비었을까?,68000,6.8만,10:41,641,2026-05-11,5개월 전,N,자체 제작,○ (Natural Earth PD 지도)
F8 지리·지도 해설,지식줌,UCMoPdO2QFYy4uB0FUhCXATQ,81100,5,Y,D-kBusgGVj8,https://www.youtube.com/watch?v=D-kBusgGVj8,"국경도 안 닿는데, 왜 굳이 합쳤을까?",8600,8.6천,9:59,599,2026-05-11,5개월 전,N,자체 제작,○ (Natural Earth PD 지도)
F8 지리·지도 해설,지식줌,UCMoPdO2QFYy4uB0FUhCXATQ,81100,6,Y,8OeBYqsPbks,https://www.youtube.com/watch?v=8OeBYqsPbks,"""아침마다 정부가 마약을 줍니다"" 아프리카 1위 부국의 소름 돋는 실체",15000,1.5만,18:46,1126,2026-05-11,5개월 전,N,자체 제작,○ (Natural Earth PD 지도)
F8 지리·지도 해설,지식줌,UCMoPdO2QFYy4uB0FUhCXATQ,81100,7,Y,o_6_s3ni78A,https://www.youtube.com/watch?v=o_6_s3ni78A,이집트 정부가 절대 못 없애는 '이곳'의 정체,7900,7.9천,14:16,856,2026-04-11,6개월 전,N,자체 제작,○ (Natural Earth PD 지도)
F8 지리·지도 해설,지식줌,UCMoPdO2QFYy4uB0FUhCXATQ,81100,8,Y,c22DpyyP_qA,https://www.youtube.com/watch?v=c22DpyyP_qA,"""싱가포르 끝났네요"" 40조 갖다 박은 '미친 지름길'의 정체",17000,1.7만,16:55,1015,2026-04-11,6개월 전,N,자체 제작,○ (Natural Earth PD 지도)
F8 지리·지도 해설,지식줌,UCMoPdO2QFYy4uB0FUhCXATQ,81100,9,Y,Gj2KWWUFFxA,https://www.youtube.com/watch?v=Gj2KWWUFFxA,파리를 망친 최고층 빌딩… 왜 50년째 못 없앨까,15000,1.5만,11:04,664,2026-03-12,7개월 전,N,자체 제작,○ (Natural Earth PD 지도)
F8 지리·지도 해설,지식줌,UCMoPdO2QFYy4uB0FUhCXATQ,81100,10,Y,c_fh8mRNTg0,https://www.youtube.com/watch?v=c_fh8mRNTg0,다리 하나면 나라가 이어지는데… 영국이 130년 넘게 배만타는 진짜 이유,15000,1.5만,9:32,572,2026-03-12,7개월 전,N,자체 제작,○ (Natural Earth PD 지도)
F8 지리·지도 해설,지식줌,UCMoPdO2QFYy4uB0FUhCXATQ,81100,11,Y,4lavqEYXc5w,https://www.youtube.com/watch?v=4lavqEYXc5w,전 세계 헤로인 80%를 장악한 ‘진짜 마약 제국’의 소름 돋는 정체,56000,5.6만,18:37,1117,2026-03-12,7개월 전,N,자체 제작,○ (Natural Earth PD 지도)
F8 지리·지도 해설,지식줌,UCMoPdO2QFYy4uB0FUhCXATQ,81100,12,Y,4DfPI8AAUXk,https://www.youtube.com/watch?v=4DfPI8AAUXk,대만의 동쪽은 왜 유독 ‘암흑’일까? 지도에서 사라진 ‘진짜 주인’들의 비극,180000,18만,19:44,1184,2026-02-09,8개월 전,Y,자체 제작,○ (Natural Earth PD 지도)
F8 지리·지도 해설,지식줌,UCMoPdO2QFYy4uB0FUhCXATQ,81100,13,Y,8OLlfyVu49A,https://www.youtube.com/watch?v=8OLlfyVu49A,"거리 30km, 수심 고작 3m... 왜 600년째 다리가 없을까?",130000,13만,13:57,837,2026-01-10,9개월 전,Y,자체 제작,○ (Natural Earth PD 지도)
F8 지리·지도 해설,지식줌,UCMoPdO2QFYy4uB0FUhCXATQ,81100,14,Y,4G780csTigU,https://www.youtube.com/watch?v=4G780csTigU,"빵이 기름보다 비싸진 이란, 대체 무슨 일이?",10000,1만,12:35,755,2026-01-10,9개월 전,N,자체 제작,○ (Natural Earth PD 지도)
F8 지리·지도 해설,지식줌,UCMoPdO2QFYy4uB0FUhCXATQ,81100,15,Y,DBMn36dcbIg,https://www.youtube.com/watch?v=DBMn36dcbIg,다리 하나면 나라가 이어지는데... 뉴질랜드가 100년째 배만 타는 진짜 이유,370000,37만,9:40,580,2026-01-10,9개월 전,Y,자체 제작,○ (Natural Earth PD 지도)
F8 지리·지도 해설,지식줌,UCMoPdO2QFYy4uB0FUhCXATQ,81100,16,Y,kE3S_427Jt0,https://www.youtube.com/watch?v=kE3S_427Jt0,해방된 미국 흑인들이 아프리카에 나라를 세우면 벌어지는 일,180000,18만,17:10,1030,2025-12-10,10개월 전,Y,자체 제작,○ (Natural Earth PD 지도)
F8 지리·지도 해설,지식줌,UCMoPdO2QFYy4uB0FUhCXATQ,81100,17,Y,UjDrY9dIMlE,https://www.youtube.com/watch?v=UjDrY9dIMlE,시베리아의 고대인들은 어떻게 한반도까지 왔을까?,42000,4.2만,11:31,691,2025-12-10,10개월 전,N,자체 제작,○ (Natural Earth PD 지도)
X 제외(얼굴 출연·남의 영상·다른 그룹),보다 BODA,UCoCvTlU0KpNYwnMIgs7MPrA,3220000,1,N,0xfOZ6_Vqr8,https://www.youtube.com/watch?v=0xfOZ6_Vqr8,지구를 초토화시킨 거대한 소행성의 흔적을 정작 아무도 찾지 못한 이유 | 과학을 보다 EP.223,410000,41만,47:26,2846,2026-10-10,9시간 전,Y,얼굴 출연,✗
X 제외(얼굴 출연·남의 영상·다른 그룹),보다 BODA,UCoCvTlU0KpNYwnMIgs7MPrA,3220000,2,N,swqGt_hSfdk,https://www.youtube.com/watch?v=swqGt_hSfdk,과학자들이 목숨 걸고 연구하는 분야별 최고의 난제들ㅣ광기의 과학자 특집,520000,52만,1:02:49,3769,2026-10-09,1일 전,Y,얼굴 출연,✗
X 제외(얼굴 출연·남의 영상·다른 그룹),보다 BODA,UCoCvTlU0KpNYwnMIgs7MPrA,3220000,3,Y,TKs4oI8_LvY,https://www.youtube.com/watch?v=TKs4oI8_LvY,최근 전국적으로 갑자기 대량 출몰하고 있는 곤충 (난리난 수도권..) | 과학정모 EP.56,320000,32만,22:55,1375,2026-10-08,2일 전,Y,얼굴 출연,✗
X 제외(얼굴 출연·남의 영상·다른 그룹),보다 BODA,UCoCvTlU0KpNYwnMIgs7MPrA,3220000,4,Y,Ox0d88fpHC4,https://www.youtube.com/watch?v=Ox0d88fpHC4,[라이브 풀버전] 우주먼지와 김범준도 벅차오른 순간… 누리호 5차 발사 성공!,440000,44만,1:14:13,4453,2026-10-08,2일 전,Y,얼굴 출연,✗
X 제외(얼굴 출연·남의 영상·다른 그룹),보다 BODA,UCoCvTlU0KpNYwnMIgs7MPrA,3220000,5,Y,LKrggqQ3ayU,https://www.youtube.com/watch?v=LKrggqQ3ayU,악마부대 체첸군은 어떻게 초강대국 러시아를 발라버렸을까?(러시아의 악몽…)ㅣ그날을 보다 EP.47,1410000,141만,42:16,2536,2026-10-07,3일 전,Y,얼굴 출연,✗
X 제외(얼굴 출연·남의 영상·다른 그룹),보다 BODA,UCoCvTlU0KpNYwnMIgs7MPrA,3220000,6,Y,aivOcLG9-6o,https://www.youtube.com/watch?v=aivOcLG9-6o,무덤 속 꼭꼭 숨긴 미스터리한 비밀을 찾아 떠나는 역사 탐험...(역사 ASMR 몰아보기) [EP.141~147],230000,23만,4:03:00,14580,2026-10-05,5일 전,Y,얼굴 출연,✗
X 제외(얼굴 출연·남의 영상·다른 그룹),보다 BODA,UCoCvTlU0KpNYwnMIgs7MPrA,3220000,7,Y,vp1Eet1Rmfk,https://www.youtube.com/watch?v=vp1Eet1Rmfk,최빈국 파키스탄이 한순간에 인도를 이긴 군사력을 얻은 방법ㅣ역사를 보다 EP.164,2230000,223만,47:15,2835,2026-10-04,6일 전,Y,얼굴 출연,✗
X 제외(얼굴 출연·남의 영상·다른 그룹),보다 BODA,UCoCvTlU0KpNYwnMIgs7MPrA,3220000,8,Y,dC7bF_vaIQM,https://www.youtube.com/watch?v=dC7bF_vaIQM,과학자들이 철저하게 감시하고 있는 의문의 섬... | 과학을 보다 EP.222,1620000,162만,48:21,2901,2026-10-03,7일 전,Y,얼굴 출연,✗
X 제외(얼굴 출연·남의 영상·다른 그룹),보다 BODA,UCoCvTlU0KpNYwnMIgs7MPrA,3220000,9,Y,lCXhGuRQJyU,https://www.youtube.com/watch?v=lCXhGuRQJyU,미국 보스턴 도심 한복판에 숨겨진 1급 보안 시설을 찾아갔습니다.ㅣ보다 미국편,470000,47만,33:08,1988,2026-10-01,9일 전,Y,얼굴 출연,✗
X 제외(얼굴 출연·남의 영상·다른 그룹),보다 BODA,UCoCvTlU0KpNYwnMIgs7MPrA,3220000,10,Y,PqxhEdh3mMs,https://www.youtube.com/watch?v=PqxhEdh3mMs,작다고 베트남을 얕잡아본 중국의 비참한 최후 (미국을 이긴 나란데…) | 그날을 보다 EP.46,1570000,157만,46:26,2786,2026-09-29,11일 전,Y,얼굴 출연,✗
X 제외(얼굴 출연·남의 영상·다른 그룹),보다 BODA,UCoCvTlU0KpNYwnMIgs7MPrA,3220000,11,Y,-FTRl-sHTUQ,https://www.youtube.com/watch?v=-FTRl-sHTUQ,전 세계 뒤집어 놓은 반도체의 핵심을 찾아 떠나는 과학 탐험 (눈과 귀를 뗄 수 없는 꿀잼 과학 ASMR 몰아보기),400000,40만,3:03:13,10993,2026-09-29,11일 전,Y,얼굴 출연,✗
X 제외(얼굴 출연·남의 영상·다른 그룹),보다 BODA,UCoCvTlU0KpNYwnMIgs7MPrA,3220000,12,Y,tlVSuaOykFk,https://www.youtube.com/watch?v=tlVSuaOykFk,최초의 인류가 사용했던 천사들의 언어 미스터리ㅣ역사를 보다 EP.163,2720000,272만,37:34,2254,2026-09-27,13일 전,Y,얼굴 출연,✗
X 제외(얼굴 출연·남의 영상·다른 그룹),보다 BODA,UCoCvTlU0KpNYwnMIgs7MPrA,3220000,13,Y,V674KKrcF3w,https://www.youtube.com/watch?v=V674KKrcF3w,본격적으로 드러난 비만치료제의 충격적인 부작용 (독이 된 약...?) | 과학을 보다 EP.221,3530000,353만,43:46,2626,2026-09-26,2주 전,Y,얼굴 출연,✗
X 제외(얼굴 출연·남의 영상·다른 그룹),보다 BODA,UCoCvTlU0KpNYwnMIgs7MPrA,3220000,14,Y,bFKTCy_IJbo,https://www.youtube.com/watch?v=bFKTCy_IJbo,역사학자는 숨만 쉬어도 죽는 궁안에서 살아남을 수 있을까? ⟪성세천하: 여제의 탄생⟫,1180000,118만,4:06:26,14786,2026-09-26,2주 전,Y,얼굴 출연,✗
X 제외(얼굴 출연·남의 영상·다른 그룹),보다 BODA,UCoCvTlU0KpNYwnMIgs7MPrA,3220000,15,Y,-U4n0s0bZgQ,https://www.youtube.com/watch?v=-U4n0s0bZgQ,과학자들이 예측하는 인류 멸망 시나리오ㅣ광기의 과학자 특집,1290000,129만,1:00:55,3655,2026-09-26,2주 전,Y,얼굴 출연,✗
X 제외(얼굴 출연·남의 영상·다른 그룹),보다 BODA,UCoCvTlU0KpNYwnMIgs7MPrA,3220000,16,Y,w56IxMajSHY,https://www.youtube.com/watch?v=w56IxMajSHY,성경에 차마 예수의 12세~30세까지 이야기를 담지 못한 이유(종교 대통합..)ㅣ역사를 보다 EP.162,2390000,239만,43:30,2610,2026-09-26,2주 전,Y,얼굴 출연,✗
X 제외(얼굴 출연·남의 영상·다른 그룹),보다 BODA,UCoCvTlU0KpNYwnMIgs7MPrA,3220000,17,Y,OWWYsRzzQ60,https://www.youtube.com/watch?v=OWWYsRzzQ60,인류 최악의 전범자 히틀러의 참혹한 최후(독일의 패배..)ㅣ그날을 보다 EP.45,1600000,160만,52:23,3143,2026-09-26,2주 전,Y,얼굴 출연,✗
X 제외(얼굴 출연·남의 영상·다른 그룹),서재로36,UCf-k_BU6RbS42L7MJXzovaA,1310000,1,N,xyYFTKr79og,https://www.youtube.com/watch?v=xyYFTKr79og,국가 비상사태를 대비해 지구 반대편에 마련했던 '대한민국 제2의 땅',1530000,153만,42:06,2526,2026-10-07,3일 전,Y,얼굴 출연,✗
X 제외(얼굴 출연·남의 영상·다른 그룹),서재로36,UCf-k_BU6RbS42L7MJXzovaA,1310000,2,N,zY5_5OhbW2g,https://www.youtube.com/watch?v=zY5_5OhbW2g,"세계에서 가장 건조한 사막, 아타카마",1250000,125만,44:29,2669,2026-09-30,10일 전,Y,얼굴 출연,✗
X 제외(얼굴 출연·남의 영상·다른 그룹),서재로36,UCf-k_BU6RbS42L7MJXzovaA,1310000,3,Y,Jijciy3IYp0,https://www.youtube.com/watch?v=Jijciy3IYp0,"해발 5,100m에 사람이 사는 이유",1470000,147만,56:55,3415,2026-09-26,2주 전,Y,얼굴 출연,✗
X 제외(얼굴 출연·남의 영상·다른 그룹),서재로36,UCf-k_BU6RbS42L7MJXzovaA,1310000,4,Y,URY5zDYcdyo,https://www.youtube.com/watch?v=URY5zDYcdyo,"세계 최대의 고립 도시, 이키토스",1480000,148만,49:44,2984,2026-09-19,3주 전,Y,얼굴 출연,✗
X 제외(얼굴 출연·남의 영상·다른 그룹),서재로36,UCf-k_BU6RbS42L7MJXzovaA,1310000,5,Y,oo7mcUfvjto,https://www.youtube.com/watch?v=oo7mcUfvjto,정치는 망했는데 경제는 최강인 이상한 나라,1770000,177만,46:22,2782,2026-09-10,1개월 전,Y,얼굴 출연,✗
X 제외(얼굴 출연·남의 영상·다른 그룹),서재로36,UCf-k_BU6RbS42L7MJXzovaA,1310000,6,Y,o1Hg2-E0B2U,https://www.youtube.com/watch?v=o1Hg2-E0B2U,남미에서 가장 위험한 나라,2510000,251만,53:22,3202,2026-09-10,1개월 전,Y,얼굴 출연,✗
X 제외(얼굴 출연·남의 영상·다른 그룹),서재로36,UCf-k_BU6RbS42L7MJXzovaA,1310000,7,Y,UQJ4Qt3ol-4,https://www.youtube.com/watch?v=UQJ4Qt3ol-4,섬 전체가 집으로 뒤덮여버린 곳,2290000,229만,38:00,2280,2026-09-10,1개월 전,Y,얼굴 출연,✗
X 제외(얼굴 출연·남의 영상·다른 그룹),서재로36,UCf-k_BU6RbS42L7MJXzovaA,1310000,8,Y,0Uxx-UrTVP0,https://www.youtube.com/watch?v=0Uxx-UrTVP0,돈이 휴지보다 저렴한 나라,3170000,317만,53:04,3184,2026-09-10,1개월 전,Y,얼굴 출연,✗
X 제외(얼굴 출연·남의 영상·다른 그룹),서재로36,UCf-k_BU6RbS42L7MJXzovaA,1310000,9,Y,CpDpVjZoUIk,https://www.youtube.com/watch?v=CpDpVjZoUIk,남미에서 가장 부유했던 나라의 최후,1320000,132만,55:36,3336,2026-09-10,1개월 전,Y,얼굴 출연,✗
X 제외(얼굴 출연·남의 영상·다른 그룹),서재로36,UCf-k_BU6RbS42L7MJXzovaA,1310000,10,Y,0MLCFJaWhXs,https://www.youtube.com/watch?v=0MLCFJaWhXs,OECD에서 가장 가난한 나라,1720000,172만,58:08,3488,2026-08-11,2개월 전,Y,얼굴 출연,✗
X 제외(얼굴 출연·남의 영상·다른 그룹),서재로36,UCf-k_BU6RbS42L7MJXzovaA,1310000,11,Y,-1koDIhc7b0,https://www.youtube.com/watch?v=-1koDIhc7b0,전국민이 복권 1등에 당첨된 나라,1590000,159만,56:29,3389,2026-08-11,2개월 전,Y,얼굴 출연,✗
X 제외(얼굴 출연·남의 영상·다른 그룹),서재로36,UCf-k_BU6RbS42L7MJXzovaA,1310000,12,Y,L-qZjhGwIU8,https://www.youtube.com/watch?v=L-qZjhGwIU8,"국토의 98%가 정글인 나라, 수리남",2010000,201만,47:51,2871,2026-07-11,3개월 전,Y,얼굴 출연,✗
X 제외(얼굴 출연·남의 영상·다른 그룹),서재로36,UCf-k_BU6RbS42L7MJXzovaA,1310000,13,Y,0BPmMutRuqM,https://www.youtube.com/watch?v=0BPmMutRuqM,대륙을 반으로 잘라 돈을 버는 나라,970000,97만,51:24,3084,2026-07-11,3개월 전,Y,얼굴 출연,✗
X 제외(얼굴 출연·남의 영상·다른 그룹),서재로36,UCf-k_BU6RbS42L7MJXzovaA,1310000,14,Y,BvfRt6uRwMI,https://www.youtube.com/watch?v=BvfRt6uRwMI,살인을 저질러도 안 잡히는 나라,1500000,150만,1:00:12,3612,2026-07-11,3개월 전,Y,얼굴 출연,✗
X 제외(얼굴 출연·남의 영상·다른 그룹),서재로36,UCf-k_BU6RbS42L7MJXzovaA,1310000,15,Y,ph9bRseOuV0,https://www.youtube.com/watch?v=ph9bRseOuV0,국민을 가장 많이 감옥에 넣는 나라,1420000,142만,47:48,2868,2026-07-11,3개월 전,Y,얼굴 출연,✗
X 제외(얼굴 출연·남의 영상·다른 그룹),서재로36,UCf-k_BU6RbS42L7MJXzovaA,1310000,16,Y,ccCOh0FUXkA,https://www.youtube.com/watch?v=ccCOh0FUXkA,"스스로 살아남아야 하는 나라, 과테말라",1150000,115만,44:05,2645,2026-06-11,4개월 전,Y,얼굴 출연,✗
X 제외(얼굴 출연·남의 영상·다른 그룹),서재로36,UCf-k_BU6RbS42L7MJXzovaA,1310000,17,Y,T4X-w8oHxJs,https://www.youtube.com/watch?v=T4X-w8oHxJs,목숨을 걸어서라도 이 열차에 타는 이유,1090000,109만,41:16,2476,2026-06-11,4개월 전,Y,얼굴 출연,✗
X 제외(얼굴 출연·남의 영상·다른 그룹),꾸준 kkujun,UCxgeEPgtd5Aw7HgoEUXCauA,924000,1,N,tTgL5zczEHs,https://www.youtube.com/watch?v=tTgL5zczEHs,1인 30만원ㄷㄷ 세계 최고가 찜질방은 돈값을 할까? [전국찜질방투어],960000,96만,41:59,2519,2026-10-08,2일 전,Y,얼굴 출연,✗
X 제외(얼굴 출연·남의 영상·다른 그룹),꾸준 kkujun,UCxgeEPgtd5Aw7HgoEUXCauA,924000,2,N,i_YchbGodcc,https://www.youtube.com/watch?v=i_YchbGodcc,"초밥 800원, 오션뷰 호텔 2만원대ㄷㄷ 후쿠오카 갈 바엔 무조건 ‘여기’ 갑니다",3060000,306만,49:47,2987,2026-09-30,10일 전,Y,얼굴 출연,✗
X 제외(얼굴 출연·남의 영상·다른 그룹),꾸준 kkujun,UCxgeEPgtd5Aw7HgoEUXCauA,924000,3,Y,XosvgmdMiQw,https://www.youtube.com/watch?v=XosvgmdMiQw,"""마멋 고기부터 양 눈알까지"" 몽골 오지 100시간 자급자족 생존기",750000,75만,42:04,2524,2026-09-12,4주 전,Y,얼굴 출연,✗
X 제외(얼굴 출연·남의 영상·다른 그룹),꾸준 kkujun,UCxgeEPgtd5Aw7HgoEUXCauA,924000,4,Y,wsh00SboCS8,https://www.youtube.com/watch?v=wsh00SboCS8,"한국도 이렇게 된다? 인구 감소 세계 1위, 유럽에서 가장 가난한 나라 입국기",1650000,165만,44:30,2670,2026-09-10,1개월 전,Y,얼굴 출연,✗
X 제외(얼굴 출연·남의 영상·다른 그룹),꾸준 kkujun,UCxgeEPgtd5Aw7HgoEUXCauA,924000,5,Y,YYpN5TpdAo8,https://www.youtube.com/watch?v=YYpN5TpdAo8,"한국인 99% 모르는 미승인 국가, 스릅스카 공화국 입국기",1010000,101만,40:50,2450,2026-09-10,1개월 전,Y,얼굴 출연,✗
X 제외(얼굴 출연·남의 영상·다른 그룹),꾸준 kkujun,UCxgeEPgtd5Aw7HgoEUXCauA,924000,6,Y,8Q-QHnN4v0c,https://www.youtube.com/watch?v=8Q-QHnN4v0c,한 나라에 대통령 3명ㄷㄷ 언제 터질지 모르는 유럽 '이 나라' 직접 가봤습니다,1210000,121만,40:01,2401,2026-09-10,1개월 전,Y,얼굴 출연,✗
X 제외(얼굴 출연·남의 영상·다른 그룹),꾸준 kkujun,UCxgeEPgtd5Aw7HgoEUXCauA,924000,7,Y,RoV6B-7tI2k,https://www.youtube.com/watch?v=RoV6B-7tI2k,아시아에서 가장 최근에 생긴 '이 나라' 입국기,2340000,234만,45:15,2715,2026-08-11,2개월 전,Y,얼굴 출연,✗
X 제외(얼굴 출연·남의 영상·다른 그룹),꾸준 kkujun,UCxgeEPgtd5Aw7HgoEUXCauA,924000,8,Y,nqsDv95BN6s,https://www.youtube.com/watch?v=nqsDv95BN6s,일반 기차 100배 가격ㄷㄷ 베트남 최고가 기차 솔직후기,920000,92만,42:43,2563,2026-08-11,2개월 전,Y,얼굴 출연,✗
X 제외(얼굴 출연·남의 영상·다른 그룹),꾸준 kkujun,UCxgeEPgtd5Aw7HgoEUXCauA,924000,9,Y,ycLqFf0GQQc,https://www.youtube.com/watch?v=ycLqFf0GQQc,다낭 반값인데 사람도 없다ㄷㄷ 한국인 99% 모르는 베트남 휴양지 최초공개,950000,95만,43:03,2583,2026-08-11,2개월 전,Y,얼굴 출연,✗
X 제외(얼굴 출연·남의 영상·다른 그룹),꾸준 kkujun,UCxgeEPgtd5Aw7HgoEUXCauA,924000,10,Y,x_RowkvmQTI,https://www.youtube.com/watch?v=x_RowkvmQTI,평균연봉 1억인데 한끼 4천원?! 아시아에서 가장 잘 사는 ‘이 나라’ 충격 물가,1420000,142만,49:28,2968,2026-07-11,3개월 전,Y,얼굴 출연,✗
X 제외(얼굴 출연·남의 영상·다른 그룹),꾸준 kkujun,UCxgeEPgtd5Aw7HgoEUXCauA,924000,11,Y,Jr-v0ufpaBs,https://www.youtube.com/watch?v=Jr-v0ufpaBs,“다시는 안 가고 싶은 나라 1위” 인구 밀도 세계 1위 도시에서 72시간 버티기,1790000,179만,1:05:02,3902,2026-07-11,3개월 전,Y,얼굴 출연,✗
X 제외(얼굴 출연·남의 영상·다른 그룹),꾸준 kkujun,UCxgeEPgtd5Aw7HgoEUXCauA,924000,12,Y,gicigHhrE54,https://www.youtube.com/watch?v=gicigHhrE54,"한끼 1,900원ㄷㄷ 방콕 반값인데 한국인은 몰라서 못 가는 동남아 여행지",830000,83만,35:36,2136,2026-07-11,3개월 전,Y,얼굴 출연,✗
X 제외(얼굴 출연·남의 영상·다른 그룹),꾸준 kkujun,UCxgeEPgtd5Aw7HgoEUXCauA,924000,13,Y,AnHsuOiw6Rk,https://www.youtube.com/watch?v=AnHsuOiw6Rk,중국도 제쳤다ㄷㄷ 세계에서 가장 인구 많은 ‘이 도시’에 가봤습니다,1100000,110만,48:34,2914,2026-07-11,3개월 전,Y,얼굴 출연,✗
X 제외(얼굴 출연·남의 영상·다른 그룹),꾸준 kkujun,UCxgeEPgtd5Aw7HgoEUXCauA,924000,14,Y,cFa20jWtGfM,https://www.youtube.com/watch?v=cFa20jWtGfM,모르는 사람과 단둘이 일본 여행 갔다가 생긴 일,630000,63만,35:11,2111,2026-07-11,3개월 전,Y,얼굴 출연,✗
X 제외(얼굴 출연·남의 영상·다른 그룹),꾸준 kkujun,UCxgeEPgtd5Aw7HgoEUXCauA,924000,15,Y,P378jCtYQLs,https://www.youtube.com/watch?v=P378jCtYQLs,1888년 개업ㄷㄷ 대한민국에서 가장 오래된 호텔에서 72시간,1300000,130만,34:07,2047,2026-06-11,4개월 전,Y,얼굴 출연,✗
X 제외(얼굴 출연·남의 영상·다른 그룹),꾸준 kkujun,UCxgeEPgtd5Aw7HgoEUXCauA,924000,16,Y,5axQec-anBw,https://www.youtube.com/watch?v=5axQec-anBw,“한국인은 안 받는다“ 중국 여행 중 식당에서 쫓겨났습니다,700000,70만,34:09,2049,2026-06-11,4개월 전,Y,얼굴 출연,✗
X 제외(얼굴 출연·남의 영상·다른 그룹),꾸준 kkujun,UCxgeEPgtd5Aw7HgoEUXCauA,924000,17,Y,0ROCD3QoIkU,https://www.youtube.com/watch?v=0ROCD3QoIkU,"전세계 단 1곳, 한글이 공식문자인 해외도시 (인구 200만명)",1090000,109만,41:40,2500,2026-06-11,4개월 전,Y,얼굴 출연,✗
X 제외(얼굴 출연·남의 영상·다른 그룹),과학을보다,UCXb5Jph9hkZ2Q48QyBealyA,235000,1,N,sFSR7NOiooQ,https://www.youtube.com/watch?v=sFSR7NOiooQ,"과학을 보다에 찾아온 유명한 의사쌤들, 유튜버 대통합?/ 과학을 보다 몰아보기 2시간",1000,1천,2:03:57,7437,2026-10-10,1시간 전,N,얼굴 출연,✗
X 제외(얼굴 출연·남의 영상·다른 그룹),과학을보다,UCXb5Jph9hkZ2Q48QyBealyA,235000,2,N,gYX4GBB0psQ,https://www.youtube.com/watch?v=gYX4GBB0psQ,새로운 빙하기 VS 지구 온난화 (뭐가 더 강력할까...?),71000,7.1만,8:55,535,2026-10-09,1일 전,N,얼굴 출연,✗
X 제외(얼굴 출연·남의 영상·다른 그룹),과학을보다,UCXb5Jph9hkZ2Q48QyBealyA,235000,3,Y,O_e36h_WAJM,https://www.youtube.com/watch?v=O_e36h_WAJM,역사상 최악의 전염병인 페스트...지금도 치사율이 높을까? (다시 시작되는 공포...?),170000,17만,12:11,731,2026-10-08,2일 전,Y,얼굴 출연,✗
X 제외(얼굴 출연·남의 영상·다른 그룹),과학을보다,UCXb5Jph9hkZ2Q48QyBealyA,235000,4,Y,P6pd8grrZBg,https://www.youtube.com/watch?v=P6pd8grrZBg,상어의 출산지를 아직 아무도 모르는 이유....(왜 이렇게 꽁꽁 숨길까?),280000,28만,9:04,544,2026-10-07,3일 전,Y,얼굴 출연,✗
X 제외(얼굴 출연·남의 영상·다른 그룹),과학을보다,UCXb5Jph9hkZ2Q48QyBealyA,235000,5,Y,bSU8Ic2fIUE,https://www.youtube.com/watch?v=bSU8Ic2fIUE,시간이 흐르면 모든 물체는 먼지가 될까?,100000,10만,10:27,627,2026-10-06,4일 전,Y,얼굴 출연,✗
X 제외(얼굴 출연·남의 영상·다른 그룹),과학을보다,UCXb5Jph9hkZ2Q48QyBealyA,235000,6,Y,Y5PBoYm1Boo,https://www.youtube.com/watch?v=Y5PBoYm1Boo,언더 더 씨♬ 바다 속 생명체들 이야기/ 과학을 보다 바다 생물 몰아보기 2시간!,210000,21만,2:02:08,7328,2026-10-04,6일 전,Y,얼굴 출연,✗
X 제외(얼굴 출연·남의 영상·다른 그룹),과학을보다,UCXb5Jph9hkZ2Q48QyBealyA,235000,7,Y,N0xJu9D7fdg,https://www.youtube.com/watch?v=N0xJu9D7fdg,새끼한테 젖을 먹이는 곤충이 실제로 존재할까?,37000,3.7만,9:29,569,2026-10-02,8일 전,N,얼굴 출연,✗
X 제외(얼굴 출연·남의 영상·다른 그룹),과학을보다,UCXb5Jph9hkZ2Q48QyBealyA,235000,8,Y,NMb7tm9bZH0,https://www.youtube.com/watch?v=NMb7tm9bZH0,시간이 느려지면 빛의 속도도 느려질까...? (시간 왜곡...),200000,20만,11:03,663,2026-09-30,10일 전,Y,얼굴 출연,✗
X 제외(얼굴 출연·남의 영상·다른 그룹),과학을보다,UCXb5Jph9hkZ2Q48QyBealyA,235000,9,Y,EkyKujM9wzk,https://www.youtube.com/watch?v=EkyKujM9wzk,바퀴벌레를 처리하는 또 다른 이순신 벌레의 등장...?(농발거미와 동급?),240000,24만,12:50,770,2026-09-26,2주 전,Y,얼굴 출연,✗
X 제외(얼굴 출연·남의 영상·다른 그룹),과학을보다,UCXb5Jph9hkZ2Q48QyBealyA,235000,10,Y,iUn2aeLOH-0,https://www.youtube.com/watch?v=iUn2aeLOH-0,외계 생명체들에게도 물이 꼭 필요할까? (물 없이 살 수도...?),270000,27만,17:52,1072,2026-09-26,2주 전,Y,얼굴 출연,✗
X 제외(얼굴 출연·남의 영상·다른 그룹),과학을보다,UCXb5Jph9hkZ2Q48QyBealyA,235000,11,Y,9Hmchh_w-OQ,https://www.youtube.com/watch?v=9Hmchh_w-OQ,추석 기념 과학을 보다 우주 몰아보기 통합본 무려 8시간!!/ 추석 연휴 순삭 꿀잼 우주 이야기...,200000,20만,8:05:11,29111,2026-09-26,2주 전,Y,얼굴 출연,✗
X 제외(얼굴 출연·남의 영상·다른 그룹),과학을보다,UCXb5Jph9hkZ2Q48QyBealyA,235000,12,Y,DFV861sK0fc,https://www.youtube.com/watch?v=DFV861sK0fc,병원에서 처방받은 약을 꼭 끝까지 먹어야 하는 이유....(안 아파도...?),180000,18만,8:36,516,2026-09-26,2주 전,Y,얼굴 출연,✗
X 제외(얼굴 출연·남의 영상·다른 그룹),과학을보다,UCXb5Jph9hkZ2Q48QyBealyA,235000,13,Y,jeP-SCPvWgs,https://www.youtube.com/watch?v=jeP-SCPvWgs,달 위에 지구보다 높은 건물을 지을 수 있을까?,100000,10만,16:33,993,2026-09-26,2주 전,Y,얼굴 출연,✗
X 제외(얼굴 출연·남의 영상·다른 그룹),과학을보다,UCXb5Jph9hkZ2Q48QyBealyA,235000,14,Y,6pP0PdlYDv0,https://www.youtube.com/watch?v=6pP0PdlYDv0,한 달 동안 우주에서 자란 쥐에게 벌어진 변화...,170000,17만,13:28,808,2026-09-19,3주 전,Y,얼굴 출연,✗
X 제외(얼굴 출연·남의 영상·다른 그룹),과학을보다,UCXb5Jph9hkZ2Q48QyBealyA,235000,15,Y,QNFGaNlYEmM,https://www.youtube.com/watch?v=QNFGaNlYEmM,번개를 인간이 가둘 수 있을까? (어디에 가두지...),71000,7.1만,9:26,566,2026-09-19,3주 전,N,얼굴 출연,✗
X 제외(얼굴 출연·남의 영상·다른 그룹),과학을보다,UCXb5Jph9hkZ2Q48QyBealyA,235000,16,Y,StDuFY1GdJc,https://www.youtube.com/watch?v=StDuFY1GdJc,기억이 상실되면 습관도 사라질까?,130000,13만,18:13,1093,2026-09-19,3주 전,Y,얼굴 출연,✗
X 제외(얼굴 출연·남의 영상·다른 그룹),과학을보다,UCXb5Jph9hkZ2Q48QyBealyA,235000,17,Y,LE38Ygdguc0,https://www.youtube.com/watch?v=LE38Ygdguc0,"보이지 않은 인류의 적, 과학을 보다 바이러스 통합본 150분 몰아보기!",310000,31만,2:34:17,9257,2026-09-12,4주 전,Y,얼굴 출연,✗
X 제외(얼굴 출연·남의 영상·다른 그룹),범준에 물리다,UC1Yctn_P1sZjx1lMS9dcSSA,398000,1,N,IxXMezWPTQg,https://www.youtube.com/watch?v=IxXMezWPTQg,물리학자 출신 밀리터리 덕후가 알려주는 전투기의 모든 것ㅣ범준에 물리다,190000,19만,27:24,1644,2026-10-09,1일 전,Y,얼굴 출연,✗
X 제외(얼굴 출연·남의 영상·다른 그룹),범준에 물리다,UC1Yctn_P1sZjx1lMS9dcSSA,398000,2,N,9yxiCzpctmA,https://www.youtube.com/watch?v=9yxiCzpctmA,AI가 마침내 풀어낸 고대 나스카 지상화 미스터리ㅣ범준에 물리다,410000,41만,26:49,1609,2026-10-02,8일 전,Y,얼굴 출연,✗
X 제외(얼굴 출연·남의 영상·다른 그룹),범준에 물리다,UC1Yctn_P1sZjx1lMS9dcSSA,398000,3,Y,0SaW__TlSXU,https://www.youtube.com/watch?v=0SaW__TlSXU,[수면 유도 영상] 미분의 이해ㅣ빵범준의 기초물리학 2강,350000,35만,48:01,2881,2026-09-26,2주 전,Y,얼굴 출연,✗
X 제외(얼굴 출연·남의 영상·다른 그룹),범준에 물리다,UC1Yctn_P1sZjx1lMS9dcSSA,398000,4,Y,UCFk0ohYYNQ,https://www.youtube.com/watch?v=UCFk0ohYYNQ,[휴먼 다큐] 24시간이 모자란 물리학자 빵범준의 하루 (w.Gleo AI)ㅣ범준에 물리다 특별편,790000,79만,29:55,1795,2026-09-19,3주 전,Y,얼굴 출연,✗
X 제외(얼굴 출연·남의 영상·다른 그룹),범준에 물리다,UC1Yctn_P1sZjx1lMS9dcSSA,398000,5,Y,XErxyEJ1hA0,https://www.youtube.com/watch?v=XErxyEJ1hA0,의외로 잘 모르는 금보다 귀한 자원의 정체ㅣ범준에 물리다,520000,52만,25:35,1535,2026-09-12,4주 전,Y,얼굴 출연,✗
X 제외(얼굴 출연·남의 영상·다른 그룹),범준에 물리다,UC1Yctn_P1sZjx1lMS9dcSSA,398000,6,Y,xvB8oElK4Vo,https://www.youtube.com/watch?v=xvB8oElK4Vo,현대 과학으로 도무지 설명이 불가능한 고대 미스터리ㅣ범준에 물리다,530000,53만,39:37,2377,2026-09-10,1개월 전,Y,얼굴 출연,✗
X 제외(얼굴 출연·남의 영상·다른 그룹),범준에 물리다,UC1Yctn_P1sZjx1lMS9dcSSA,398000,7,Y,p3YRGUIF7R8,https://www.youtube.com/watch?v=p3YRGUIF7R8,인류가 여태 외계 문명을 만날 수 없었던 이유ㅣ범준에 물리다,3240000,324만,37:19,2239,2026-09-10,1개월 전,Y,얼굴 출연,✗
X 제외(얼굴 출연·남의 영상·다른 그룹),범준에 물리다,UC1Yctn_P1sZjx1lMS9dcSSA,398000,8,Y,Hyu7Qba2G7U,https://www.youtube.com/watch?v=Hyu7Qba2G7U,학생들을 혼란에 빠트린 대학교 과제를 물리학자가 직접 풀어봤습니다.ㅣ범준에 물리다,500000,50만,41:56,2516,2026-09-10,1개월 전,Y,얼굴 출연,✗
X 제외(얼굴 출연·남의 영상·다른 그룹),범준에 물리다,UC1Yctn_P1sZjx1lMS9dcSSA,398000,9,Y,2A1Vak8Y8gw,https://www.youtube.com/watch?v=2A1Vak8Y8gw,최근 새롭게 등장한 블랙홀 가설에 천문학계가 놀란 이유ㅣ범준에 물리다,500000,50만,37:22,2242,2026-09-10,1개월 전,Y,얼굴 출연,✗
X 제외(얼굴 출연·남의 영상·다른 그룹),범준에 물리다,UC1Yctn_P1sZjx1lMS9dcSSA,398000,10,Y,M6jqKYe6DvY,https://www.youtube.com/watch?v=M6jqKYe6DvY,가짜뉴스가 진짜뉴스보다 빨리 퍼지는 과학적인 이유ㅣ범준에 물리다,65000,6.5만,35:45,2145,2026-08-11,2개월 전,N,얼굴 출연,✗
X 제외(얼굴 출연·남의 영상·다른 그룹),범준에 물리다,UC1Yctn_P1sZjx1lMS9dcSSA,398000,11,Y,0TJUaMlYGrE,https://www.youtube.com/watch?v=0TJUaMlYGrE,[수면 유도 영상] 기초물리학 제 1장 (1시간 풀버전),1640000,164만,54:20,3260,2026-08-11,2개월 전,Y,얼굴 출연,✗
X 제외(얼굴 출연·남의 영상·다른 그룹),범준에 물리다,UC1Yctn_P1sZjx1lMS9dcSSA,398000,12,Y,jvI3RvIfDOo,https://www.youtube.com/watch?v=jvI3RvIfDOo,과학자들도 끝내 설명을 포기한 이해할 수 없는 현상들ㅣ범준에 물리다,540000,54만,29:22,1762,2026-08-11,2개월 전,Y,얼굴 출연,✗
X 제외(얼굴 출연·남의 영상·다른 그룹),범준에 물리다,UC1Yctn_P1sZjx1lMS9dcSSA,398000,13,Y,CzOuZXR2Ckg,https://www.youtube.com/watch?v=CzOuZXR2Ckg,하등 쓸모없어 보이는 수학을 도대체 왜 공부해야 할까?ㅣ범준에 물리다,50000,5만,35:35,2135,2026-08-11,2개월 전,N,얼굴 출연,✗
X 제외(얼굴 출연·남의 영상·다른 그룹),범준에 물리다,UC1Yctn_P1sZjx1lMS9dcSSA,398000,14,Y,QWRDI95Cbeo,https://www.youtube.com/watch?v=QWRDI95Cbeo,도시를 삼키는 쓰나미는 어떻게 비행기만큼 빠른 걸까?ㅣ범준에 물리다,580000,58만,24:43,1483,2026-07-11,3개월 전,Y,얼굴 출연,✗
X 제외(얼굴 출연·남의 영상·다른 그룹),범준에 물리다,UC1Yctn_P1sZjx1lMS9dcSSA,398000,15,Y,acb8XBvCAMo,https://www.youtube.com/watch?v=acb8XBvCAMo,통계 물리학자가 알려주는 주식에서 절대 돈 잃지 않는 방법ㅣ범준에 물리다,410000,41만,36:54,2214,2026-07-11,3개월 전,Y,얼굴 출연,✗
X 제외(얼굴 출연·남의 영상·다른 그룹),범준에 물리다,UC1Yctn_P1sZjx1lMS9dcSSA,398000,16,Y,JaCaMywJZj8,https://www.youtube.com/watch?v=JaCaMywJZj8,휴대폰 충전하면서 사용하면 왜 안 된다는 걸까?ㅣ범준에 물리다,230000,23만,27:15,1635,2026-07-11,3개월 전,Y,얼굴 출연,✗
X 제외(얼굴 출연·남의 영상·다른 그룹),범준에 물리다,UC1Yctn_P1sZjx1lMS9dcSSA,398000,17,Y,2TM8uh9Y_BM,https://www.youtube.com/watch?v=2TM8uh9Y_BM,인류는 심해의 몇 퍼센트나 알고 있을까?ㅣ범준에 물리다,240000,24만,22:14,1334,2026-07-11,3개월 전,Y,얼굴 출연,✗
X 제외(얼굴 출연·남의 영상·다른 그룹),기묘한 밤,UC_SgaM1zbb1Mibnsp6J0fJA,1150000,1,N,F9x25Wtuv4s,https://www.youtube.com/watch?v=F9x25Wtuv4s,수천 년 넘게 풀리지 않고 있는 삼국시대의 기이한 미스터리 모음 [합본],230000,23만,32:15,1935,2026-10-09,1일 전,Y,다른 그룹(썰·괴담·사건),✗
X 제외(얼굴 출연·남의 영상·다른 그룹),기묘한 밤,UC_SgaM1zbb1Mibnsp6J0fJA,1150000,2,N,trZBaRyto5I,https://www.youtube.com/watch?v=trZBaRyto5I,"""산 채로 먹혔다"" 고래에게 삼켜진 인간이 생존 가능한 시간은? [자연]",260000,26만,13:34,814,2026-10-02,8일 전,Y,다른 그룹(썰·괴담·사건),✗
X 제외(얼굴 출연·남의 영상·다른 그룹),기묘한 밤,UC_SgaM1zbb1Mibnsp6J0fJA,1150000,3,Y,KzAn-CJMvfo,https://www.youtube.com/watch?v=KzAn-CJMvfo,태국의 깊은 정글 속 물 웅덩이에 산다고 전해지는 초소형 코끼리 '창남' [미스터리],580000,58만,13:45,825,2026-09-19,3주 전,Y,다른 그룹(썰·괴담·사건),✗
X 제외(얼굴 출연·남의 영상·다른 그룹),기묘한 밤,UC_SgaM1zbb1Mibnsp6J0fJA,1150000,4,Y,yBYJYRU-ZoA,https://www.youtube.com/watch?v=yBYJYRU-ZoA,영국에서 실제로 발굴된 인류 역사를 뒤바꿀 현생 인류의 시초 '필트다운 맨' [미스터리],380000,38만,17:52,1072,2026-09-19,3주 전,Y,다른 그룹(썰·괴담·사건),✗
X 제외(얼굴 출연·남의 영상·다른 그룹),기묘한 밤,UC_SgaM1zbb1Mibnsp6J0fJA,1150000,5,Y,WyZFmtJwWGI,https://www.youtube.com/watch?v=WyZFmtJwWGI,"""근대까지도 기록이 존재한다"" 아이슬란드를 공포로 몰아넣은 북유럽 전설 속 식인고래 '일벨리' [미스터리]",720000,72만,17:51,1071,2026-09-19,3주 전,Y,다른 그룹(썰·괴담·사건),✗
X 제외(얼굴 출연·남의 영상·다른 그룹),기묘한 밤,UC_SgaM1zbb1Mibnsp6J0fJA,1150000,6,Y,P0L12YVybLU,https://www.youtube.com/watch?v=P0L12YVybLU,인류사에 기록되어 전해지는 기이하고 섬뜩한 실존 인물들 | 9월의 몰아보기,590000,59만,1:22:42,4962,2026-09-12,4주 전,Y,다른 그룹(썰·괴담·사건),✗
X 제외(얼굴 출연·남의 영상·다른 그룹),기묘한 밤,UC_SgaM1zbb1Mibnsp6J0fJA,1150000,7,Y,h3IoKWhuIhU,https://www.youtube.com/watch?v=h3IoKWhuIhU,3년 간 CCTV와 덫을 모조리 피해가며 홋카이도 전역을 공포로 몰아넣었던 '닌자곰 OSO18 습격 사건' [사건사고],770000,77만,12:32,752,2026-09-10,1개월 전,Y,다른 그룹(썰·괴담·사건),✗
X 제외(얼굴 출연·남의 영상·다른 그룹),기묘한 밤,UC_SgaM1zbb1Mibnsp6J0fJA,1150000,8,Y,UJJWLL35qNI,https://www.youtube.com/watch?v=UJJWLL35qNI,"수많은 괴담들이 떠돌아다니는 제주도 최악의 길, '516 도로' [괴담]",550000,55만,9:42,582,2026-09-10,1개월 전,Y,다른 그룹(썰·괴담·사건),✗
X 제외(얼굴 출연·남의 영상·다른 그룹),기묘한 밤,UC_SgaM1zbb1Mibnsp6J0fJA,1150000,9,Y,kNEeuvYHCEw,https://www.youtube.com/watch?v=kNEeuvYHCEw,"""총통이 유대인에게 도시를 선물했다!"" 제2차 세계대전 당시 나치가 진실을 감추기 위해 만들고 영화까지 찍었던 12만 평 크기의 세트장 도시 '테레지엔슈타트 게토' [역사]",200000,20만,22:02,1322,2026-09-10,1개월 전,Y,다른 그룹(썰·괴담·사건),✗
X 제외(얼굴 출연·남의 영상·다른 그룹),기묘한 밤,UC_SgaM1zbb1Mibnsp6J0fJA,1150000,10,Y,J610mM6Axss,https://www.youtube.com/watch?v=J610mM6Axss,"1637년 7월 한반도 전역의 선비들이 일제히 기록하여 그 존재가 교차검증된 요괴, '훼훼귀신' [미스터리]",440000,44만,11:46,706,2026-09-10,1개월 전,Y,다른 그룹(썰·괴담·사건),✗
X 제외(얼굴 출연·남의 영상·다른 그룹),기묘한 밤,UC_SgaM1zbb1Mibnsp6J0fJA,1150000,11,Y,FNDoVzaL0pI,https://www.youtube.com/watch?v=FNDoVzaL0pI,'세 번 죽는 섬' 소록도에 100년 동안 갇혀 있어야 했던 사람들의 숨겨진 이야기 [역사],400000,40만,19:40,1180,2026-09-10,1개월 전,Y,다른 그룹(썰·괴담·사건),✗
X 제외(얼굴 출연·남의 영상·다른 그룹),기묘한 밤,UC_SgaM1zbb1Mibnsp6J0fJA,1150000,12,Y,XQc3GhXz_Bo,https://www.youtube.com/watch?v=XQc3GhXz_Bo,"신이 내린 기적의 살충제, 'DDT'의 숨겨진 이야기들 [사건사고]",640000,64만,20:14,1214,2026-09-10,1개월 전,Y,다른 그룹(썰·괴담·사건),✗
X 제외(얼굴 출연·남의 영상·다른 그룹),기묘한 밤,UC_SgaM1zbb1Mibnsp6J0fJA,1150000,13,Y,ortVmNzJ2qI,https://www.youtube.com/watch?v=ortVmNzJ2qI,8년 동안 125명을 흔적도 없이 잡아먹어 인도를 공포로 몰아넣은 역사상 최악의 식인 표범 '루드라프라야그의 표범' [자연],470000,47만,16:46,1006,2026-09-10,1개월 전,Y,다른 그룹(썰·괴담·사건),✗
X 제외(얼굴 출연·남의 영상·다른 그룹),기묘한 밤,UC_SgaM1zbb1Mibnsp6J0fJA,1150000,14,Y,sb2BnAg5Sds,https://www.youtube.com/watch?v=sb2BnAg5Sds,화제의 영화 오디세이의 뒷이야기가 '그리스로마신화 최악의 막장 서사시'라고 불리는 충격적인 이유 [리뷰],150000,15만,10:28,628,2026-09-10,1개월 전,Y,다른 그룹(썰·괴담·사건),✗
X 제외(얼굴 출연·남의 영상·다른 그룹),기묘한 밤,UC_SgaM1zbb1Mibnsp6J0fJA,1150000,15,Y,52FBdZbY7bw,https://www.youtube.com/watch?v=52FBdZbY7bw,오디세이아 속 끊임없이 등장하는 절대 규율 '제우스의 법'에 대한 충격적인 뒷이야기 [역사],150000,15만,10:10,610,2026-09-10,1개월 전,Y,다른 그룹(썰·괴담·사건),✗
X 제외(얼굴 출연·남의 영상·다른 그룹),기묘한 밤,UC_SgaM1zbb1Mibnsp6J0fJA,1150000,16,Y,3eMGp6rNsS4,https://www.youtube.com/watch?v=3eMGp6rNsS4,수십 년 넘게 미스터리가 풀리지 않는 충격적이고 기괴한 영구 미제 사건들 | 8월의 몰아보기,240000,24만,59:36,3576,2026-09-10,1개월 전,Y,다른 그룹(썰·괴담·사건),✗
X 제외(얼굴 출연·남의 영상·다른 그룹),기묘한 밤,UC_SgaM1zbb1Mibnsp6J0fJA,1150000,17,Y,zGg_92KREOI,https://www.youtube.com/watch?v=zGg_92KREOI,지구 역사상 가장 거대했던 영장류  '기간토피테쿠스'의 충격적인 발견 비하인드 [자연],200000,20만,12:47,767,2026-09-10,1개월 전,Y,다른 그룹(썰·괴담·사건),✗
X 제외(얼굴 출연·남의 영상·다른 그룹),잠티 JamTi,UCtHXHVgClCLHDQ0_4mJniPw,27900,1,N,48xtgKRj_p8,https://www.youtube.com/watch?v=48xtgKRj_p8,신상 동남아 휴양지의 숨겨진 장소 출입금지 구역 🔥,72000,7.2만,41:43,2503,2026-09-26,2주 전,N,얼굴 출연,✗
X 제외(얼굴 출연·남의 영상·다른 그룹),잠티 JamTi,UCtHXHVgClCLHDQ0_4mJniPw,27900,2,N,db1evgCgiQY,https://www.youtube.com/watch?v=db1evgCgiQY,한국인 99%가 모르고 북한보다 안가본 미스터리한 섬 ,110000,11만,26:40,1600,2026-09-26,2주 전,Y,얼굴 출연,✗
X 제외(얼굴 출연·남의 영상·다른 그룹),잠티 JamTi,UCtHXHVgClCLHDQ0_4mJniPw,27900,3,Y,BsFV4WPu_9M,https://www.youtube.com/watch?v=BsFV4WPu_9M,"2미터 괴물이 사는 마을, 시체와 함께 사는 사람들의 마을",240000,24만,38:05,2285,2026-09-12,4주 전,Y,얼굴 출연,✗
X 제외(얼굴 출연·남의 영상·다른 그룹),잠티 JamTi,UCtHXHVgClCLHDQ0_4mJniPw,27900,4,Y,Fhp79L37hmA,https://www.youtube.com/watch?v=Fhp79L37hmA,한국의 소름끼치는 7대 미스터리 장소에 다녀왔습니다 ,4260000,426만,38:56,2336,2026-09-10,1개월 전,Y,얼굴 출연,✗
X 제외(얼굴 출연·남의 영상·다른 그룹),잠티 JamTi,UCtHXHVgClCLHDQ0_4mJniPw,27900,5,Y,mUn9wwftEqY,https://www.youtube.com/watch?v=mUn9wwftEqY,한국인은 이해 못하는 요즘 외국인들의 '한국 여행' 근황,130000,13만,25:20,1520,2026-09-10,1개월 전,Y,얼굴 출연,✗
X 제외(얼굴 출연·남의 영상·다른 그룹),잠티 JamTi,UCtHXHVgClCLHDQ0_4mJniPw,27900,6,Y,dMYeqB_hfNw,https://www.youtube.com/watch?v=dMYeqB_hfNw,통제구역🚫 한국의 '외계인섬' 에 몰래 가보았습니다,170000,17만,23:34,1414,2026-07-11,3개월 전,Y,얼굴 출연,✗
X 제외(얼굴 출연·남의 영상·다른 그룹),잠티 JamTi,UCtHXHVgClCLHDQ0_4mJniPw,27900,7,Y,d5AMK7ZkJKw,https://www.youtube.com/watch?v=d5AMK7ZkJKw,외국 자본이 한국 땅에 저지른 짓,80000,8만,9:08,548,2026-07-11,3개월 전,N,얼굴 출연,✗
X 제외(얼굴 출연·남의 영상·다른 그룹),잠티 JamTi,UCtHXHVgClCLHDQ0_4mJniPw,27900,8,Y,SXdMlByabA4,https://www.youtube.com/watch?v=SXdMlByabA4,내 차타고 제주도 비행기보다 이득일까??,200000,20만,27:09,1629,2026-07-11,3개월 전,Y,얼굴 출연,✗
X 제외(얼굴 출연·남의 영상·다른 그룹),잠티 JamTi,UCtHXHVgClCLHDQ0_4mJniPw,27900,9,Y,xyeQjQojwZA,https://www.youtube.com/watch?v=xyeQjQojwZA,"[다낭여행]🇻🇳 7,000억 증발.. 호날두가 속은 다낭 최대 유령도시의 실체",100000,10만,20:42,1242,2026-05-11,5개월 전,Y,얼굴 출연,✗
X 제외(얼굴 출연·남의 영상·다른 그룹),잠티 JamTi,UCtHXHVgClCLHDQ0_4mJniPw,27900,10,Y,8PiW3oVA5ss,https://www.youtube.com/watch?v=8PiW3oVA5ss,[다낭여행]🇻🇳 완전히 변해버린 다낭.. '경기도 다낭시 끝났나?',100000,10만,20:01,1201,2026-05-11,5개월 전,Y,얼굴 출연,✗
X 제외(얼굴 출연·남의 영상·다른 그룹),잠티 JamTi,UCtHXHVgClCLHDQ0_4mJniPw,27900,11,Y,zFSBhReTEbM,https://www.youtube.com/watch?v=zFSBhReTEbM,[푸꾸옥여행]🇻🇳 한국인이 먹여 살린다는 휴양지,34000,3.4만,24:11,1451,2026-05-11,5개월 전,N,얼굴 출연,✗
X 제외(얼굴 출연·남의 영상·다른 그룹),잠티 JamTi,UCtHXHVgClCLHDQ0_4mJniPw,27900,12,Y,Zr8zXTwNrvg,https://www.youtube.com/watch?v=Zr8zXTwNrvg,[사이판여행]🇲🇵 괌 보다 심각하다는 사이판! 한국인이 먹여 살린다는데..,470000,47만,26:50,1610,2026-04-11,6개월 전,Y,얼굴 출연,✗
X 제외(얼굴 출연·남의 영상·다른 그룹),잠티 JamTi,UCtHXHVgClCLHDQ0_4mJniPw,27900,13,Y,zEX5MuuKFFY,https://www.youtube.com/watch?v=zEX5MuuKFFY,[괌여행]🇬🇺 10만원이면.. 간다! 괌 당일치기 🚨입국심사 독방 끌려가🚨,640000,64만,20:25,1225,2026-03-12,7개월 전,Y,얼굴 출연,✗
X 제외(얼굴 출연·남의 영상·다른 그룹),잠티 JamTi,UCtHXHVgClCLHDQ0_4mJniPw,27900,14,Y,NXNsWPiQ2tE,https://www.youtube.com/watch?v=NXNsWPiQ2tE,[후쿠오카여행]🇯🇵 한국인 사라진 후쿠오카 분위기,200000,20만,25:56,1556,2025-12-10,10개월 전,Y,얼굴 출연,✗
X 제외(얼굴 출연·남의 영상·다른 그룹),잠티 JamTi,UCtHXHVgClCLHDQ0_4mJniPw,27900,15,Y,MQqpLWoR6g0,https://www.youtube.com/watch?v=MQqpLWoR6g0,"[대마도여행]🇯🇵 부산 → 대마도 → 후쿠오카 당일치기 ""이게 됨?""",170000,17만,22:48,1368,2025-12-10,10개월 전,Y,얼굴 출연,✗
X 제외(얼굴 출연·남의 영상·다른 그룹),잠티 JamTi,UCtHXHVgClCLHDQ0_4mJniPw,27900,16,Y,XSql9WEJSmc,https://www.youtube.com/watch?v=XSql9WEJSmc,[나트랑여행]🇻🇳 '100% 한국어만 써도 될까?' 경기도 나트랑에서 오직 한국어만 쓰면 생기는일.. (외국어X),83000,8.3만,24:01,1441,2025-11-10,11개월 전,N,얼굴 출연,✗
X 제외(얼굴 출연·남의 영상·다른 그룹),잠티 JamTi,UCtHXHVgClCLHDQ0_4mJniPw,27900,17,Y,N6G9DBOiK-8,https://www.youtube.com/watch?v=N6G9DBOiK-8,[나트랑여행]🇻🇳 다낭 말고~ 한국인이 점령한 나트랑 근황,570000,57만,24:07,1447,2025-11-10,11개월 전,Y,얼굴 출연,✗
X 제외(얼굴 출연·남의 영상·다른 그룹),미스테리 우체통,UCy4ktFVSbejHfOySo6t6dCA,257000,1,N,w1CFn22VkPE,https://www.youtube.com/watch?v=w1CFn22VkPE,절대 따라 하면 안 되는 카드깡,97000,9.7만,8:51,531,2026-10-10,8시간 전,N,다른 그룹(썰·괴담·사건),✗
X 제외(얼굴 출연·남의 영상·다른 그룹),미스테리 우체통,UCy4ktFVSbejHfOySo6t6dCA,257000,2,N,w7knLnPgxmA,https://www.youtube.com/watch?v=w7knLnPgxmA,신병이 매일 소금을 뿌리는 이유,130000,13만,9:05,545,2026-10-04,6일 전,Y,다른 그룹(썰·괴담·사건),✗
X 제외(얼굴 출연·남의 영상·다른 그룹),미스테리 우체통,UCy4ktFVSbejHfOySo6t6dCA,257000,3,Y,xSKj-VLrLRg,https://www.youtube.com/watch?v=xSKj-VLrLRg,수상한 추석 송편 만들기 교실,380000,38만,10:05,605,2026-09-26,2주 전,Y,다른 그룹(썰·괴담·사건),✗
X 제외(얼굴 출연·남의 영상·다른 그룹),미스테리 우체통,UCy4ktFVSbejHfOySo6t6dCA,257000,4,Y,v8Yu9wGMDb0,https://www.youtube.com/watch?v=v8Yu9wGMDb0,추석 연휴에 밥친구가 되어줄 무서운이야기 모아보기,300000,30만,44:44,2684,2026-09-26,2주 전,Y,다른 그룹(썰·괴담·사건),✗
X 제외(얼굴 출연·남의 영상·다른 그룹),미스테리 우체통,UCy4ktFVSbejHfOySo6t6dCA,257000,5,Y,0upq9DZ_0BA,https://www.youtube.com/watch?v=0upq9DZ_0BA,어느 날 사람들 머리 위에 뜬 BAD,450000,45만,9:41,581,2026-09-19,3주 전,Y,다른 그룹(썰·괴담·사건),✗
X 제외(얼굴 출연·남의 영상·다른 그룹),미스테리 우체통,UCy4ktFVSbejHfOySo6t6dCA,257000,6,Y,E_dNByHFe4s,https://www.youtube.com/watch?v=E_dNByHFe4s,하품할 때 입을 가려야 하는 이유 | 라을라,330000,33만,8:22,502,2026-09-12,4주 전,Y,다른 그룹(썰·괴담·사건),✗
X 제외(얼굴 출연·남의 영상·다른 그룹),미스테리 우체통,UCy4ktFVSbejHfOySo6t6dCA,257000,7,Y,x8LcptaEscU,https://www.youtube.com/watch?v=x8LcptaEscU,4시 44분마다 혼자 움직이는 로봇청소기,300000,30만,8:26,506,2026-09-10,1개월 전,Y,다른 그룹(썰·괴담·사건),✗
X 제외(얼굴 출연·남의 영상·다른 그룹),미스테리 우체통,UCy4ktFVSbejHfOySo6t6dCA,257000,8,Y,u_EqVzs-4BI,https://www.youtube.com/watch?v=u_EqVzs-4BI,적중률 100% 미래 범죄자를 알려주는 CCTV,340000,34만,8:29,509,2026-09-10,1개월 전,Y,다른 그룹(썰·괴담·사건),✗
X 제외(얼굴 출연·남의 영상·다른 그룹),미스테리 우체통,UCy4ktFVSbejHfOySo6t6dCA,257000,9,Y,sPnhd4Mezv8,https://www.youtube.com/watch?v=sPnhd4Mezv8,오디세이만큼 몰입되는 무서운이야기 모아보기,210000,21만,34:34,2074,2026-09-10,1개월 전,Y,다른 그룹(썰·괴담·사건),✗
X 제외(얼굴 출연·남의 영상·다른 그룹),미스테리 우체통,UCy4ktFVSbejHfOySo6t6dCA,257000,10,Y,spnPDknGtf4,https://www.youtube.com/watch?v=spnPDknGtf4,감옥에서 누가 돌아왔게,660000,66만,10:08,608,2026-09-10,1개월 전,Y,다른 그룹(썰·괴담·사건),✗
X 제외(얼굴 출연·남의 영상·다른 그룹),미스테리 우체통,UCy4ktFVSbejHfOySo6t6dCA,257000,11,Y,vufwabRcWxQ,https://www.youtube.com/watch?v=vufwabRcWxQ,절대 자르면 안 되는 냉면,490000,49만,9:02,542,2026-09-10,1개월 전,Y,다른 그룹(썰·괴담·사건),✗
X 제외(얼굴 출연·남의 영상·다른 그룹),미스테리 우체통,UCy4ktFVSbejHfOySo6t6dCA,257000,12,Y,Dw_EWGK7Dvo,https://www.youtube.com/watch?v=Dw_EWGK7Dvo,모태솔로와 만난 여자들이 잠수를 탄 이유,250000,25만,8:52,532,2026-08-11,2개월 전,Y,다른 그룹(썰·괴담·사건),✗
X 제외(얼굴 출연·남의 영상·다른 그룹),미스테리 우체통,UCy4ktFVSbejHfOySo6t6dCA,257000,13,Y,Q8iUooGACp4,https://www.youtube.com/watch?v=Q8iUooGACp4,사과가 받아들여지면 탈출할 수 있는 백룸,330000,33만,9:26,566,2026-08-11,2개월 전,Y,다른 그룹(썰·괴담·사건),✗
X 제외(얼굴 출연·남의 영상·다른 그룹),미스테리 우체통,UCy4ktFVSbejHfOySo6t6dCA,257000,14,Y,Sl8W83WpV4Q,https://www.youtube.com/watch?v=Sl8W83WpV4Q,여름휴가 때 몰아보기 좋은 무서운이야기 모아보기,450000,45만,32:01,1921,2026-08-11,2개월 전,Y,다른 그룹(썰·괴담·사건),✗
X 제외(얼굴 출연·남의 영상·다른 그룹),미스테리 우체통,UCy4ktFVSbejHfOySo6t6dCA,257000,15,Y,FfBF0ZUAYpk,https://www.youtube.com/watch?v=FfBF0ZUAYpk,모기 잡는 전기파리채에 중독된 남자,220000,22만,8:01,481,2026-08-11,2개월 전,Y,다른 그룹(썰·괴담·사건),✗
X 제외(얼굴 출연·남의 영상·다른 그룹),미스테리 우체통,UCy4ktFVSbejHfOySo6t6dCA,257000,16,Y,EKXpAAjbd7I,https://www.youtube.com/watch?v=EKXpAAjbd7I,살인자에게 복수하기 위한 타임머신,260000,26만,10:57,657,2026-08-11,2개월 전,Y,다른 그룹(썰·괴담·사건),✗
X 제외(얼굴 출연·남의 영상·다른 그룹),미스테리 우체통,UCy4ktFVSbejHfOySo6t6dCA,257000,17,Y,IEDaQDT7LUQ,https://www.youtube.com/watch?v=IEDaQDT7LUQ,내 인생이 주식이 된다면?,450000,45만,9:05,545,2026-08-11,2개월 전,Y,다른 그룹(썰·괴담·사건),✗
X 제외(얼굴 출연·남의 영상·다른 그룹),악인전 - 인물소개,UC9Mtqqw9-UGWxB5mh6Ar_2A,343000,1,N,AaGNiKM7lrs,https://www.youtube.com/watch?v=AaGNiKM7lrs,"김씨일가, 당신이 몰랐던 25가지 사실",180000,18만,11:44,704,2026-10-10,23시간 전,Y,재업로드·남의 영상,✗
X 제외(얼굴 출연·남의 영상·다른 그룹),악인전 - 인물소개,UC9Mtqqw9-UGWxB5mh6Ar_2A,343000,2,N,dNsTVjK0ctA,https://www.youtube.com/watch?v=dNsTVjK0ctA,"숙행, 당신이 몰랐던 11가지 사실",220000,22만,4:43,283,2026-10-04,6일 전,Y,재업로드·남의 영상,✗
X 제외(얼굴 출연·남의 영상·다른 그룹),악인전 - 인물소개,UC9Mtqqw9-UGWxB5mh6Ar_2A,343000,3,Y,Ye5PnbJLFq8,https://www.youtube.com/watch?v=Ye5PnbJLFq8,"암살자들 논란, 당신이 몰랐던 11가지 사실",730000,73만,5:35,335,2026-10-03,7일 전,Y,재업로드·남의 영상,✗
X 제외(얼굴 출연·남의 영상·다른 그룹),악인전 - 인물소개,UC9Mtqqw9-UGWxB5mh6Ar_2A,343000,4,Y,btRKHb9nbnk,https://www.youtube.com/watch?v=btRKHb9nbnk,"닛몰캐쉬, 당신이 몰랐던 8가지 사실",3330000,333만,4:10,250,2026-09-30,10일 전,Y,재업로드·남의 영상,✗
X 제외(얼굴 출연·남의 영상·다른 그룹),악인전 - 인물소개,UC9Mtqqw9-UGWxB5mh6Ar_2A,343000,5,Y,FPAIEVTt0Ho,https://www.youtube.com/watch?v=FPAIEVTt0Ho,"25사단 지뢰 폭발 사건, 당신이 몰랐던 8가지 사실",110000,11만,4:05,245,2026-09-26,2주 전,Y,재업로드·남의 영상,✗
X 제외(얼굴 출연·남의 영상·다른 그룹),악인전 - 인물소개,UC9Mtqqw9-UGWxB5mh6Ar_2A,343000,6,Y,bnRWETrsIno,https://www.youtube.com/watch?v=bnRWETrsIno,"망내, 당신이 몰랐던 8가지 사실",420000,42만,3:33,213,2026-09-26,2주 전,Y,재업로드·남의 영상,✗
X 제외(얼굴 출연·남의 영상·다른 그룹),악인전 - 인물소개,UC9Mtqqw9-UGWxB5mh6Ar_2A,343000,7,Y,StOK2MSAFiQ,https://www.youtube.com/watch?v=StOK2MSAFiQ,"배그 방플 논란, 당신이 몰랐던 10가지 사실",1090000,109만,4:13,253,2026-09-26,2주 전,Y,재업로드·남의 영상,✗
X 제외(얼굴 출연·남의 영상·다른 그룹),악인전 - 인물소개,UC9Mtqqw9-UGWxB5mh6Ar_2A,343000,8,Y,q_I897l_WE4,https://www.youtube.com/watch?v=q_I897l_WE4,"하영 증조부 친일 논란, 당신이 몰랐던 9가지 사실",110000,11만,4:40,280,2026-09-10,1개월 전,Y,재업로드·남의 영상,✗
X 제외(얼굴 출연·남의 영상·다른 그룹),악인전 - 인물소개,UC9Mtqqw9-UGWxB5mh6Ar_2A,343000,9,Y,zI7QrOfuR7k,https://www.youtube.com/watch?v=zI7QrOfuR7k,"박위 논란, 당신이 몰랐던 8가지 사실",1010000,101만,4:32,272,2026-09-10,1개월 전,Y,재업로드·남의 영상,✗
X 제외(얼굴 출연·남의 영상·다른 그룹),악인전 - 인물소개,UC9Mtqqw9-UGWxB5mh6Ar_2A,343000,10,Y,N1hhRj8kqvE,https://www.youtube.com/watch?v=N1hhRj8kqvE,"철구, 당신이 몰랐던 8가지 사실",440000,44만,4:55,295,2026-08-11,2개월 전,Y,재업로드·남의 영상,✗
X 제외(얼굴 출연·남의 영상·다른 그룹),악인전 - 인물소개,UC9Mtqqw9-UGWxB5mh6Ar_2A,343000,11,Y,sZ8wFEYv6KU,https://www.youtube.com/watch?v=sZ8wFEYv6KU,"미니상, 당신이 몰랐던 8가지 사실",210000,21만,5:03,303,2026-08-11,2개월 전,Y,재업로드·남의 영상,✗
X 제외(얼굴 출연·남의 영상·다른 그룹),악인전 - 인물소개,UC9Mtqqw9-UGWxB5mh6Ar_2A,343000,12,Y,OJv_ZzjPOWo,https://www.youtube.com/watch?v=OJv_ZzjPOWo,"로봉순, 당신이 몰랐던 9가지 사실",450000,45만,5:04,304,2026-08-11,2개월 전,Y,재업로드·남의 영상,✗
X 제외(얼굴 출연·남의 영상·다른 그룹),악인전 - 인물소개,UC9Mtqqw9-UGWxB5mh6Ar_2A,343000,13,Y,TBxBvfsrMDY,https://www.youtube.com/watch?v=TBxBvfsrMDY,"장윤기, 당신이 몰랐던 사실 ver.2",64000,6.4만,5:34,334,2026-08-11,2개월 전,N,재업로드·남의 영상,✗
X 제외(얼굴 출연·남의 영상·다른 그룹),악인전 - 인물소개,UC9Mtqqw9-UGWxB5mh6Ar_2A,343000,14,Y,AoNcpy2bDNI,https://www.youtube.com/watch?v=AoNcpy2bDNI,"정재환, 당신이 몰랐던 8가지 사실",330000,33만,4:48,288,2026-08-11,2개월 전,Y,재업로드·남의 영상,✗
X 제외(얼굴 출연·남의 영상·다른 그룹),악인전 - 인물소개,UC9Mtqqw9-UGWxB5mh6Ar_2A,343000,15,Y,M_fTZRkpxrw,https://www.youtube.com/watch?v=M_fTZRkpxrw,"신태일, 당신이 몰랐던 8가지 사실 ver.2",230000,23만,4:59,299,2026-08-11,2개월 전,Y,재업로드·남의 영상,✗
X 제외(얼굴 출연·남의 영상·다른 그룹),악인전 - 인물소개,UC9Mtqqw9-UGWxB5mh6Ar_2A,343000,16,Y,6MhlfWb56m0,https://www.youtube.com/watch?v=6MhlfWb56m0,"김정은, 당신이 몰랐던 9가지 사실",210000,21만,5:46,346,2026-07-11,3개월 전,Y,재업로드·남의 영상,✗
X 제외(얼굴 출연·남의 영상·다른 그룹),악인전 - 인물소개,UC9Mtqqw9-UGWxB5mh6Ar_2A,343000,17,Y,yHGmn_r-Qjs,https://www.youtube.com/watch?v=yHGmn_r-Qjs,"축구협회, 당신이 몰랐던 9가지 사실",150000,15만,6:02,362,2026-07-11,3개월 전,Y,재업로드·남의 영상,✗
X 제외(얼굴 출연·남의 영상·다른 그룹),치트키TV,UCy19QDt1F5PIpkH5IuBj_-w,379000,1,N,--iGFWNMtdw,https://www.youtube.com/watch?v=--iGFWNMtdw,짱구 세계관 임펠다운 떡잎유치원 성님들[인물리뷰],94000,9.4만,27:37,1657,2026-09-26,2주 전,N,재업로드·남의 영상,✗
X 제외(얼굴 출연·남의 영상·다른 그룹),치트키TV,UCy19QDt1F5PIpkH5IuBj_-w,379000,2,N,UcpiVf48Bks,https://www.youtube.com/watch?v=UcpiVf48Bks,"스폰지밥 소름돋는 공포편, 당신이 몰랐던 사실들",100000,10만,27:57,1677,2026-09-19,3주 전,Y,재업로드·남의 영상,✗
X 제외(얼굴 출연·남의 영상·다른 그룹),치트키TV,UCy19QDt1F5PIpkH5IuBj_-w,379000,3,Y,lXArbWZM5Wo,https://www.youtube.com/watch?v=lXArbWZM5Wo,"스폰지밥 빌런들, 당신이 몰랐던 43‬가지 사실",310000,31만,33:29,2009,2026-09-10,1개월 전,Y,재업로드·남의 영상,✗
X 제외(얼굴 출연·남의 영상·다른 그룹),치트키TV,UCy19QDt1F5PIpkH5IuBj_-w,379000,4,Y,88bQaaGdA5s,https://www.youtube.com/watch?v=88bQaaGdA5s,어메이징 디지털 서커스 한방에 몰아보기!!!,18000,1.8만,1:39:07,5947,2026-09-10,1개월 전,N,재업로드·남의 영상,✗
X 제외(얼굴 출연·남의 영상·다른 그룹),치트키TV,UCy19QDt1F5PIpkH5IuBj_-w,379000,5,Y,mSVPaPT0bjE,https://www.youtube.com/watch?v=mSVPaPT0bjE,수지와 짱구엄마 만났다..! 짱구 실사화 근황!!!,190000,19만,12:27,747,2026-09-10,1개월 전,Y,재업로드·남의 영상,✗
X 제외(얼굴 출연·남의 영상·다른 그룹),치트키TV,UCy19QDt1F5PIpkH5IuBj_-w,379000,6,Y,D6BLV6yXCb8,https://www.youtube.com/watch?v=D6BLV6yXCb8,"공포의 쓴맛 공옥순, 당신이 몰랐던 13가지 사실",95000,9.5만,10:36,636,2026-09-10,1개월 전,N,재업로드·남의 영상,✗
X 제외(얼굴 출연·남의 영상·다른 그룹),치트키TV,UCy19QDt1F5PIpkH5IuBj_-w,379000,7,Y,xX-t-0yV5Oo,https://www.youtube.com/watch?v=xX-t-0yV5Oo,짱구 세계관 금수저 총정리[수지 흑곰 철수],110000,11만,13:47,827,2026-08-11,2개월 전,Y,재업로드·남의 영상,✗
X 제외(얼굴 출연·남의 영상·다른 그룹),치트키TV,UCy19QDt1F5PIpkH5IuBj_-w,379000,8,Y,rUOVjrNELt8,https://www.youtube.com/watch?v=rUOVjrNELt8,"짱구 최악의 빌런들, 당신이 몰랐던 63‬가지 사실",200000,20만,29:57,1797,2026-08-11,2개월 전,Y,재업로드·남의 영상,✗
X 제외(얼굴 출연·남의 영상·다른 그룹),치트키TV,UCy19QDt1F5PIpkH5IuBj_-w,379000,9,Y,GTsR99_vKTA,https://www.youtube.com/watch?v=GTsR99_vKTA,짱아가 온천에 떴다! 짱구 실사화 또 나왔다!!!,200000,20만,13:15,795,2026-08-11,2개월 전,Y,재업로드·남의 영상,✗
X 제외(얼굴 출연·남의 영상·다른 그룹),치트키TV,UCy19QDt1F5PIpkH5IuBj_-w,379000,10,Y,8k7XIyFV5G0,https://www.youtube.com/watch?v=8k7XIyFV5G0,짱구 실사화 한번에 몰아보기ㅋㅋㅋㅋ,100000,10만,33:20,2000,2026-08-11,2개월 전,Y,재업로드·남의 영상,✗
X 제외(얼굴 출연·남의 영상·다른 그룹),치트키TV,UCy19QDt1F5PIpkH5IuBj_-w,379000,11,Y,KowgvJwWm1Y,https://www.youtube.com/watch?v=KowgvJwWm1Y,수지 미쳤다..짱구 실사화 근황 떴다!!!,410000,41만,13:10,790,2026-08-11,2개월 전,Y,재업로드·남의 영상,✗
X 제외(얼굴 출연·남의 영상·다른 그룹),치트키TV,UCy19QDt1F5PIpkH5IuBj_-w,379000,12,Y,mAUvQszjayE,https://www.youtube.com/watch?v=mAUvQszjayE,"스파이더맨 보기 전, 스토리 총정리! 이것만 보고 가면 됩니다",56000,5.6만,14:12,852,2026-07-11,3개월 전,N,재업로드·남의 영상,✗
X 제외(얼굴 출연·남의 영상·다른 그룹),치트키TV,UCy19QDt1F5PIpkH5IuBj_-w,379000,13,Y,OVktytnw2XI,https://www.youtube.com/watch?v=OVktytnw2XI,이렇게 끝난다고? 디지털 서커스 마지막화 떴다ㄷㄷ,140000,14만,17:31,1051,2026-07-11,3개월 전,Y,재업로드·남의 영상,✗
X 제외(얼굴 출연·남의 영상·다른 그룹),치트키TV,UCy19QDt1F5PIpkH5IuBj_-w,379000,14,Y,Jj_XYsdjwzQ,https://www.youtube.com/watch?v=Jj_XYsdjwzQ,토이스토리5가 노잼이라고???,47000,4.7만,11:57,717,2026-07-11,3개월 전,N,재업로드·남의 영상,✗
X 제외(얼굴 출연·남의 영상·다른 그룹),치트키TV,UCy19QDt1F5PIpkH5IuBj_-w,379000,15,Y,uHNXsSy_pvQ,https://www.youtube.com/watch?v=uHNXsSy_pvQ,"디지털 서커스 최종화 보기 전, 1~8화 한번에 몰아보기!",54000,5.4만,1:21:37,4897,2026-07-11,3개월 전,N,재업로드·남의 영상,✗
X 제외(얼굴 출연·남의 영상·다른 그룹),치트키TV,UCy19QDt1F5PIpkH5IuBj_-w,379000,16,Y,f_dlLvTaxEs,https://www.youtube.com/watch?v=f_dlLvTaxEs,"토이스토리5 보기 전, 토이스토리 1~4 한번에 몰아보기!",95000,9.5만,59:05,3545,2026-06-11,4개월 전,N,재업로드·남의 영상,✗
X 제외(얼굴 출연·남의 영상·다른 그룹),치트키TV,UCy19QDt1F5PIpkH5IuBj_-w,379000,17,Y,rY64QYfbafY,https://www.youtube.com/watch?v=rY64QYfbafY,1화부터 수위 터졌다고 난리난 미국 애니ㄷㄷ,62000,6.2만,11:02,662,2026-06-11,4개월 전,N,재업로드·남의 영상,✗
X 제외(얼굴 출연·남의 영상·다른 그룹),최프진,UCQu5on8HvV6WrqTsBiaxX7w,202000,1,N,AcQTJ77WFrk,https://www.youtube.com/watch?v=AcQTJ77WFrk,건물 옥상에 마을이 있는 한국 음지들에 가봤습니다,240000,24만,28:08,1688,2026-10-08,2일 전,Y,얼굴 출연,✗
X 제외(얼굴 출연·남의 영상·다른 그룹),최프진,UCQu5on8HvV6WrqTsBiaxX7w,202000,2,N,EfaW-WhXaVk,https://www.youtube.com/watch?v=EfaW-WhXaVk,한국의 텅 빈 이상한 장소들에 가봤습니다,450000,45만,35:49,2149,2026-10-01,9일 전,Y,얼굴 출연,✗
X 제외(얼굴 출연·남의 영상·다른 그룹),최프진,UCQu5on8HvV6WrqTsBiaxX7w,202000,3,Y,rMfuGVmKC90,https://www.youtube.com/watch?v=rMfuGVmKC90,한국을 후진국으로 파괴하고 있는 10대 음지,560000,56만,1:41:51,6111,2026-09-26,2주 전,Y,얼굴 출연,✗
X 제외(얼굴 출연·남의 영상·다른 그룹),최프진,UCQu5on8HvV6WrqTsBiaxX7w,202000,4,Y,oSrro0kOo0g,https://www.youtube.com/watch?v=oSrro0kOo0g,골때리는 악질 사이비 종교들의 본부에 걸어가봤습니다,400000,40만,29:16,1756,2026-09-19,3주 전,Y,얼굴 출연,✗
X 제외(얼굴 출연·남의 영상·다른 그룹),최프진,UCQu5on8HvV6WrqTsBiaxX7w,202000,5,Y,MyWAmwAaVU4,https://www.youtube.com/watch?v=MyWAmwAaVU4,퇴사하면 사람을 산 채로 굽는 제주도의 한 식당,250000,25만,37:49,2269,2026-09-10,1개월 전,Y,얼굴 출연,✗
X 제외(얼굴 출연·남의 영상·다른 그룹),최프진,UCQu5on8HvV6WrqTsBiaxX7w,202000,6,Y,SVQvicUOYB4,https://www.youtube.com/watch?v=SVQvicUOYB4,제주도 장기매매 위험 지역들에 가봤습니다 ,530000,53만,20:31,1231,2026-09-10,1개월 전,Y,얼굴 출연,✗
X 제외(얼굴 출연·남의 영상·다른 그룹),최프진,UCQu5on8HvV6WrqTsBiaxX7w,202000,7,Y,rO-yyANQh2M,https://www.youtube.com/watch?v=rO-yyANQh2M,파산 중인 대한민국 5성급 호텔들에 지내봤습니다,740000,74만,38:21,2301,2026-09-10,1개월 전,Y,얼굴 출연,✗
X 제외(얼굴 출연·남의 영상·다른 그룹),최프진,UCQu5on8HvV6WrqTsBiaxX7w,202000,8,Y,gW9Z0qvDKys,https://www.youtube.com/watch?v=gW9Z0qvDKys,최프진이 가장 무서웠던 TOP 10 비하인드썰 풀기,160000,16만,23:25,1405,2026-08-11,2개월 전,Y,얼굴 출연,✗
X 제외(얼굴 출연·남의 영상·다른 그룹),최프진,UCQu5on8HvV6WrqTsBiaxX7w,202000,9,Y,ATtn4N3vX8g,https://www.youtube.com/watch?v=ATtn4N3vX8g,미스터리 유튜버의 가장 무서웠던 장소 TOP 10,190000,19만,1:37:36,5856,2026-08-11,2개월 전,Y,얼굴 출연,✗
X 제외(얼굴 출연·남의 영상·다른 그룹),최프진,UCQu5on8HvV6WrqTsBiaxX7w,202000,10,Y,04Ev6mhf9Dc,https://www.youtube.com/watch?v=04Ev6mhf9Dc,프리메이슨 본부 들어가보기,44000,4.4만,17:12,1032,2026-08-11,2개월 전,N,얼굴 출연,✗
X 제외(얼굴 출연·남의 영상·다른 그룹),최프진,UCQu5on8HvV6WrqTsBiaxX7w,202000,11,Y,4stt-_38pTQ,https://www.youtube.com/watch?v=4stt-_38pTQ,전국에 있는 남침 의심 땅굴 탐사하기,150000,15만,20:04,1204,2026-08-11,2개월 전,Y,얼굴 출연,✗
X 제외(얼굴 출연·남의 영상·다른 그룹),최프진,UCQu5on8HvV6WrqTsBiaxX7w,202000,12,Y,cXzbJFwQCR0,https://www.youtube.com/watch?v=cXzbJFwQCR0,사자 호랑이랑 자는 호텔 안전할까?,490000,49만,27:51,1671,2026-07-11,3개월 전,Y,얼굴 출연,✗
X 제외(얼굴 출연·남의 영상·다른 그룹),최프진,UCQu5on8HvV6WrqTsBiaxX7w,202000,13,Y,UI0b8NiYV_U,https://www.youtube.com/watch?v=UI0b8NiYV_U,4일 동안 일본 레전드 미스터리 장소가기,300000,30만,29:23,1763,2026-07-11,3개월 전,Y,얼굴 출연,✗
X 제외(얼굴 출연·남의 영상·다른 그룹),최프진,UCQu5on8HvV6WrqTsBiaxX7w,202000,14,Y,4niXbgWHuTM,https://www.youtube.com/watch?v=4niXbgWHuTM,그는 과연 살아있을까?,96000,9.6만,14:32,872,2026-06-11,4개월 전,N,얼굴 출연,✗
X 제외(얼굴 출연·남의 영상·다른 그룹),최프진,UCQu5on8HvV6WrqTsBiaxX7w,202000,15,Y,tvKcETlyMn0,https://www.youtube.com/watch?v=tvKcETlyMn0,현실에 존재하는 백룸 찾기,630000,63만,25:12,1512,2026-06-11,4개월 전,Y,얼굴 출연,✗
X 제외(얼굴 출연·남의 영상·다른 그룹),최프진,UCQu5on8HvV6WrqTsBiaxX7w,202000,16,Y,ZPjDmauoctU,https://www.youtube.com/watch?v=ZPjDmauoctU,인류에 악한 영향력을 선사하는 집단 10곳,160000,16만,2:33:27,9207,2026-06-11,4개월 전,Y,얼굴 출연,✗
X 제외(얼굴 출연·남의 영상·다른 그룹),최프진,UCQu5on8HvV6WrqTsBiaxX7w,202000,17,Y,qgTdSKj1NUY,https://www.youtube.com/watch?v=qgTdSKj1NUY,"창문 10,000개 문 2,000개 방 160개 미친 흉가",170000,17만,24:25,1465,2026-06-11,4개월 전,Y,얼굴 출연,✗
X 제외(얼굴 출연·남의 영상·다른 그룹),안나의 이야기,UCMIlQFUg8jKzG2sY3029m_w,310000,1,N,2_BfH0Ff4lA,https://www.youtube.com/watch?v=2_BfH0Ff4lA,"""누가 마릴린 먼로를 죽였나?"" 케네디 가문이 살해했다는 음모론",150000,15만,1:40:48,6048,2026-10-08,2일 전,Y,얼굴 출연,✗
X 제외(얼굴 출연·남의 영상·다른 그룹),안나의 이야기,UCMIlQFUg8jKzG2sY3029m_w,310000,2,N,yuKy01BIB-w,https://www.youtube.com/watch?v=yuKy01BIB-w,"일본고딩이 고액알바 지원했다가 살인자가 되는 과정 ""도쿠류 범죄""",280000,28만,59:57,3597,2026-10-04,6일 전,Y,얼굴 출연,✗
X 제외(얼굴 출연·남의 영상·다른 그룹),안나의 이야기,UCMIlQFUg8jKzG2sY3029m_w,310000,3,Y,MPrhNmpDW74,https://www.youtube.com/watch?v=MPrhNmpDW74,*토나옴주의* 지금 미국인들 분노하는! 코넬대 남학생7명이 여학생에게 약먹이고 집단 범행한 사건,500000,50만,39:38,2378,2026-09-30,10일 전,Y,얼굴 출연,✗
X 제외(얼굴 출연·남의 영상·다른 그룹),안나의 이야기,UCMIlQFUg8jKzG2sY3029m_w,310000,4,Y,5mE2_UCIzFg,https://www.youtube.com/watch?v=5mE2_UCIzFg,7개월 만나면서 62억쓴 중국 코인부자와 톱 여배우의 차이리 🐕싸움,510000,51만,1:55:28,6928,2026-09-27,13일 전,Y,얼굴 출연,✗
X 제외(얼굴 출연·남의 영상·다른 그룹),안나의 이야기,UCMIlQFUg8jKzG2sY3029m_w,310000,5,Y,A3_6mESKEfY,https://www.youtube.com/watch?v=A3_6mESKEfY,4시간 한인사건 몰아보기 - 같은 동포끼리 왜 이래?,95000,9.5만,4:22:23,15743,2026-09-26,2주 전,N,얼굴 출연,✗
X 제외(얼굴 출연·남의 영상·다른 그룹),안나의 이야기,UCMIlQFUg8jKzG2sY3029m_w,310000,6,Y,ZS50yu-e4R8,https://www.youtube.com/watch?v=ZS50yu-e4R8,지금 미국에서 난리난! 추정 58명 홈리스여성들 데려와서 살해하는 장면 음란물에 담은  父子연쇄살인마,260000,26만,52:00,3120,2026-09-26,2주 전,Y,얼굴 출연,✗
X 제외(얼굴 출연·남의 영상·다른 그룹),안나의 이야기,UCMIlQFUg8jKzG2sY3029m_w,310000,7,Y,-ir6a12Ozos,https://www.youtube.com/watch?v=-ir6a12Ozos,아침에 아빠랑 싸우고 나간 15살 딸이 평생 돌아오지 못한 이유,240000,24만,53:30,3210,2026-09-19,3주 전,Y,얼굴 출연,✗
X 제외(얼굴 출연·남의 영상·다른 그룹),안나의 이야기,UCMIlQFUg8jKzG2sY3029m_w,310000,8,Y,bx7OfWI0tJ0,https://www.youtube.com/watch?v=bx7OfWI0tJ0,조작된 CCTV로 평범한 미 대학생 고문하고 15년 노동교화형 내린 북한정부,230000,23만,1:33:03,5583,2026-09-19,3주 전,Y,얼굴 출연,✗
X 제외(얼굴 출연·남의 영상·다른 그룹),안나의 이야기,UCMIlQFUg8jKzG2sY3029m_w,310000,9,Y,1ZNccSMFCD4,https://www.youtube.com/watch?v=1ZNccSMFCD4,아내 불륜상대가 내 형이라고? X막장 불륜이 부른 일가족 살인사건,260000,26만,39:59,2399,2026-09-19,3주 전,Y,얼굴 출연,✗
X 제외(얼굴 출연·남의 영상·다른 그룹),안나의 이야기,UCMIlQFUg8jKzG2sY3029m_w,310000,10,Y,9G97tOsvqJg,https://www.youtube.com/watch?v=9G97tOsvqJg,중국 여성이 인신매매로 쇠사슬에 감금된 채 자식 8명 낳은 충격적인 사건,510000,51만,39:08,2348,2026-09-10,1개월 전,Y,얼굴 출연,✗
X 제외(얼굴 출연·남의 영상·다른 그룹),안나의 이야기,UCMIlQFUg8jKzG2sY3029m_w,310000,11,Y,vluY6y1aO1A,https://www.youtube.com/watch?v=vluY6y1aO1A,미국에서 난리난 아이 셋을 살해한 간호사 엄마의 재판! 린지 클렌시는 피해자인가,280000,28만,1:32:04,5524,2026-09-10,1개월 전,Y,얼굴 출연,✗
X 제외(얼굴 출연·남의 영상·다른 그룹),안나의 이야기,UCMIlQFUg8jKzG2sY3029m_w,310000,12,Y,e51maXZ_2Pc,https://www.youtube.com/watch?v=e51maXZ_2Pc,중국 국뽕 치사량 맞고 폭망중인 라부부 근황,530000,53만,1:00:01,3601,2026-09-10,1개월 전,Y,얼굴 출연,✗
X 제외(얼굴 출연·남의 영상·다른 그룹),안나의 이야기,UCMIlQFUg8jKzG2sY3029m_w,310000,13,Y,fTR4xsB_T5E,https://www.youtube.com/watch?v=fTR4xsB_T5E,*3시간 몰아보기* 어떻게 부모에게 이럴 수 있나… 천륜을 저버린 자식들,120000,12만,2:57:47,10667,2026-09-10,1개월 전,Y,얼굴 출연,✗
X 제외(얼굴 출연·남의 영상·다른 그룹),안나의 이야기,UCMIlQFUg8jKzG2sY3029m_w,310000,14,Y,K2_h5pLVM4E,https://www.youtube.com/watch?v=K2_h5pLVM4E,10대들이 단톡방에서 말싸움하고 객기 부리다가 친구를 살해한 사건,270000,27만,33:51,2031,2026-09-10,1개월 전,Y,얼굴 출연,✗
X 제외(얼굴 출연·남의 영상·다른 그룹),안나의 이야기,UCMIlQFUg8jKzG2sY3029m_w,310000,15,Y,eiTJLIp89Ow,https://www.youtube.com/watch?v=eiTJLIp89Ow,하이틴 스타 헤이든의 죽음! 엄마처럼 따랐던 언니에게 매춘부 취급 당함,330000,33만,55:44,3344,2026-09-10,1개월 전,Y,얼굴 출연,✗
X 제외(얼굴 출연·남의 영상·다른 그룹),안나의 이야기,UCMIlQFUg8jKzG2sY3029m_w,310000,16,Y,HB3lnmm5RFU,https://www.youtube.com/watch?v=HB3lnmm5RFU,"""퍼프대디가 100만불 준다고 했어요!"" LA후드 갱스터 키피디의 자백",200000,20만,1:38:04,5884,2026-09-10,1개월 전,Y,얼굴 출연,✗
X 제외(얼굴 출연·남의 영상·다른 그룹),안나의 이야기,UCMIlQFUg8jKzG2sY3029m_w,310000,17,Y,6592VpbEZKg,https://www.youtube.com/watch?v=6592VpbEZKg,"세계 지배자 '로스차일드'와 손잡은 앱스틴, 음모론이 아니다! 이메일 수백개 공개",390000,39만,1:02:24,3744,2026-09-10,1개월 전,Y,얼굴 출연,✗
X 제외(얼굴 출연·남의 영상·다른 그룹),프뚜,UCpnnUKmAQKgVinEV-lV-N2g,295000,1,N,RjlglCG9kyU,https://www.youtube.com/watch?v=RjlglCG9kyU,하드코어에서 해저 비밀 기지 만들기,780000,78만,41:34,2494,2026-09-26,2주 전,Y,얼굴 출연,✗
X 제외(얼굴 출연·남의 영상·다른 그룹),프뚜,UCpnnUKmAQKgVinEV-lV-N2g,295000,2,N,FlCn-PGUrzg,https://www.youtube.com/watch?v=FlCn-PGUrzg,마인크래프트 하드코어에서 10000일을 살면 생기는 일[몰아보기3],270000,27만,6:49:06,24546,2026-09-10,1개월 전,Y,얼굴 출연,✗
X 제외(얼굴 출연·남의 영상·다른 그룹),프뚜,UCpnnUKmAQKgVinEV-lV-N2g,295000,3,Y,zF3ufsU6tpg,https://www.youtube.com/watch?v=zF3ufsU6tpg,하드코어에서 진짜 '워든'공장 만들기,720000,72만,26:41,1601,2026-09-10,1개월 전,Y,얼굴 출연,✗
X 제외(얼굴 출연·남의 영상·다른 그룹),프뚜,UCpnnUKmAQKgVinEV-lV-N2g,295000,4,Y,e9YxjU8wJSM,https://www.youtube.com/watch?v=e9YxjU8wJSM,점점 확장되는 세계에서 100일동안 살아남기,760000,76만,34:33,2073,2026-09-10,1개월 전,Y,얼굴 출연,✗
X 제외(얼굴 출연·남의 영상·다른 그룹),프뚜,UCpnnUKmAQKgVinEV-lV-N2g,295000,5,Y,a_N9D9QFHkM,https://www.youtube.com/watch?v=a_N9D9QFHkM,커맨드 없이 하드코어 역사상 가장 어려운 탈출맵 만들기,490000,49만,38:59,2339,2026-08-11,2개월 전,Y,얼굴 출연,✗
X 제외(얼굴 출연·남의 영상·다른 그룹),프뚜,UCpnnUKmAQKgVinEV-lV-N2g,295000,6,Y,ZytnldXmX6g,https://www.youtube.com/watch?v=ZytnldXmX6g,현실에서 마인크래프트 만들기,99000,9.9만,13:22,802,2026-08-11,2개월 전,N,얼굴 출연,✗
X 제외(얼굴 출연·남의 영상·다른 그룹),프뚜,UCpnnUKmAQKgVinEV-lV-N2g,295000,7,Y,hkVBcXu7wp8,https://www.youtube.com/watch?v=hkVBcXu7wp8,하드코어에서 정신이 이상해지는 착시현상 모두 모으기,550000,55만,28:34,1714,2026-07-11,3개월 전,Y,얼굴 출연,✗
X 제외(얼굴 출연·남의 영상·다른 그룹),프뚜,UCpnnUKmAQKgVinEV-lV-N2g,295000,8,Y,I23R8TRz8J0,https://www.youtube.com/watch?v=I23R8TRz8J0,모든 청크가 잠겨있는 세계에서 150일동안 살아남기,1010000,101만,38:39,2319,2026-07-11,3개월 전,Y,얼굴 출연,✗
X 제외(얼굴 출연·남의 영상·다른 그룹),프뚜,UCpnnUKmAQKgVinEV-lV-N2g,295000,9,Y,QEKAF4rtVLY,https://www.youtube.com/watch?v=QEKAF4rtVLY,하드코어에서 세계에서 가장 큰 갤럭시S26 만들기,520000,52만,23:58,1438,2026-06-11,4개월 전,Y,얼굴 출연,✗
X 제외(얼굴 출연·남의 영상·다른 그룹),프뚜,UCpnnUKmAQKgVinEV-lV-N2g,295000,10,Y,jhB1jzCmcTA,https://www.youtube.com/watch?v=jhB1jzCmcTA,하드코어에서 새로운 아기몹 36종 전부 모으기,900000,90만,33:26,2006,2026-06-11,4개월 전,Y,얼굴 출연,✗
X 제외(얼굴 출연·남의 영상·다른 그룹),프뚜,UCpnnUKmAQKgVinEV-lV-N2g,295000,11,Y,PpPphkbzMoA,https://www.youtube.com/watch?v=PpPphkbzMoA,하드코어에서 엔드섬 통째로 방사능 오염구역으로 바꾸기,710000,71만,19:18,1158,2026-05-11,5개월 전,Y,얼굴 출연,✗
X 제외(얼굴 출연·남의 영상·다른 그룹),프뚜,UCpnnUKmAQKgVinEV-lV-N2g,295000,12,Y,W8Ea2p9nAnE,https://www.youtube.com/watch?v=W8Ea2p9nAnE,사막밖에 없는 세계에서 100일동안 살아남기,1020000,102만,23:57,1437,2026-05-11,5개월 전,Y,얼굴 출연,✗
X 제외(얼굴 출연·남의 영상·다른 그룹),프뚜,UCpnnUKmAQKgVinEV-lV-N2g,295000,13,Y,O3u_ZiZ2UQw,https://www.youtube.com/watch?v=O3u_ZiZ2UQw,아포칼립스 세계에서 대저택 짓고 힐링하기,260000,26만,27:56,1676,2026-04-11,6개월 전,Y,얼굴 출연,✗
X 제외(얼굴 출연·남의 영상·다른 그룹),프뚜,UCpnnUKmAQKgVinEV-lV-N2g,295000,14,Y,8dPbTMV591w,https://www.youtube.com/watch?v=8dPbTMV591w,마인크래프트에서 가장 위험한 비밀 모두 모으기,1020000,102만,35:26,2126,2026-04-11,6개월 전,Y,얼굴 출연,✗
X 제외(얼굴 출연·남의 영상·다른 그룹),프뚜,UCpnnUKmAQKgVinEV-lV-N2g,295000,15,Y,M222wFNb2S0,https://www.youtube.com/watch?v=M222wFNb2S0,변이체가 점령한 세계에서 100일동안 살아남기,530000,53만,34:23,2063,2026-03-12,7개월 전,Y,얼굴 출연,✗
X 제외(얼굴 출연·남의 영상·다른 그룹),프뚜,UCpnnUKmAQKgVinEV-lV-N2g,295000,16,Y,6Ro_QH2F8w4,https://www.youtube.com/watch?v=6Ro_QH2F8w4,하드코어에서 세계에서 가장 비싼 기지 만들기,1020000,102만,35:54,2154,2026-03-12,7개월 전,Y,얼굴 출연,✗
X 제외(얼굴 출연·남의 영상·다른 그룹),프뚜,UCpnnUKmAQKgVinEV-lV-N2g,295000,17,Y,EVaxZZxCfH0,https://www.youtube.com/watch?v=EVaxZZxCfH0,원 밖으로 못 나가는 마인크래프트 100일 생존기,1890000,189만,29:15,1755,2026-02-09,8개월 전,Y,얼굴 출연,✗
X 제외(얼굴 출연·남의 영상·다른 그룹),찬고리 Changori,UCPyAhZQuHbEVlyX6LfBun4A,107000,1,N,GuPm7Fb_fAY,https://www.youtube.com/watch?v=GuPm7Fb_fAY,"원래도 저렴한데, 환율까지 싸져서 가성비가 미쳐버렸다는 대만여행 근황",320000,32만,37:12,2232,2026-10-04,6일 전,Y,얼굴 출연,✗
X 제외(얼굴 출연·남의 영상·다른 그룹),찬고리 Changori,UCPyAhZQuHbEVlyX6LfBun4A,107000,2,N,xKwW80QgbvM,https://www.youtube.com/watch?v=xKwW80QgbvM,"반값으로 갈 수 있는 함양여행?! 해발 1,915m 지리산이 보이는 “산 속에 있는 한옥호텔”에서 하룻밤",85000,8.5만,36:28,2188,2026-10-02,8일 전,N,얼굴 출연,✗
X 제외(얼굴 출연·남의 영상·다른 그룹),찬고리 Changori,UCPyAhZQuHbEVlyX6LfBun4A,107000,3,Y,grlmjFNq7WQ,https://www.youtube.com/watch?v=grlmjFNq7WQ,최고의 산채비빔밥을 찾아서 떠나는 초보자의 계룡산 한바퀴 먹방여행,60000,6만,28:11,1691,2026-09-30,10일 전,N,얼굴 출연,✗
X 제외(얼굴 출연·남의 영상·다른 그룹),찬고리 Changori,UCPyAhZQuHbEVlyX6LfBun4A,107000,4,Y,NtYNBbgidzY,https://www.youtube.com/watch?v=NtYNBbgidzY,"""인천공항에서 1시간"" 가장 가깝고 말도 안되게 저렴한데, 생각보다 여행난이도 쉽다는 중국여행 근황",390000,39만,2:19:20,8360,2026-09-26,2주 전,Y,얼굴 출연,✗
X 제외(얼굴 출연·남의 영상·다른 그룹),찬고리 Changori,UCPyAhZQuHbEVlyX6LfBun4A,107000,5,Y,Ss7X-2aHtC8,https://www.youtube.com/watch?v=Ss7X-2aHtC8,"항공권 4만원에 떠나는 ""한국인이 사랑하는 여행지 1위"" 오사카는 어떻게 달라졌을까?",270000,27만,20:03,1203,2026-09-19,3주 전,Y,얼굴 출연,✗
X 제외(얼굴 출연·남의 영상·다른 그룹),찬고리 Changori,UCPyAhZQuHbEVlyX6LfBun4A,107000,6,Y,I4yscn4a5U0,https://www.youtube.com/watch?v=I4yscn4a5U0,"아직도 도쿄만 가세요?! 현지인들만 몰래 간다는 미쳐버린 가성비의 소도시, 가와고에 탐방기",230000,23만,27:15,1635,2026-09-12,4주 전,Y,얼굴 출연,✗
X 제외(얼굴 출연·남의 영상·다른 그룹),찬고리 Changori,UCPyAhZQuHbEVlyX6LfBun4A,107000,7,Y,QfOB4csM5qQ,https://www.youtube.com/watch?v=QfOB4csM5qQ,"저가항공보다 싼 ""최저가 대한항공"" 타고 갈 수 있는 일본 소도시, 오카야마 탐방기",220000,22만,40:31,2431,2026-09-10,1개월 전,Y,얼굴 출연,✗
X 제외(얼굴 출연·남의 영상·다른 그룹),찬고리 Changori,UCPyAhZQuHbEVlyX6LfBun4A,107000,8,Y,UZGSJ8Kgsic,https://www.youtube.com/watch?v=UZGSJ8Kgsic,"""40년만에 최저수준"" 역대급 엔저화로 충격적인 가성비가 되어버린 일본여행을 가야 되는 이유",340000,34만,31:45,1905,2026-09-10,1개월 전,Y,얼굴 출연,✗
X 제외(얼굴 출연·남의 영상·다른 그룹),찬고리 Changori,UCPyAhZQuHbEVlyX6LfBun4A,107000,9,Y,hckbcZmKrk4,https://www.youtube.com/watch?v=hckbcZmKrk4,"요즘에 난리났다는 ""국내여행지 1위"" 공주여행, 직접 가봤습니다",170000,17만,28:58,1738,2026-09-10,1개월 전,Y,얼굴 출연,✗
X 제외(얼굴 출연·남의 영상·다른 그룹),찬고리 Changori,UCPyAhZQuHbEVlyX6LfBun4A,107000,10,Y,a_kVSNsGHPM,https://www.youtube.com/watch?v=a_kVSNsGHPM,"한국인은 잘 모르는데 ""막 써도 걱정없는"" 물가가 엄청나게 싸다는 휴양지, 랑카위 탐방기",140000,14만,20:45,1245,2026-09-10,1개월 전,Y,얼굴 출연,✗
X 제외(얼굴 출연·남의 영상·다른 그룹),찬고리 Changori,UCPyAhZQuHbEVlyX6LfBun4A,107000,11,Y,fm7SHsnKpNc,https://www.youtube.com/watch?v=fm7SHsnKpNc,"한끼에 3천원?! 물가 걱정없이 ""반값""으로 여행할 수 있는데 의외로 잘 모르는 갓성비 여행지",84000,8.4만,27:46,1666,2026-09-10,1개월 전,N,얼굴 출연,✗
X 제외(얼굴 출연·남의 영상·다른 그룹),찬고리 Changori,UCPyAhZQuHbEVlyX6LfBun4A,107000,12,Y,3Nth8OBpPVI,https://www.youtube.com/watch?v=3Nth8OBpPVI,"""호텔 방""이 7,351개ㄷㄷ 전 세계에서 가장 큰 호텔은 어떻게 생겼을까?",59000,5.9만,25:52,1552,2026-09-10,1개월 전,N,얼굴 출연,✗
X 제외(얼굴 출연·남의 영상·다른 그룹),찬고리 Changori,UCPyAhZQuHbEVlyX6LfBun4A,107000,13,Y,wCU_oGoU4qE,https://www.youtube.com/watch?v=wCU_oGoU4qE,단돈 3만원에 최고급 아파트에서 한달살기를 할 수 있는 “유일한 나라” 입국기,110000,11만,39:59,2399,2026-08-11,2개월 전,Y,얼굴 출연,✗
X 제외(얼굴 출연·남의 영상·다른 그룹),찬고리 Changori,UCPyAhZQuHbEVlyX6LfBun4A,107000,14,Y,cNJLdrGBRWI,https://www.youtube.com/watch?v=cNJLdrGBRWI,“언제까지 발리만 가실건가요?” 아는 사람만 몰래 간다는 숨겨진 휴양지에서 48시간,73000,7.3만,26:51,1611,2026-08-11,2개월 전,N,얼굴 출연,✗
X 제외(얼굴 출연·남의 영상·다른 그룹),찬고리 Changori,UCPyAhZQuHbEVlyX6LfBun4A,107000,15,Y,5oav-4_WZQQ,https://www.youtube.com/watch?v=5oav-4_WZQQ,"""역대급 엔저화"" 지금 가야되는 의외로 관광객들은 모르는 가성비 끝판왕, 오키나와 근황",160000,16만,31:59,1919,2026-08-11,2개월 전,Y,얼굴 출연,✗
X 제외(얼굴 출연·남의 영상·다른 그룹),찬고리 Changori,UCPyAhZQuHbEVlyX6LfBun4A,107000,16,Y,dc_AyLa6Tr4,https://www.youtube.com/watch?v=dc_AyLa6Tr4,오직 먹으려고 떠나는 해외여행지?! 행복한 가성비의 후쿠오카 몰아보기,140000,14만,1:12:04,4324,2026-08-11,2개월 전,Y,얼굴 출연,✗
X 제외(얼굴 출연·남의 영상·다른 그룹),찬고리 Changori,UCPyAhZQuHbEVlyX6LfBun4A,107000,17,Y,SYcl9rvyaIg,https://www.youtube.com/watch?v=SYcl9rvyaIg,한국인이라는 이유로 *전부 다 공짜*라는 수상한 일본 소도시에 다녀왔습니다,93000,9.3만,27:16,1636,2026-08-11,2개월 전,N,얼굴 출연,✗
X 제외(얼굴 출연·남의 영상·다른 그룹),류튜브 Ryu Tube,UCywcW6SilD1eILdy7aZmlnQ,18800,1,N,HOs1i4eTHVE,https://www.youtube.com/watch?v=HOs1i4eTHVE,세계에서 가장 큰 유령도시에서 하루를 보내면 생기는 일,230000,23만,21:44,1304,2026-10-03,7일 전,Y,얼굴 출연,✗
X 제외(얼굴 출연·남의 영상·다른 그룹),류튜브 Ryu Tube,UCywcW6SilD1eILdy7aZmlnQ,18800,2,N,L9OBsL70ekg,https://www.youtube.com/watch?v=L9OBsL70ekg,하루 만에 말레이시아 미슐랭 10곳을 다 먹을 수 있을까?,24000,2.4만,26:58,1618,2026-09-27,13일 전,N,얼굴 출연,✗
X 제외(얼굴 출연·남의 영상·다른 그룹),류튜브 Ryu Tube,UCywcW6SilD1eILdy7aZmlnQ,18800,3,Y,Vq-kiX6vb3M,https://www.youtube.com/watch?v=Vq-kiX6vb3M,"아시아에서 가장 가난한 군사독재국가, 미얀마 일주일 여행",98000,9.8만,2:41:26,9686,2026-09-26,2주 전,N,얼굴 출연,✗
X 제외(얼굴 출연·남의 영상·다른 그룹),류튜브 Ryu Tube,UCywcW6SilD1eILdy7aZmlnQ,18800,4,Y,dud3ncU4rW4,https://www.youtube.com/watch?v=dud3ncU4rW4,가성비 미쳤다... 돈 많지 않아도 부자처럼 살 수 있는 도시 1위,33000,3.3만,24:28,1468,2026-09-26,2주 전,N,얼굴 출연,✗
X 제외(얼굴 출연·남의 영상·다른 그룹),류튜브 Ryu Tube,UCywcW6SilD1eILdy7aZmlnQ,18800,5,Y,KHYRTSvxb5Q,https://www.youtube.com/watch?v=KHYRTSvxb5Q,"한국보다 잘산다고?! 세금도, 가난도 없는 충격적인 동남아 부자 나라",84000,8.4만,44:19,2659,2026-09-10,1개월 전,N,얼굴 출연,✗
X 제외(얼굴 출연·남의 영상·다른 그룹),류튜브 Ryu Tube,UCywcW6SilD1eILdy7aZmlnQ,18800,6,Y,dwuA00AiRDc,https://www.youtube.com/watch?v=dwuA00AiRDc,인도네시아 초호화 퍼스트클래스 기차 17시간 탑승기,370000,37만,20:15,1215,2026-09-10,1개월 전,Y,얼굴 출연,✗
X 제외(얼굴 출연·남의 영상·다른 그룹),류튜브 Ryu Tube,UCywcW6SilD1eILdy7aZmlnQ,18800,7,Y,uQUx_BTO5BM,https://www.youtube.com/watch?v=uQUx_BTO5BM,현지인 하루 생활비 2600원?! 한국인이 돈 걱정 없이 여행 가능한 도시,180000,18만,26:54,1614,2026-09-10,1개월 전,Y,얼굴 출연,✗
X 제외(얼굴 출연·남의 영상·다른 그룹),류튜브 Ryu Tube,UCywcW6SilD1eILdy7aZmlnQ,18800,8,Y,_bWqlBN4EzA,https://www.youtube.com/watch?v=_bWqlBN4EzA,일당 15000원?! 가족을 위해 목숨걸고 출근하는 사람들,11000,1.1만,39:59,2399,2026-09-10,1개월 전,N,얼굴 출연,✗
X 제외(얼굴 출연·남의 영상·다른 그룹),류튜브 Ryu Tube,UCywcW6SilD1eILdy7aZmlnQ,18800,9,Y,uaYM6YjOpAk,https://www.youtube.com/watch?v=uaYM6YjOpAk,"7,000인분!? 하루 4,000kg의 볶음밥을 요리하는 우즈벡 식당",7300,7.3천,14:16,856,2026-06-11,4개월 전,N,얼굴 출연,✗
X 제외(얼굴 출연·남의 영상·다른 그룹),류튜브 Ryu Tube,UCywcW6SilD1eILdy7aZmlnQ,18800,10,Y,Oh3Uccahc-8,https://www.youtube.com/watch?v=Oh3Uccahc-8,6000km 떨어진 들판에 버려진 고려의 후손들은 어떻게 살아왔을까?,5200,5.2천,29:11,1751,2026-06-11,4개월 전,N,얼굴 출연,✗
X 제외(얼굴 출연·남의 영상·다른 그룹),류튜브 Ryu Tube,UCywcW6SilD1eILdy7aZmlnQ,18800,11,Y,KfKcuyMYHXE,https://www.youtube.com/watch?v=KfKcuyMYHXE,"""한국인 입맛에 딱인데!?"" 중앙아시아의 미식수도 극한의 푸드트립",29000,2.9만,20:27,1227,2026-06-11,4개월 전,N,얼굴 출연,✗
X 제외(얼굴 출연·남의 영상·다른 그룹),류튜브 Ryu Tube,UCywcW6SilD1eILdy7aZmlnQ,18800,12,Y,-1GaRye8LCs,https://www.youtube.com/watch?v=-1GaRye8LCs,'택시 1km에 300원?!' 생활비 세계 최저 수준인 나라,15000,1.5만,23:05,1385,2026-05-11,5개월 전,N,얼굴 출연,✗
X 제외(얼굴 출연·남의 영상·다른 그룹),류튜브 Ryu Tube,UCywcW6SilD1eILdy7aZmlnQ,18800,13,Y,UmfO6O0YC8A,https://www.youtube.com/watch?v=UmfO6O0YC8A,"""대만에서 이보다 많이 먹은 영상이 있을까요?!"" 극한의 타이베이 푸드트립",290000,29만,1:14:20,4460,2026-05-11,5개월 전,Y,얼굴 출연,✗
X 제외(얼굴 출연·남의 영상·다른 그룹),류튜브 Ryu Tube,UCywcW6SilD1eILdy7aZmlnQ,18800,14,Y,fZ74CFo20yM,https://www.youtube.com/watch?v=fZ74CFo20yM,국민 절반이 빈민층?! 단돈 2달러로 하루를 살아가는 미얀마 슬럼가,10000,1만,23:59,1439,2026-05-11,5개월 전,N,얼굴 출연,✗
X 제외(얼굴 출연·남의 영상·다른 그룹),류튜브 Ryu Tube,UCywcW6SilD1eILdy7aZmlnQ,18800,15,Y,MTKrgEbLr6w,https://www.youtube.com/watch?v=MTKrgEbLr6w,텅 빈 동남아 최고의 관광지... 배낭여행자들이 사랑한 도시의 몰락,13000,1.3만,26:41,1601,2026-04-11,6개월 전,N,얼굴 출연,✗
X 제외(얼굴 출연·남의 영상·다른 그룹),류튜브 Ryu Tube,UCywcW6SilD1eILdy7aZmlnQ,18800,16,Y,xDRuC9ofzks,https://www.youtube.com/watch?v=xDRuC9ofzks,"""여기 북한인가요?"" 북한이 설계한 미얀마 군부의 비밀 도시",110000,11만,40:40,2440,2026-04-11,6개월 전,Y,얼굴 출연,✗
X 제외(얼굴 출연·남의 영상·다른 그룹),류튜브 Ryu Tube,UCywcW6SilD1eILdy7aZmlnQ,18800,17,Y,W029AzGjB3I,https://www.youtube.com/watch?v=W029AzGjB3I,"아시아에서 가장 가난한 군사독재국가, 미얀마 시내 여행",27000,2.7만,24:20,1460,2026-04-11,6개월 전,N,얼굴 출연,✗
X 제외(얼굴 출연·남의 영상·다른 그룹),과학드림 [Science Dream],UCIk1-yPCTnFuzfgu4gyfWqw,1150000,1,N,nm2f8NrsX94,https://www.youtube.com/watch?v=nm2f8NrsX94,"옛날 옛적, 낙타와 라마가 미국에 살았던 시절의 이야기!",210000,21만,11:21,681,2026-10-02,8일 전,Y,얼굴 출연,✗
X 제외(얼굴 출연·남의 영상·다른 그룹),과학드림 [Science Dream],UCIk1-yPCTnFuzfgu4gyfWqw,1150000,2,N,PCfiAmjBYfU,https://www.youtube.com/watch?v=PCfiAmjBYfU,눈표범 기원의 미스터리와 대형 고양잇과 맹수의 진화!,450000,45만,11:19,679,2026-09-26,2주 전,Y,얼굴 출연,✗
X 제외(얼굴 출연·남의 영상·다른 그룹),과학드림 [Science Dream],UCIk1-yPCTnFuzfgu4gyfWqw,1150000,3,Y,pN1Jpz72SXk,https://www.youtube.com/watch?v=pN1Jpz72SXk,상어는 어떻게 상어가 됐을까?🦈｜상어의 기원,700000,70만,16:17,977,2026-09-12,4주 전,Y,얼굴 출연,✗
X 제외(얼굴 출연·남의 영상·다른 그룹),과학드림 [Science Dream],UCIk1-yPCTnFuzfgu4gyfWqw,1150000,4,Y,6uABQFVeAmc,https://www.youtube.com/watch?v=6uABQFVeAmc,피부와 발굽까지 완벽히 보존된 공룡 에드몬토사우루스! (ft.공룡 미라 zone),310000,31만,9:10,550,2026-09-10,1개월 전,Y,얼굴 출연,✗
X 제외(얼굴 출연·남의 영상·다른 그룹),과학드림 [Science Dream],UCIk1-yPCTnFuzfgu4gyfWqw,1150000,5,Y,XA2FrVhmXw8,https://www.youtube.com/watch?v=XA2FrVhmXw8,도마뱀이 바다에 살면 벌어지는 일!🦎(ft.바다이구아나의 진화와 기묘한 생물학),250000,25만,11:34,694,2026-08-11,2개월 전,Y,얼굴 출연,✗
X 제외(얼굴 출연·남의 영상·다른 그룹),과학드림 [Science Dream],UCIk1-yPCTnFuzfgu4gyfWqw,1150000,6,Y,YwtUidvUjkk,https://www.youtube.com/watch?v=YwtUidvUjkk,"아니다, 옥수수가 인간을 길들인 건가? (ft.옥수수의 진화)",550000,55만,11:24,684,2026-08-11,2개월 전,Y,얼굴 출연,✗
X 제외(얼굴 출연·남의 영상·다른 그룹),과학드림 [Science Dream],UCIk1-yPCTnFuzfgu4gyfWqw,1150000,7,Y,pJ_5cs0NSI4,https://www.youtube.com/watch?v=pJ_5cs0NSI4,20년의 관찰 끝에 새의 '언어'와 '문법'을 증명한 과학자!,590000,59만,15:48,948,2026-07-11,3개월 전,Y,얼굴 출연,✗
X 제외(얼굴 출연·남의 영상·다른 그룹),과학드림 [Science Dream],UCIk1-yPCTnFuzfgu4gyfWqw,1150000,8,Y,XYSVIxGQwmE,https://www.youtube.com/watch?v=XYSVIxGQwmE,"둘 다 아니라면, 남미의 테이블산은 어떻게 만들어진 걸까?",730000,73만,9:06,546,2026-07-11,3개월 전,Y,얼굴 출연,✗
X 제외(얼굴 출연·남의 영상·다른 그룹),과학드림 [Science Dream],UCIk1-yPCTnFuzfgu4gyfWqw,1150000,9,Y,Q-U_4zV407U,https://www.youtube.com/watch?v=Q-U_4zV407U,AI가 마침내 나스카 지상화의 미스터리를 풀었다!?,3540000,354만,10:49,649,2026-06-11,4개월 전,Y,얼굴 출연,✗
X 제외(얼굴 출연·남의 영상·다른 그룹),과학드림 [Science Dream],UCIk1-yPCTnFuzfgu4gyfWqw,1150000,10,Y,h43Y_hlUOGk,https://www.youtube.com/watch?v=h43Y_hlUOGk,무지개산이 남미에만 있는 매우 과학적인 이유! (왜 무지개색이 됐을까?),320000,32만,10:52,652,2026-06-11,4개월 전,Y,얼굴 출연,✗
X 제외(얼굴 출연·남의 영상·다른 그룹),과학드림 [Science Dream],UCIk1-yPCTnFuzfgu4gyfWqw,1150000,11,Y,hRTTUnNt8gw,https://www.youtube.com/watch?v=hRTTUnNt8gw,미국이 매주 5천만 마리의 파리를 숲에 살포하는 이유!,1220000,122만,13:54,834,2026-05-11,5개월 전,Y,얼굴 출연,✗
X 제외(얼굴 출연·남의 영상·다른 그룹),과학드림 [Science Dream],UCIk1-yPCTnFuzfgu4gyfWqw,1150000,12,Y,yviSHdii6f0,https://www.youtube.com/watch?v=yviSHdii6f0,그것도 물고기가... 200마리도 안 남은 물고기의 사막 고립기!,870000,87만,9:15,555,2026-04-11,6개월 전,Y,얼굴 출연,✗
X 제외(얼굴 출연·남의 영상·다른 그룹),과학드림 [Science Dream],UCIk1-yPCTnFuzfgu4gyfWqw,1150000,13,Y,b183zJozLZE,https://www.youtube.com/watch?v=b183zJozLZE,그럼 대체 우유니 소금사막은 어떻게 만들어진 걸까? (ft. 소금 100억 톤!),360000,36만,8:22,502,2026-04-11,6개월 전,Y,얼굴 출연,✗
X 제외(얼굴 출연·남의 영상·다른 그룹),과학드림 [Science Dream],UCIk1-yPCTnFuzfgu4gyfWqw,1150000,14,Y,TG0gMwEFHx0,https://www.youtube.com/watch?v=TG0gMwEFHx0,아주 엉망진창이었던 헬리코프리온 복원도의 변천사!,300000,30만,12:50,770,2026-03-12,7개월 전,Y,얼굴 출연,✗
X 제외(얼굴 출연·남의 영상·다른 그룹),과학드림 [Science Dream],UCIk1-yPCTnFuzfgu4gyfWqw,1150000,15,Y,qIZZZlqRW5o,https://www.youtube.com/watch?v=qIZZZlqRW5o,잠 못 이루는 밤 듣는 인류 진화 이야기! (고인류 몰아보기),810000,81만,50:07,3007,2026-03-12,7개월 전,Y,얼굴 출연,✗
X 제외(얼굴 출연·남의 영상·다른 그룹),과학드림 [Science Dream],UCIk1-yPCTnFuzfgu4gyfWqw,1150000,16,Y,P2Ft39GyQTc,https://www.youtube.com/watch?v=P2Ft39GyQTc,"거미는 어떻게 거미가 됐을까?｜알면 알수록 기묘한 동물, 거미!",1040000,104만,16:35,995,2026-03-12,7개월 전,Y,얼굴 출연,✗
X 제외(얼굴 출연·남의 영상·다른 그룹),과학드림 [Science Dream],UCIk1-yPCTnFuzfgu4gyfWqw,1150000,17,Y,xl40P_tiomQ,https://www.youtube.com/watch?v=xl40P_tiomQ,왜 날지 못하는 박쥐는 없을까?🦇(날지 못하는 새는 많은데...🐓),190000,19만,8:01,481,2026-02-09,8개월 전,Y,얼굴 출연,✗
X 제외(얼굴 출연·남의 영상·다른 그룹),이강민의 잡지사,UC1PqFAlePcXy419VNXVOqCA,372000,1,N,ngwqEgGDcas,https://www.youtube.com/watch?v=ngwqEgGDcas,세종이 한글을 직접 안 만들었다는 사람들에게 (서울대 이진호 교수),110000,11만,53:46,3226,2026-10-09,1일 전,Y,얼굴 출연,✗
X 제외(얼굴 출연·남의 영상·다른 그룹),이강민의 잡지사,UC1PqFAlePcXy419VNXVOqCA,372000,2,N,UX7Bxq_gZuE,https://www.youtube.com/watch?v=UX7Bxq_gZuE,화성 흙에 먹이를 줬더니 생명반응이 나왔다?🦠 화성 생명체 논쟁 총정리,120000,12만,39:10,2350,2026-10-08,2일 전,Y,얼굴 출연,✗
X 제외(얼굴 출연·남의 영상·다른 그룹),이강민의 잡지사,UC1PqFAlePcXy419VNXVOqCA,372000,3,Y,gxZXaC_CcQ4,https://www.youtube.com/watch?v=gxZXaC_CcQ4,부산 경제와 건강검진과 여의도 불꽃축제를 책임지는 '바륨'의 모든 것,86000,8.6만,49:04,2944,2026-10-07,3일 전,N,얼굴 출연,✗
X 제외(얼굴 출연·남의 영상·다른 그룹),이강민의 잡지사,UC1PqFAlePcXy419VNXVOqCA,372000,4,Y,Zeo7BAdzAxA,https://www.youtube.com/watch?v=Zeo7BAdzAxA,창경원 동물들은 왜 독살당해야 했을까?🐘 40년 전까지 유원지였던 창경궁의 역사,170000,17만,40:59,2459,2026-10-06,4일 전,Y,얼굴 출연,✗
X 제외(얼굴 출연·남의 영상·다른 그룹),이강민의 잡지사,UC1PqFAlePcXy419VNXVOqCA,372000,5,Y,2XpCLK6vCuU,https://www.youtube.com/watch?v=2XpCLK6vCuU,포르투갈은 어떻게 거대한 브라질을 손에 넣었나?🇧🇷 브라질의 역사 1시간,250000,25만,59:16,3556,2026-10-05,5일 전,Y,얼굴 출연,✗
X 제외(얼굴 출연·남의 영상·다른 그룹),이강민의 잡지사,UC1PqFAlePcXy419VNXVOqCA,372000,6,Y,SZm5g_-NwBo,https://www.youtube.com/watch?v=SZm5g_-NwBo,"로마 황제까지 포로로 잡은 페르시아, 사산 왕조는 얼마나 강했을까?",170000,17만,33:15,1995,2026-10-02,8일 전,Y,얼굴 출연,✗
X 제외(얼굴 출연·남의 영상·다른 그룹),이강민의 잡지사,UC1PqFAlePcXy419VNXVOqCA,372000,7,Y,b9svOsCcalY,https://www.youtube.com/watch?v=b9svOsCcalY,빙하를 수천 미터 뚫고 들어가면 뭐가 나올까?,190000,19만,41:31,2491,2026-10-01,9일 전,Y,얼굴 출연,✗
X 제외(얼굴 출연·남의 영상·다른 그룹),이강민의 잡지사,UC1PqFAlePcXy419VNXVOqCA,372000,8,Y,dfKwWEia_eA,https://www.youtube.com/watch?v=dfKwWEia_eA,물고기인데 새끼를 낳는 상어?🦈 상어의 ‘간덩이’가 부은 이유,210000,21만,1:00:29,3629,2026-09-30,10일 전,Y,얼굴 출연,✗
X 제외(얼굴 출연·남의 영상·다른 그룹),이강민의 잡지사,UC1PqFAlePcXy419VNXVOqCA,372000,9,Y,6s7jPiZgTso,https://www.youtube.com/watch?v=6s7jPiZgTso,"임금의 대가 끊긴 조선, ‘서자의 서자’ 철종은 어떻게 왕이 됐을까?",430000,43만,42:12,2532,2026-09-29,11일 전,Y,얼굴 출연,✗
X 제외(얼굴 출연·남의 영상·다른 그룹),이강민의 잡지사,UC1PqFAlePcXy419VNXVOqCA,372000,10,Y,YtfhsijCO_k,https://www.youtube.com/watch?v=YtfhsijCO_k,"사마천 '사기' 속 다섯 자객, 섭정이 가장 완벽한 이유 (썬킴의 자객열전 2부)",380000,38만,45:47,2747,2026-09-28,12일 전,Y,얼굴 출연,✗
X 제외(얼굴 출연·남의 영상·다른 그룹),이강민의 잡지사,UC1PqFAlePcXy419VNXVOqCA,372000,11,Y,y9KHde1dZpA,https://www.youtube.com/watch?v=y9KHde1dZpA,"돈키호테부터 수호지까지, 5시간 고전 읽기 (선영 & 성원의 고전의 향기🍂)",160000,16만,5:10:34,18634,2026-09-26,2주 전,Y,얼굴 출연,✗
X 제외(얼굴 출연·남의 영상·다른 그룹),이강민의 잡지사,UC1PqFAlePcXy419VNXVOqCA,372000,12,Y,IdZ6aaKbQbU,https://www.youtube.com/watch?v=IdZ6aaKbQbU,추석 연휴 5시간에 끝내는 동남아 7개국 역사 여행 ✈️,95000,9.5만,4:56:41,17801,2026-09-26,2주 전,N,얼굴 출연,✗
X 제외(얼굴 출연·남의 영상·다른 그룹),이강민의 잡지사,UC1PqFAlePcXy419VNXVOqCA,372000,13,Y,u1Ra_P34PSI,https://www.youtube.com/watch?v=u1Ra_P34PSI,"리즈 시절에 벼락같이 망한 백제 멸망의 비밀 (떠내려온 거인 시체, 핏빛으로 물든 백마강, 백제가 삼국통일 했다면? 의자왕 총평)",320000,32만,43:02,2582,2026-09-26,2주 전,Y,얼굴 출연,✗
X 제외(얼굴 출연·남의 영상·다른 그룹),이강민의 잡지사,UC1PqFAlePcXy419VNXVOqCA,372000,14,Y,YpUpetpWRmg,https://www.youtube.com/watch?v=YpUpetpWRmg,"40분 동안 무령왕릉 미스터리 얘기만 해봄(무덤에서 발견된 어금니, 발굴하다가 저주받은 썰, 최악의 졸속발굴, 무덤을 지킨 돌짐승, 왕릉의 신분증)",250000,25만,41:25,2485,2026-09-26,2주 전,Y,얼굴 출연,✗
X 제외(얼굴 출연·남의 영상·다른 그룹),이강민의 잡지사,UC1PqFAlePcXy419VNXVOqCA,372000,15,Y,CXUIkdWmx1c,https://www.youtube.com/watch?v=CXUIkdWmx1c,"완벽했던 계획, 형가는 왜 진시황 암살에 실패했을까? (썬킴의 자객열전 1부)",310000,31만,51:45,3105,2026-09-26,2주 전,Y,얼굴 출연,✗
X 제외(얼굴 출연·남의 영상·다른 그룹),이강민의 잡지사,UC1PqFAlePcXy419VNXVOqCA,372000,16,Y,JE0zNc8oCB8,https://www.youtube.com/watch?v=JE0zNc8oCB8,"키루스 대왕이 세우고 알렉산더 대왕이 무너뜨린, 아케메네스 왕조 200년 역사",260000,26만,39:04,2344,2026-09-19,3주 전,Y,얼굴 출연,✗
X 제외(얼굴 출연·남의 영상·다른 그룹),이강민의 잡지사,UC1PqFAlePcXy419VNXVOqCA,372000,17,Y,MNDaBGr9vJg,https://www.youtube.com/watch?v=MNDaBGr9vJg,"태양이 사라진 단 몇 분, 과학자들은 무엇을 봤을까?🌑 개기일식의 과학",170000,17만,51:09,3069,2026-09-19,3주 전,Y,얼굴 출연,✗
X 제외(얼굴 출연·남의 영상·다른 그룹),역사를 보다,UCWzTOKxY6zLP0ah1E_89SZg,137000,1,N,oPwcYEDx9vs,https://www.youtube.com/watch?v=oPwcYEDx9vs,역사를 보다의 일본사를 맡고 계신 나행주 교수님 몰아보기 4시간!/ 교수님의 호흡으로 말아주는 밀도 높은 일본사 이야기,825,825,4:15:57,15357,2026-10-10,1시간 전,N,얼굴 출연,✗
X 제외(얼굴 출연·남의 영상·다른 그룹),역사를 보다,UCWzTOKxY6zLP0ah1E_89SZg,137000,2,N,tZ3WKYTL0IA,https://www.youtube.com/watch?v=tZ3WKYTL0IA,"성경 속 대홍수, 실제로 일어났을까...? (노아의 방주의 흔적?)",36000,3.6만,12:56,776,2026-10-09,1일 전,N,얼굴 출연,✗
X 제외(얼굴 출연·남의 영상·다른 그룹),역사를 보다,UCWzTOKxY6zLP0ah1E_89SZg,137000,3,Y,LlOxlWTdqXA,https://www.youtube.com/watch?v=LlOxlWTdqXA,일본 명문가 3대를 죽음으로 몰고 간 저주 받은 명검...? (피를 부르는 검...),48000,4.8만,13:56,836,2026-10-08,2일 전,N,얼굴 출연,✗
X 제외(얼굴 출연·남의 영상·다른 그룹),역사를 보다,UCWzTOKxY6zLP0ah1E_89SZg,137000,4,Y,uP47XyS1gjk,https://www.youtube.com/watch?v=uP47XyS1gjk,기습한 북한군이 오히려 밀리게 만든 한국군의 대응 속도...(연평도 포격 사건),53000,5.3만,18:04,1084,2026-10-07,3일 전,N,얼굴 출연,✗
X 제외(얼굴 출연·남의 영상·다른 그룹),역사를 보다,UCWzTOKxY6zLP0ah1E_89SZg,137000,5,Y,xB6_LZuAnUw,https://www.youtube.com/watch?v=xB6_LZuAnUw,해외에서 조선시대 과거시험을 보고 놀라는 이유...(우리나라만 가능했던 제도...?),210000,21만,10:34,634,2026-10-06,4일 전,Y,얼굴 출연,✗
X 제외(얼굴 출연·남의 영상·다른 그룹),역사를 보다,UCWzTOKxY6zLP0ah1E_89SZg,137000,6,Y,Y8zwQ8bitsM,https://www.youtube.com/watch?v=Y8zwQ8bitsM,곧 찾아올 보다 역사X과학 총회 맛보기/ 역사를 보다&과학을 보다 콜라보 몰아보기 3시간!,450000,45만,3:12:39,11559,2026-10-04,6일 전,Y,얼굴 출연,✗
X 제외(얼굴 출연·남의 영상·다른 그룹),역사를 보다,UCWzTOKxY6zLP0ah1E_89SZg,137000,7,Y,qGgYRULPRC0,https://www.youtube.com/watch?v=qGgYRULPRC0,영화에 차마 담을 수 없는 오디세우스의 막장 최후...(사랑과 전쟁....?),72000,7.2만,9:19,559,2026-10-02,8일 전,N,얼굴 출연,✗
X 제외(얼굴 출연·남의 영상·다른 그룹),역사를 보다,UCWzTOKxY6zLP0ah1E_89SZg,137000,8,Y,NkEPpFYSJGc,https://www.youtube.com/watch?v=NkEPpFYSJGc,같은 역사를 가진 대만과 한국이 일본을 대하는 태도가 완전히 다른 이유...?,140000,14만,9:39,579,2026-09-30,10일 전,Y,얼굴 출연,✗
X 제외(얼굴 출연·남의 영상·다른 그룹),역사를 보다,UCWzTOKxY6zLP0ah1E_89SZg,137000,9,Y,hG9REdvKZKE,https://www.youtube.com/watch?v=hG9REdvKZKE,최초의 축구는 언제부터 했을까...?(월드컵의 시작?),80000,8만,13:54,834,2026-09-26,2주 전,N,얼굴 출연,✗
X 제외(얼굴 출연·남의 영상·다른 그룹),역사를 보다,UCWzTOKxY6zLP0ah1E_89SZg,137000,10,Y,JS5sXpdTbCA,https://www.youtube.com/watch?v=JS5sXpdTbCA,추석 기념 역사를 보다 한국사 몰아보기 12시간 고봉밥!!/ 단군신화부터 조선시대까지 꽉 찬 구성,140000,14만,12:19:04,44344,2026-09-26,2주 전,Y,얼굴 출연,✗
X 제외(얼굴 출연·남의 영상·다른 그룹),역사를 보다,UCWzTOKxY6zLP0ah1E_89SZg,137000,11,Y,T5Al680RPjI,https://www.youtube.com/watch?v=T5Al680RPjI,여행자들의 낭만인 시베리아 횡단 열차 뒤에 숨겨진 진짜 현실...,380000,38만,8:24,504,2026-09-26,2주 전,Y,얼굴 출연,✗
X 제외(얼굴 출연·남의 영상·다른 그룹),역사를 보다,UCWzTOKxY6zLP0ah1E_89SZg,137000,12,Y,kMLNdRkK5lM,https://www.youtube.com/watch?v=kMLNdRkK5lM,최고의 신인 제우스가 아내인 헤라에게 쩔쩔 매는 이유...,120000,12만,17:46,1066,2026-09-26,2주 전,Y,얼굴 출연,✗
X 제외(얼굴 출연·남의 영상·다른 그룹),역사를 보다,UCWzTOKxY6zLP0ah1E_89SZg,137000,13,Y,KHfB8pg-rKs,https://www.youtube.com/watch?v=KHfB8pg-rKs,압승을 기대했던 북한이 오히려 전멸할 뻔한 이유....(연평해전...),900000,90만,16:39,999,2026-09-19,3주 전,Y,얼굴 출연,✗
X 제외(얼굴 출연·남의 영상·다른 그룹),역사를 보다,UCWzTOKxY6zLP0ah1E_89SZg,137000,14,Y,-Z42NvxkbjE,https://www.youtube.com/watch?v=-Z42NvxkbjE,인간은 어쩌다 따뜻한 남쪽에서 혹한의 환경으로 이주하게 되었을까?,150000,15만,8:20,500,2026-09-19,3주 전,Y,얼굴 출연,✗
X 제외(얼굴 출연·남의 영상·다른 그룹),역사를 보다,UCWzTOKxY6zLP0ah1E_89SZg,137000,15,Y,r-8TzFaTFeA,https://www.youtube.com/watch?v=r-8TzFaTFeA,독일에 최악의 트라우마를 남긴 최초의 세계대전...(유럽의 지도를 바꿨다?),180000,18만,13:59,839,2026-09-19,3주 전,Y,얼굴 출연,✗
X 제외(얼굴 출연·남의 영상·다른 그룹),역사를 보다,UCWzTOKxY6zLP0ah1E_89SZg,137000,16,Y,JDKkFBoYR-k,https://www.youtube.com/watch?v=JDKkFBoYR-k,무덤 속 묻혀있던 역사를 파해치기!/ 역사를 보다 무덤 속 역사 이야기 3시간 몰아보기,170000,17만,3:06:46,11206,2026-09-12,4주 전,Y,얼굴 출연,✗
X 제외(얼굴 출연·남의 영상·다른 그룹),역사를 보다,UCWzTOKxY6zLP0ah1E_89SZg,137000,17,Y,BRixb1UHwMU,https://www.youtube.com/watch?v=BRixb1UHwMU,오디세우스가 2주 걸리는 거리를 10년 동안 헤맨 이유...(얼마나 길치인 건지 감도 안 옴;;),330000,33만,21:01,1261,2026-09-12,4주 전,Y,얼굴 출연,✗
X 제외(얼굴 출연·남의 영상·다른 그룹),크달_크루즈,UCmaI7tjLc9Z2Sva1NRNhydQ,111000,1,N,M4y8KKsvitM,https://www.youtube.com/watch?v=M4y8KKsvitM,미식에 진심인 프리미엄 크루즈를 인천에서!? (feat.올인클루시브혜택 크루즈여행),61000,6.1만,8:02,482,2026-10-04,6일 전,N,자체 제작,✗
X 제외(얼굴 출연·남의 영상·다른 그룹),크달_크루즈,UCmaI7tjLc9Z2Sva1NRNhydQ,111000,2,N,of2sQeZUf_I,https://www.youtube.com/watch?v=of2sQeZUf_I,크루즈 앞으로는 한국에서 타세요 ,63000,6.3만,6:43,403,2026-09-26,2주 전,N,자체 제작,✗
X 제외(얼굴 출연·남의 영상·다른 그룹),크달_크루즈,UCmaI7tjLc9Z2Sva1NRNhydQ,111000,3,Y,lmesq5P0kfU,https://www.youtube.com/watch?v=lmesq5P0kfU,세계일주 크루즈 여행 이젠 꿈꾸지만 마세요.! (feat.크달구독자 특가),68000,6.8만,8:16,496,2026-09-26,2주 전,N,자체 제작,✗
X 제외(얼굴 출연·남의 영상·다른 그룹),크달_크루즈,UCmaI7tjLc9Z2Sva1NRNhydQ,111000,4,Y,ymkFFptX1bI,https://www.youtube.com/watch?v=ymkFFptX1bI,크루즈여행 인솔자케어 받으며 타세요 (크달 구독자 특가),56000,5.6만,8:07,487,2026-09-19,3주 전,N,자체 제작,✗
X 제외(얼굴 출연·남의 영상·다른 그룹),크달_크루즈,UCmaI7tjLc9Z2Sva1NRNhydQ,111000,5,Y,AZzka5s87Kw,https://www.youtube.com/watch?v=AZzka5s87Kw,인천에서 크루즈 여행 하세요 (구독자 선상크레딧 혜택),180000,18만,8:25,505,2026-09-10,1개월 전,Y,자체 제작,✗
X 제외(얼굴 출연·남의 영상·다른 그룹),크달_크루즈,UCmaI7tjLc9Z2Sva1NRNhydQ,111000,6,Y,-5xZqGa7SKo,https://www.youtube.com/watch?v=-5xZqGa7SKo,'365미터' 세계에서 가장 큰 크루즈 타면 벌어지는 일  ,590000,59만,17:18,1038,2026-09-10,1개월 전,Y,자체 제작,✗
X 제외(얼굴 출연·남의 영상·다른 그룹),크달_크루즈,UCmaI7tjLc9Z2Sva1NRNhydQ,111000,7,Y,RSF3pkMkQwk,https://www.youtube.com/watch?v=RSF3pkMkQwk,인당 100만원으로 크루즈 여행 하세요 (9월 구독자 크레딧 혜택 연장),520000,52만,8:06,486,2026-09-10,1개월 전,Y,자체 제작,✗
X 제외(얼굴 출연·남의 영상·다른 그룹),크달_크루즈,UCmaI7tjLc9Z2Sva1NRNhydQ,111000,8,Y,XfwOmxhzouE,https://www.youtube.com/watch?v=XfwOmxhzouE,인천 가을 크루즈 타세요 (구독자 선상크레딧 증정),53000,5.3만,8:43,523,2026-08-11,2개월 전,N,자체 제작,✗
X 제외(얼굴 출연·남의 영상·다른 그룹),크달_크루즈,UCmaI7tjLc9Z2Sva1NRNhydQ,111000,9,Y,qJloGBt515M,https://www.youtube.com/watch?v=qJloGBt515M,한국에선 이 크루즈 타세요,180000,18만,8:06,486,2026-08-11,2개월 전,Y,자체 제작,✗
X 제외(얼굴 출연·남의 영상·다른 그룹),크달_크루즈,UCmaI7tjLc9Z2Sva1NRNhydQ,111000,10,Y,oemnO6gdstk,https://www.youtube.com/watch?v=oemnO6gdstk,인천 출발해서 일본 8개도시를 한번에 도는 크루즈 여행 (+구독자혜택까지),220000,22만,8:02,482,2026-08-11,2개월 전,Y,자체 제작,✗
X 제외(얼굴 출연·남의 영상·다른 그룹),크달_크루즈,UCmaI7tjLc9Z2Sva1NRNhydQ,111000,11,Y,b7OjyKB01bY,https://www.youtube.com/watch?v=b7OjyKB01bY,여름휴가 크루즈 여행은 이겁니다.(10만 감사 이벤까지) ,41000,4.1만,5:34,334,2026-07-11,3개월 전,N,자체 제작,✗
X 제외(얼굴 출연·남의 영상·다른 그룹),크달_크루즈,UCmaI7tjLc9Z2Sva1NRNhydQ,111000,12,Y,0nQeB0MUjUk,https://www.youtube.com/watch?v=0nQeB0MUjUk,한국 왕복 크루즈여행 이번엔 발코니룸 스위트룸으로 (4개항차 한정객실 추천),53000,5.3만,5:11,311,2026-07-11,3개월 전,N,자체 제작,✗
X 제외(얼굴 출연·남의 영상·다른 그룹),크달_크루즈,UCmaI7tjLc9Z2Sva1NRNhydQ,111000,13,Y,cboELn7YoY8,https://www.youtube.com/watch?v=cboELn7YoY8,한국출발 크루즈 단돈35만원으로 오션뷰 발코니를 구독자 특가 이벤~,64000,6.4만,7:42,462,2026-06-11,4개월 전,N,자체 제작,✗
X 제외(얼굴 출연·남의 영상·다른 그룹),크달_크루즈,UCmaI7tjLc9Z2Sva1NRNhydQ,111000,14,Y,35Gb2e-KhGw,https://www.youtube.com/watch?v=35Gb2e-KhGw,"17만톤 초대형크루즈를 17만원으로~ (한국출발,한국왕복일정)",240000,24만,6:02,362,2026-06-11,4개월 전,Y,자체 제작,✗
X 제외(얼굴 출연·남의 영상·다른 그룹),크달_크루즈,UCmaI7tjLc9Z2Sva1NRNhydQ,111000,15,Y,c4LptvZxixk,https://www.youtube.com/watch?v=c4LptvZxixk,추석연휴 크루즈 구독자분들 위해 준비했습니다.,41000,4.1만,8:02,482,2026-06-11,4개월 전,N,자체 제작,✗
X 제외(얼굴 출연·남의 영상·다른 그룹),크달_크루즈,UCmaI7tjLc9Z2Sva1NRNhydQ,111000,16,Y,LC6yjkk7wRc,https://www.youtube.com/watch?v=LC6yjkk7wRc,한국출발 크루즈 이번엔 발코니로 타세요~,100000,10만,8:22,502,2026-05-11,5개월 전,Y,자체 제작,✗
X 제외(얼굴 출연·남의 영상·다른 그룹),크달_크루즈,UCmaI7tjLc9Z2Sva1NRNhydQ,111000,17,Y,SiEP6kkkP9E,https://www.youtube.com/watch?v=SiEP6kkkP9E,인천에서 크루즈 타고 6박7일 식사포함 100만원대로 한번에 끝내세요. ,260000,26만,8:48,528,2026-05-11,5개월 전,Y,자체 제작,✗
